timestamp_ms,equity,inventory,cash,mid
1786636440652,100000.0,0.0,100000.0,63574.5
1786636443404,100000.0,0.0,100000.0,63584.5
1786636448858,100000.0,0.0,100000.0,63584.5
1786636454309,100000.0,0.0,100000.0,63584.5
1786636459745,100000.0,0.0,100000.0,63584.5
1786636465262,100000.0,0.0,100000.0,63584.5
1786636470702,100000.0,0.0,100000.0,63584.5
1786636476161,100000.0,0.0,100000.0,63593.5
1786636481447,100000.0,0.0,100000.0,63596.5
1786636486469,100000.0,0.0,100000.0,63596.5
1786636491892,100000.0,0.0,100000.0,63596.5
1786636497322,100000.0,0.0,100000.0,63597.5
1786636502755,100000.0,0.0,100000.0,63580.5
1786636507794,100000.0,0.0,100000.0,63574.5
1786636512871,100000.0,0.0,100000.0,63574.5
1786636517949,100000.0,0.0,100000.0,63589.5
1786636523390,99999.81960700217,-0.01,100635.90460700217,63608.5
1786636528761,99999.81961848967,-0.01,100635.90461848967,63608.5
1786636534109,99999.919631996,-0.01,100635.904631996,63598.5
1786636539519,99999.91964328033,-0.01,100635.90464328033,63598.5
1786636544546,99999.92965473027,-0.01,100635.90465473027,63597.5
1786636549932,99999.91966584377,-0.01,100635.90466584377,63598.5
1786636555351,99999.91967714096,-0.01,100635.90467714096,63598.5
1786636560754,99999.91968858233,-0.01,100635.90468858233,63598.5
1786636566142,99999.9097021449,-0.01,100635.9047021449,63599.5
1786636571469,99999.769713371,-0.01,100635.904713371,63613.5
1786636576846,99999.76972463599,-0.01,100635.90472463598,63613.5
1786636582285,99999.93973789728,-0.01,100635.90473789728,63596.5
1786636587665,99999.93474910916,-0.01,100635.90474910916,63597.0
1786636593082,99999.98976017583,-0.01,100635.90476017582,63591.5
1786636598412,99999.98977358399,-0.01,100635.90477358398,63591.5
1786636603856,99999.99978489359,-0.01,100635.90478489359,63590.5
1786636609273,100000.14979621206,-0.01,100635.90479621207,63575.5
1786636614712,100000.14980956209,-0.01,100635.9048095621,63575.5
1786636620033,100000.09982084554,-0.01,100635.90482084554,63580.5
1786636625433,100000.48862122497,-0.00861,100547.52927622497,63535.5
1786636630922,100000.4628027591,-0.00861,100547.5292877591,63538.5
1786636636359,100000.38532277844,-0.00861,100547.52929777844,63547.5
1786636641327,100000.33367234048,-0.00861,100547.52930734048,63553.5
1786636646702,100000.37673209506,-0.00861,100547.52931709506,63548.5
1786636652182,100000.46284212664,-0.00861,100547.52932712664,63538.5
1786636657593,100000.58339348121,-0.00861,100547.52933848121,63524.5
1786636662984,100000.54035318054,-0.00861,100547.52934818054,63529.5
1786636668322,100000.54897276228,-0.00861,100547.52935776228,63528.5
1786636673637,100000.77284243796,-0.00861,100547.52936743796,63502.5
1786636678987,100000.8933942868,-0.00861,100547.5293792868,63488.5
1786636683991,100000.91923202132,-0.00861,100547.52938702132,63485.5
1786636689427,100000.95368372469,-0.00861,100547.52939872468,63481.5
1786636694798,100000.91064325668,-0.00861,100547.52940825668,63486.5
1786636700189,100000.8848229496,-0.00861,100547.52941794961,63489.5
1786636705562,100001.1775745721,-0.00861,100547.5294295721,63455.5
1786636711100,100001.17758443792,-0.00861,100547.52943943792,63455.5
1786636716445,100001.22064394013,-0.00861,100547.52944894013,63450.5
1786636721726,100001.22065374191,-0.00861,100547.5294587419,63450.5
1786636727275,100001.2206657486,-0.00861,100547.52947074859,63450.5
1786636732438,100001.16901564065,-0.00861,100547.52948064066,63456.5
1786636737768,100001.1690253781,-0.00861,100547.5294903781,63456.5
1786636743153,100001.22069521209,-0.00861,100547.52950021208,63450.5
1786636748189,100001.22931481214,-0.00861,100547.52950981214,63449.5
1786636753593,100001.2637643262,-0.00861,100547.5295193262,63445.5
1786636758956,100001.26377600132,-0.00861,100547.52953100132,63445.5
1786636764271,100001.26378579426,-0.00861,100547.52954079426,63445.5
1786636769752,100001.31545552459,-0.00861,100547.52955052459,63439.5
1786636775272,100001.52210709968,-0.00861,100547.52956209968,63415.5
1786636780707,100001.50489681006,-0.00861,100547.52957181005,63417.5
1786636786003,100001.47046636947,-0.00861,100547.52958136947,63421.5
1786636791422,100001.59962613399,-0.00861,100547.52959113399,63406.5
1786636796792,100001.65129770628,-0.00861,100547.52960270629,63400.5
1786636802218,100001.69435743532,-0.00861,100547.52961243532,63395.5
1786636807573,100001.8149069136,-0.00861,100547.52962191359,63381.5
1786636812718,100001.73742661145,-0.00861,100547.52963161145,63390.5
1786636818076,100001.65994637013,-0.00861,100547.52964137013,63399.5
1786636823504,100001.78910438693,-0.00861,100547.52964938692,63384.5
1786636828859,100001.82355082776,-0.00861,100547.52965582776,63380.5
1786636834243,100001.65996780574,-0.00861,100547.52966280574,63399.5
1786636839586,100001.61692543888,-0.00861,100547.52967043887,63404.5
1786636845029,100001.61693431035,-0.00861,100547.52967931035,63404.5
1786636850443,100001.59972347615,-0.00861,100547.52968847615,63406.5
1786636855832,100001.58012573092,-0.01097,100697.17137073092,63408.5
1786636861271,100001.44301506596,-0.01097,100697.17138506596,63421.0
1786636866632,100001.31687219914,-0.01097,100697.17139719914,63432.5
1786636871955,100001.32644338299,-0.0009700000000000004,100062.84626838299,63422.5
1786636877346,100001.32644446903,-0.0009700000000000004,100062.84626946902,63422.5
1786636882707,100001.32256577148,-0.0009700000000000004,100062.84627077148,63426.5
1786636888093,100001.32450686436,-0.0009700000000000004,100062.84627186436,63424.5
1786636893508,100001.3245079369,-0.0009700000000000004,100062.84627293689,63424.5
1786636898848,100001.31577903594,-0.0009700000000000004,100062.84627403594,63433.5
1786636904251,100001.31578035653,-0.0009700000000000004,100062.84627535653,63433.5
1786636909653,100001.31578144334,-0.0009700000000000004,100062.84627644334,63433.5
1786636915006,100001.33324253613,-0.0009700000000000004,100062.84627753613,63415.5
1786636920397,100001.33906363844,-0.0009700000000000004,100062.84627863845,63409.5
1786636925906,100001.35749495574,-0.0009700000000000004,100062.84627995573,63390.5
1786636931268,100001.36719605823,-0.0009700000000000004,100062.84628105823,63380.5
1786636936873,100001.23265098913,0.00903,99429.05121598912,63364.5
1786636942255,100001.47644863947,0.00903,99429.05120363946,63391.5
1786636947642,100001.54867838434,0.00903,99429.05119338434,63399.5
1786636953016,100001.62090784362,0.00903,99429.05118284363,63407.5
1786636958429,100001.6208977089,0.00903,99429.0511727089,63407.5
1786636963939,100001.66603721549,0.00903,99429.05116221549,63412.5
1786636969318,100001.71117473024,0.00903,99429.05114973024,63417.5
1786636974674,100001.71116472073,0.00903,99429.05113972073,63417.5
1786636980104,100001.71115472118,0.00903,99429.05112972118,63417.5
1786636985339,100001.87368449656,0.00903,99429.05111949657,63435.5
1786636990840,100001.92785228169,0.00903,99429.05110728169,63441.5
1786636996382,100001.87366194,0.00903,99429.05109694,63435.5
1786637001695,100001.87365178397,0.00903,99429.05108678398,63435.5
1786637007030,100001.93685133969,0.00903,99429.05107633969,63442.5
1786637012493,100001.95489914357,0.00903,99429.05106414357,63444.5
1786637017854,100001.9548889008,0.00903,99429.0510539008,63444.5
1786637023204,100002.01808866748,0.00903,99429.05104366748,63451.5
1786637028582,100002.06322852126,0.00903,99429.05103352126,63456.5
1786637033643,100002.06321835272,0.00903,99429.05102335272,63456.5
1786637038667,100002.08126803652,0.00903,99429.05101303651,63458.5
1786637043927,100002.04965266059,0.00903,99429.05100266059,63455.0
1786637049331,100002.00900548986,0.00903,99429.05099048986,63450.5
1786637054767,100002.00899505721,0.00903,99429.05098005722,63450.5
1786637060133,100002.00898445142,0.00903,99429.05096945142,63450.5
1786637065506,100002.00897441289,0.00903,99429.0509594129,63450.5
1786637070979,100001.98187244603,0.00903,99429.05094744604,63447.5
1786637076172,100001.9818621176,0.00903,99429.0509371176,63447.5
1786637081557,100001.96379191309,0.00903,99429.05092691309,63445.5
1786637086884,100001.91863182813,0.00903,99429.05091682813,63440.5
1786637092201,100001.846381744,0.00903,99429.050906744,63432.5
1786637097226,100001.88249153705,0.00903,99429.05089653705,63436.5
1786637102619,100001.90053934793,0.00903,99429.05088434793,63438.5
1786637108036,100001.86440891106,0.00903,99429.05087391107,63434.5
1786637113413,100001.80118891486,0.00903,99429.05086391486,63427.5
1786637118815,100001.87341892089,0.00903,99429.0508539209,63435.5
1786637124203,100001.87340685126,0.00903,99429.05084185126,63435.5
1786637129567,100001.87339639966,0.00903,99429.05083139967,63435.5
1786637134878,100001.84629622863,0.00903,99429.05082122862,63432.5
1786637140339,100001.82822570943,0.00903,99429.05081070942,63430.5
1786637145725,100001.89142371393,0.00903,99429.05079871393,63437.5
1786637151148,100002.04492343677,0.00903,99429.05078843677,63454.5
1786637156556,100002.12618330878,0.00903,99429.05077830878,63463.5
1786637161953,100002.16229291029,0.00903,99429.05076791029,63467.5
1786637167323,100002.19840088658,0.00903,99429.05075588658,63471.5
1786637172826,100002.22548060022,0.00903,99429.05074560022,63474.5
1786637178329,100002.3338305595,0.00903,99429.05073555949,63486.5
1786637183768,100002.10806816592,0.00903,99429.05072316593,63461.5
1786637189144,100002.10805785315,0.00903,99429.05071285316,63461.5
1786637194180,100002.02677736647,0.00903,99429.05070236647,63452.5
1786637199661,100002.0267674248,0.00903,99429.0506924248,63452.5
1786637205046,100001.9364570391,0.00903,99429.0506820391,63442.5
1786637210447,100001.90935500039,0.00903,99429.05067000039,63439.5
1786637215823,100001.91837487304,0.00903,99429.05065987304,63440.5
1786637221201,100001.87321478447,0.00903,99429.05064978448,63435.5
1786637226668,100001.70163259575,0.00903,99429.05063759575,63416.5
1786637231982,100001.86416245787,0.00903,99429.05062745788,63434.5
1786637237496,100001.9002721898,0.00903,99429.0506171898,63438.5
1786637242529,100001.90026190174,0.00903,99429.05060690174,63438.5
1786637247960,100001.90025194273,0.00903,99429.05059694273,63438.5
1786637252984,100001.76479180064,0.00903,99429.05058680064,63423.5
1786637258411,100001.66544952166,0.00903,99429.05057452167,63412.5
1786637263673,100001.64737938243,0.00903,99429.05056438243,63410.5
1786637269065,100001.66542918909,0.00903,99429.05055418909,63412.5
1786637274511,100001.68347906321,0.00903,99429.05054406321,63414.5
1786637279873,100001.6654069144,0.00903,99429.0505319144,63412.5
1786637285161,100001.48479685788,0.00903,99429.05052185788,63392.5
1786637290484,100001.4306067069,0.00903,99429.0505117069,63386.5
1786637295821,100001.51186666424,0.00903,99429.05050166424,63395.5
1786637301270,100001.52088417333,0.00903,99429.05048917333,63396.5
1786637306827,100001.59311398963,0.00903,99429.05047898962,63404.5
1786637312198,100001.64728395674,0.00903,99429.05046895675,63410.5
1786637317557,100001.59309168579,0.00903,99429.05045668579,63404.5
1786637323071,100001.63823149698,0.00903,99429.05044649699,63409.5
1786637328563,100001.77367154667,0.00903,99429.05043654668,63424.5
1786637333934,100001.7826891919,0.00903,99429.0504241919,63425.5
1786637339339,100002.06712351133,0.00903,99429.05041351133,63457.0
1786637344717,100002.15289809828,0.00903,99429.05040309828,63466.5
1786637350082,100002.08064782318,0.00903,99429.05039282318,63458.5
1786637355481,100002.09869785467,0.00903,99429.05038285466,63460.5
1786637360808,100002.09868572644,0.00903,99429.05037072643,63460.5
1786637366134,100002.1528555906,0.00903,99429.0503605906,63466.5
1786637371509,100001.98127515968,0.00903,99429.05035015968,63447.5
1786637376943,100002.035445043,0.00903,99429.050340043,63453.5
1786637382424,100001.89998284845,0.00903,99429.05032784845,63438.5
1786637387713,100001.84579256091,0.00903,99429.0503175609,63432.5
1786637392798,100001.84578234004,0.00903,99429.05030734003,63432.5
1786637397824,100001.84577219708,0.00903,99429.05029719707,63432.5
1786637403229,100001.78255205062,0.00903,99429.05028705062,63425.5
1786637408666,100001.7825417116,0.00903,99429.0502767116,63425.5
1786637414029,100001.66514141095,0.00903,99429.05026641095,63412.5
1786637419494,100001.67867413643,0.00903,99429.05025413644,63414.0
1786637424799,100001.67414896228,0.00903,99429.05024396228,63413.5
1786637430154,100001.65607897547,0.00903,99429.05023397547,63411.5
1786637435191,100001.64750787769,-0.0009700000000000004,100063.17509287769,63430.5
1786637440620,100001.64750895555,-0.0009700000000000004,100063.17509395555,63430.5
1786637446050,100001.64751025684,-0.0009700000000000004,100063.17509525684,63430.5
1786637451421,100001.64072135279,-0.0009700000000000004,100063.17509635279,63437.5
1786637456786,100001.63878241737,-0.0009700000000000004,100063.17509741738,63439.5
1786637462144,100001.63005374423,-0.0009700000000000004,100063.17509874424,63448.5
1786637467499,100001.63102483547,-0.0009700000000000004,100063.17509983547,63447.5
1786637473065,100001.62326592288,-0.0009700000000000004,100063.17510092289,63455.5
1786637478110,100001.62326699801,-0.0009700000000000004,100063.17510199801,63455.5
1786637483490,100001.61259810615,-0.0009700000000000004,100063.17510310614,63466.5
1786637488548,100001.63393925563,-0.0009700000000000004,100063.17510425563,63444.5
1786637493924,100001.63394053097,-0.0009700000000000004,100063.17510553097,63444.5
1786637499311,100001.63394162199,-0.0009700000000000004,100063.17510662199,63444.5
1786637504680,100001.63394270894,-0.0009700000000000004,100063.17510770894,63444.5
1786637510060,100001.6339437897,-0.0009700000000000004,100063.1751087897,63444.5
1786637515446,100001.63103507612,-0.0009700000000000004,100063.17511007612,63447.5
1786637520822,100001.62909614688,-0.0009700000000000004,100063.17511114688,63449.5
1786637526198,100001.62909724179,-0.0009700000000000004,100063.17511224179,63449.5
1786637531575,100001.6290985522,-0.0009700000000000004,100063.1751135522,63449.5
1786637536915,100001.62909964306,-0.0009700000000000004,100063.17511464306,63449.5
1786637542295,100001.62910074394,-0.0009700000000000004,100063.17511574394,63449.5
1786637547635,100001.62910183736,-0.0009700000000000004,100063.17511683736,63449.5
1786637552994,100001.62910313858,-0.0009700000000000004,100063.17511813858,63449.5
1786637558378,100001.62910429403,-0.0009700000000000004,100063.17511929403,63449.5
1786637563755,100001.64074536836,-0.0009700000000000004,100063.17512036837,63437.5
1786637569163,100001.64074663888,-0.0009700000000000004,100063.17512163888,63437.5
1786637574459,100001.62910771581,-0.0009700000000000004,100063.17512271581,63449.5
1786637579854,100001.62910881337,-0.0009700000000000004,100063.17512381337,63449.5
1786637585415,100001.63492991946,-0.0009700000000000004,100063.17512491945,63443.5
1786637590830,100001.63881123686,-0.0009700000000000004,100063.17512623686,63439.5
1786637596193,100001.64463232053,-0.0009700000000000004,100063.17512732053,63433.5
1786637601648,100001.64560342245,-0.0009700000000000004,100063.17512842246,63432.5
1786637607162,100001.64560474597,-0.0009700000000000004,100063.17512974597,63432.5
1786637612617,100001.6465758173,-0.0009700000000000004,100063.1751308173,63431.5
1786637617935,100001.64754689735,-0.0009700000000000004,100063.17513189735,63430.5
1786637623233,100001.64754798723,-0.0009700000000000004,100063.17513298723,63430.5
1786637628610,100001.65239930441,-0.0009700000000000004,100063.17513430442,63425.5
1786637634108,100001.65240038821,-0.0009700000000000004,100063.17513538821,63425.5
1786637639513,100001.63494149425,-0.0009700000000000004,100063.17513649425,63443.5
1786637644965,100001.63785278989,-0.0009700000000000004,100063.17513778989,63440.5
1786637650407,100001.6378538911,-0.0009700000000000004,100063.17513889109,63440.5
1786637655843,100001.63785499359,-0.0009700000000000004,100063.17513999359,63440.5
1786637661357,100001.63785634063,-0.0009700000000000004,100063.17514134063,63440.5
1786637666726,100001.63591744036,-0.0009700000000000004,100063.17514244036,63442.5
1786637672161,100001.63397854115,-0.0009700000000000004,100063.17514354116,63444.5
1786637677551,100001.63397964515,-0.0009700000000000004,100063.17514464515,63444.5
1786637683008,100001.63495076608,-0.0009700000000000004,100063.17514576607,63443.5
1786637688380,100001.63301207274,-0.0009700000000000004,100063.17514707273,63445.5
1786637693728,100001.6301031789,-0.0009700000000000004,100063.17514817891,63448.5
1786637699146,100001.6301042665,-0.0009700000000000004,100063.1751492665,63448.5
1786637704598,100001.63010536435,-0.0009700000000000004,100063.17515036436,63448.5
1786637709904,100001.62428667789,-0.0009700000000000004,100063.17515167789,63454.5
1786637715357,100001.6301077632,-0.0009700000000000004,100063.1751527632,63448.5
1786637720716,100001.63786885039,-0.0009700000000000004,100063.17515385039,63440.5
1786637726106,100001.6378701644,-0.0009700000000000004,100063.1751551644,63440.5
1786637731508,100001.63787127139,-0.0009700000000000004,100063.17515627139,63440.5
1786637736914,100001.63787240145,-0.0009700000000000004,100063.17515740145,63440.5
1786637742281,100001.64078347014,-0.0009700000000000004,100063.17515847014,63437.5
1786637747697,100001.64078477476,-0.0009700000000000004,100063.17515977476,63437.5
1786637753143,100001.64078586863,-0.0009700000000000004,100063.17516086863,63437.5
1786637758501,100001.64078693879,-0.0009700000000000004,100063.1751619388,63437.5
1786637763846,100001.64078803436,-0.0009700000000000004,100063.17516303436,63437.5
1786637769224,100001.6407893623,-0.0009700000000000004,100063.1751643623,63437.5
1786637774526,100001.63206045705,-0.0009700000000000004,100063.17516545705,63446.5
1786637779914,100001.6262415483,-0.0009700000000000004,100063.1751665483,63452.5
1786637785273,100001.61411765826,-0.0009700000000000004,100063.17516765826,63465.0
1786637790628,100001.61751397578,-0.0009700000000000004,100063.17516897578,63461.5
1786637796019,100001.63206505125,-0.0009700000000000004,100063.17517005125,63446.5
1786637801382,100001.63206617598,-0.0009700000000000004,100063.17517117599,63446.5
1786637806822,100001.63206725978,-0.0009700000000000004,100063.17517225978,63446.5
1786637812202,100001.63206856951,-0.0009700000000000004,100063.17517356951,63446.5
1786637817568,100001.63109965868,-0.0009700000000000004,100063.17517465868,63447.5
1786637823085,100001.64080075592,-0.0009700000000000004,100063.17517575593,63437.5
1786637828476,100001.63498185667,-0.0009700000000000004,100063.17517685666,63443.5
1786637833865,100001.6349831513,-0.0009700000000000004,100063.1751781513,63443.5
1786637839226,100001.62431424423,-0.0009700000000000004,100063.17517924422,63454.5
1786637844627,100001.62431531893,-0.0009700000000000004,100063.17518031893,63454.5
1786637850092,100001.61946663124,-0.0009700000000000004,100063.17518163123,63459.5
1786637855457,100001.61946771738,-0.0009700000000000004,100063.17518271737,63459.5
1786637860816,100001.61461880225,-0.0009700000000000004,100063.17518380226,63464.5
1786637866203,100001.6146201057,-0.0009700000000000004,100063.1751851057,63464.5
1786637871633,100001.59716120239,-0.0009700000000000004,100063.17518620238,63482.5
1786637877133,100001.59716232399,-0.0009700000000000004,100063.17518732398,63482.5
1786637882397,100001.59716339725,-0.0009700000000000004,100063.17518839725,63482.5
1786637887773,100001.59716469352,-0.0009700000000000004,100063.17518969352,63482.5
1786637893182,100001.60007577999,-0.0009700000000000004,100063.17519077999,63479.5
1786637898541,100001.60007686219,-0.0009700000000000004,100063.17519186219,63479.5
1786637903920,100001.60007815565,-0.0009700000000000004,100063.17519315565,63479.5
1786637909293,100001.59619924084,-0.0009700000000000004,100063.17519424084,63483.5
1786637914689,100001.49627058723,-0.01097,100698.01996558723,63493.5
1786637920201,100001.4962856121,-0.01097,100698.0199806121,63493.5
1786637925556,100001.49629780908,-0.01097,100698.01999280907,63493.5
1786637930898,100001.49631052368,-0.01097,100698.02000552368,63493.5
1786637936320,100001.49632272289,-0.01097,100698.02001772288,63493.5
1786637941495,100001.49633526074,-0.01097,100698.02003026074,63493.5
1786637946866,100001.58410988121,-0.01097,100698.02004488121,63485.5
1786637951923,100001.60606258258,-0.01097,100698.02005758257,63483.5
1786637957282,100001.64995472948,-0.01097,100698.02006972948,63479.5
1786637962591,100001.64996737671,-0.01097,100698.02008237671,63479.5
1786637967998,100001.64997968076,-0.01097,100698.02009468076,63479.5
1786637973459,100001.64999468697,-0.01097,100698.02010968697,63479.5
1786637978826,100001.66097705421,-0.01097,100698.02012205421,63478.5
1786637984328,100001.65001965295,-0.01097,100698.02013465295,63479.5
1786637989730,100001.62809176347,-0.01097,100698.02014676348,63481.5
1786637995085,100001.62810674815,-0.01097,100698.02016174815,63481.5
1786638000453,100001.62811930438,-0.01097,100698.02017430439,63481.5
1786638005821,100001.6281316671,-0.01097,100698.0201866671,63481.5
1786638011216,100001.62814389414,-0.01097,100698.02019889414,63481.5
1786638016686,100001.62815862434,-0.01097,100698.02021362435,63481.5
1786638021877,100001.61720082724,-0.01097,100698.02022582725,63482.5
1786638027180,100001.61721326482,-0.01097,100698.02023826483,63482.5
1786638032791,100001.60625815993,-0.01097,100698.02025315992,63483.5
1786638038180,100002.16574077566,-0.01097,100698.02026577566,63432.5
1786638043642,100002.08896296957,-0.01097,100698.02027796957,63439.5
1786638049031,100001.89151500366,-0.01097,100698.02029000367,63457.5
1786638054470,100001.89152986168,-0.01097,100698.02030486168,63457.5
1786638059904,100001.82572250266,-0.01097,100698.02031750265,63463.5
1786638065298,100001.69409488674,-0.01097,100698.02032988674,63475.5
1786638070668,100001.75992709561,-0.01097,100698.02034209561,63469.5
1786638076172,100001.75994197115,-0.01097,100698.02035697114,63469.5
1786638081497,100001.75995435084,-0.01097,100698.02036935084,63469.5
1786638086868,100001.75996686656,-0.01097,100698.02038186656,63469.5
1786638092434,100001.71610160008,-0.01097,100698.02039660007,63473.5
1786638097762,100001.71611462855,-0.01097,100698.02040962855,63473.5
1786638103220,100001.50769713256,-0.01097,100698.02042213255,63492.5
1786638108659,100001.43092135925,-0.01097,100698.02043635925,63499.5
1786638114057,100001.41996359741,-0.01097,100698.02044859741,63500.5
1786638119258,100001.27736596626,-0.01097,100698.02046096626,63513.5
1786638124624,100001.07739873986,-0.020970000000000003,101333.16519373986,63523.5
1786638130088,100001.28712693954,-0.020970000000000003,101333.16522193955,63513.5
1786638135442,100001.16133037746,-0.020970000000000003,101333.16524537746,63519.5
1786638140784,100001.01456379701,-0.020970000000000003,101333.16526879702,63526.5
1786638146255,100000.99362216021,-0.020970000000000003,101333.16529716022,63527.5
1786638151773,100000.9936456104,-0.020970000000000003,101333.16532061041,63527.5
1786638157211,100000.96221444583,-0.020970000000000003,101333.16534444582,63529.0
1786638162721,100000.93078783527,-0.020970000000000003,101333.16537283527,63530.5
1786638168103,100000.93081107586,-0.020970000000000003,101333.16539607586,63530.5
1786638173503,100000.88889444679,-0.020970000000000003,101333.16541944678,63532.5
1786638178879,100000.88892253868,-0.020970000000000003,101333.16544753867,63532.5
1786638184212,100000.8889460768,-0.020970000000000003,101333.16547107679,63532.5
1786638189606,100000.88896972599,-0.020970000000000003,101333.16549472598,63532.5
1786638194997,100000.7422077075,-0.020970000000000003,101333.16552270751,63539.5
1786638200390,100000.59544098924,-0.020970000000000003,101333.16554598925,63546.5
1786638205772,100000.59546491911,-0.020970000000000003,101333.16556991912,63546.5
1786638211140,100000.5954929453,-0.020970000000000003,101333.1655979453,63546.5
1786638216517,100000.80521601891,-0.020970000000000003,101333.16562101891,63536.5
1786638221965,100000.8891197415,-0.020970000000000003,101333.1656447415,63532.5
1786638227305,100000.88914800227,-0.020970000000000003,101333.16567300227,63532.5
1786638232711,100000.72141154247,-0.020970000000000003,101333.16569654248,63540.5
1786638238096,100000.7214354136,-0.020970000000000003,101333.1657204136,63540.5
1786638243126,100000.59563876774,-0.020970000000000003,101333.16574376775,63546.5
1786638248461,100000.61663268686,-0.020970000000000003,101333.16576768685,63545.5
1786638253791,100000.61665675878,-0.020970000000000003,101333.16579175877,63545.5
1786638258920,100000.67959063563,-0.020970000000000003,101333.16581563563,63542.5
1786638264280,100000.679618371,-0.020970000000000003,101333.165843371,63542.5
1786638269675,100000.67964183398,-0.020970000000000003,101333.16586683398,63542.5
1786638275071,100000.67966577795,-0.020970000000000003,101333.16589077795,63542.5
1786638280429,100000.67968959696,-0.020970000000000003,101333.16591459696,63542.5
1786638285828,100000.74262774797,-0.020970000000000003,101333.16594274798,63539.5
1786638291342,100000.7426519283,-0.020970000000000003,101333.16596692831,63539.5
1786638296561,100000.93140602032,-0.020970000000000003,101333.16599102032,63530.5
1786638301584,100000.93142952777,-0.020970000000000003,101333.16601452777,63530.5
1786638307072,100000.93145265114,-0.020970000000000003,101333.16603765114,63530.5
1786638312536,100001.1411809295,-0.020970000000000003,101333.1660659295,63520.5
1786638317901,100001.14120476296,-0.020970000000000003,101333.16608976296,63520.5
1786638323389,100001.1412284659,-0.020970000000000003,101333.16611346591,63520.5
1786638328621,100001.14125701439,-0.020970000000000003,101333.1661420144,63520.5
1786638334010,100000.98400511694,-0.020970000000000003,101333.16616511694,63528.0
1786638339455,100000.93160357184,-0.020970000000000003,101333.16618857183,63530.5
1786638344856,100000.88968714375,-0.020970000000000003,101333.16621214374,63532.5
1786638350334,100000.88971617175,-0.020970000000000003,101333.16624117174,63532.5
1786638355519,100000.88973949447,-0.020970000000000003,101333.16626449446,63532.5
1786638361013,100000.88976250243,-0.020970000000000003,101333.16628750242,63532.5
1786638366448,100000.88979085528,-0.020970000000000003,101333.16631585527,63532.5
1786638371771,100001.01563475518,-0.020970000000000003,101333.16633975519,63526.5
1786638377233,100001.07856815831,-0.020970000000000003,101333.1663631583,63523.5
1786638382685,100001.14150713521,-0.020970000000000003,101333.16639213522,63520.5
1786638388159,100001.14153035145,-0.020970000000000003,101333.16641535146,63520.5
1786638393590,100001.141553442,-0.020970000000000003,101333.166438442,63520.5
1786638399086,100001.14158178821,-0.020970000000000003,101333.16646678821,63520.5
1786638404373,100001.1416058828,-0.020970000000000003,101333.16649088281,63520.5
1786638409834,100001.14162926954,-0.020970000000000003,101333.16651426954,63520.5
1786638415193,100001.1416574863,-0.020970000000000003,101333.1665424863,63520.5
1786638420638,100001.14168206204,-0.020970000000000003,101333.16656706204,63520.5
1786638425944,100001.30946596232,-0.020970000000000003,101333.16659096231,63512.5
1786638431323,100001.49475153335,-0.010970000000000002,100698.05135653335,63496.5
1786638436694,100001.58252376586,-0.010970000000000002,100698.05136876585,63488.5
1786638442055,100001.58253829529,-0.010970000000000002,100698.05138329529,63488.5
1786638447397,100001.53867078052,-0.010970000000000002,100698.05139578051,63492.5
1786638452910,100001.53868320338,-0.010970000000000002,100698.05140820338,63492.5
1786638458423,100001.49481792194,-0.010970000000000002,100698.05142292194,63496.5
1786638463427,100001.48386052689,-0.010970000000000002,100698.05143552688,63497.5
1786638468555,100001.4838727764,-0.010970000000000002,100698.0514477764,63497.5
1786638473929,100001.84589492441,-0.010970000000000002,100698.0514599244,63464.5
1786638479364,100002.10918730074,-0.010970000000000002,100698.05147230074,63440.5
1786638484508,100002.16404973874,-0.010970000000000002,100698.05148473874,63435.5
1786638489885,100002.1969744587,-0.010970000000000002,100698.0514994587,63432.5
1786638495249,100002.19698679225,-0.010970000000000002,100698.05151179225,63432.5
1786638500512,100002.19699901449,-0.010970000000000002,100698.05152401449,63432.5
1786638505898,100002.22992133084,-0.010970000000000002,100698.05153633084,63429.5
1786638511262,100002.29575355526,-0.010970000000000002,100698.05154855526,63423.5
1786638516684,100002.39449891308,-0.010970000000000002,100698.05156391309,63414.5
1786638522173,100002.49324127448,-0.010970000000000002,100698.05157627448,63405.5
1786638527539,100002.49325359293,-0.010970000000000002,100698.05158859292,63405.5
1786638532859,100002.42744862993,-0.010970000000000002,100698.05160362992,63411.5
1786638538171,100002.41649086769,-0.010970000000000002,100698.05161586769,63412.5
1786638543615,100002.39456322143,-0.010970000000000002,100698.05162822144,63414.5
1786638548984,100002.72367551766,-0.010970000000000002,100698.05164051766,63384.5
1786638554446,100002.822420469,-0.010970000000000002,100698.05165546901,63375.5
1786638559842,100002.8224328013,-0.010970000000000002,100698.05166780131,63375.5
1786638565219,100002.85535506344,-0.010970000000000002,100698.05168006344,63372.5
1786638570600,100003.35998983285,-0.010970000000000002,100698.05169483286,63326.5
1786638575788,100003.66502994421,-0.008715000000000002,100555.2504524442,63291.5
1786638580824,100003.3600130209,-0.008715000000000002,100555.2504605209,63326.5
1786638586182,100003.35130968824,-0.008715000000000002,100555.25047218824,63327.5
1786638591540,100003.34260451826,-0.008715000000000002,100555.25048201825,63328.5
1786638596917,100003.10931267285,-0.018715000000000002,101188.54548517286,63341.5
1786638602259,100002.79118311878,-0.018715000000000002,101188.54551061879,63358.5
1786638607554,100002.7163436285,-0.018715000000000002,101188.5455311285,63362.5
1786638612943,100002.71636471225,-0.018715000000000002,101188.54555221225,63362.5
1786638618321,100002.71638536413,-0.018715000000000002,101188.54557286412,63362.5
1786638623830,100002.45440049439,-0.018715000000000002,101188.5455979944,63376.5
1786638629229,100002.24855657596,-0.018715000000000002,101188.54561907596,63387.5
1786638634233,100002.08014343903,-0.018715000000000002,101188.54564093903,63396.5
1786638639610,100002.00530424474,-0.018715000000000002,101188.54566174473,63400.5
1786638644980,100002.00532604482,-0.018715000000000002,101188.54568354481,63400.5
1786638650367,100002.00535141428,-0.018715000000000002,101188.54570891427,63400.5
1786638655719,100002.00537200316,-0.018715000000000002,101188.54572950315,63400.5
1786638661100,100001.96796366376,-0.018715000000000002,101188.54575116377,63402.5
1786638666466,100002.02412953039,-0.018715000000000002,101188.54577203038,63399.5
1786638671881,100002.1925897168,-0.018715000000000002,101188.5457972168,63390.5
1786638677296,100002.39847635679,-0.018715000000000002,101188.54581885679,63379.5
1786638682682,100002.58564718737,-0.018715000000000002,101188.54583968737,63369.5
1786638688037,100002.71667292439,-0.018715000000000002,101188.54586042439,63362.5
1786638693456,100002.71669807506,-0.018715000000000002,101188.54588557506,63362.5
1786638698780,100002.5482841662,-0.018715000000000002,101188.5459066662,63371.5
1786638704096,100002.02428537553,-0.018715000000000002,101188.54592787553,63399.5
1786638709413,100002.02430614337,-0.018715000000000002,101188.54594864337,63399.5
1786638714735,100002.02433186254,-0.018715000000000002,101188.54597436254,63399.5
1786638720103,100002.19278785313,-0.018715000000000002,101188.54599535312,63390.5
1786638725507,100002.37995920348,-0.018715000000000002,101188.54601670348,63380.5
1786638730900,100002.39869545244,-0.018715000000000002,101188.54603795244,63379.5
1786638736390,100002.39872047519,-0.018715000000000002,101188.54606297519,63379.5
1786638741751,100002.45488690055,-0.018715000000000002,101188.54608440056,63376.5
1786638747189,100002.3987631659,-0.018715000000000002,101188.5461056659,63379.5
1786638752576,100002.43621383762,-0.018715000000000002,101188.54612633762,63377.5
1786638757934,100002.39880906165,-0.018715000000000002,101188.54615156165,63379.5
1786638763431,100002.39883022706,-0.018715000000000002,101188.54617272706,63379.5
1786638768805,100002.2491314509,-0.018715000000000002,101188.5461939509,63387.5
1786638774178,100002.267871294,-0.018715000000000002,101188.546218794,63386.5
1786638779589,100002.26789186448,-0.018715000000000002,101188.54623936448,63386.5
1786638784970,100002.47377762722,-0.018715000000000002,101188.54626012723,63375.5
1786638790344,100002.66095275963,-0.018715000000000002,101188.54628525962,63365.5
1786638795722,100002.6422588634,-0.018715000000000002,101188.5463063634,63366.5
1786638801174,100002.54870467045,-0.018715000000000002,101188.54632717045,63371.5
1786638806629,100002.43643987481,-0.018715000000000002,101188.54635237482,63377.5
1786638812124,100002.4177464138,-0.018715000000000002,101188.5463739138,63378.5
1786638817500,100002.4177671669,-0.018715000000000002,101188.5463946669,63378.5
1786638822865,100002.41778806076,-0.018715000000000002,101188.54641556076,63378.5
1786638828249,100002.21194817874,-0.018715000000000002,101188.54644067874,63389.5
1786638833629,100002.13710898867,-0.018715000000000002,101188.54646148867,63393.5
1786638839022,100002.1371300218,-0.018715000000000002,101188.54648252181,63393.5
1786638844419,100002.13715536146,-0.018715000000000002,101188.54650786147,63393.5
1786638849808,100002.1371767045,-0.018715000000000002,101188.54652920451,63393.5
1786638855123,100002.13719788683,-0.018715000000000002,101188.54655038683,63393.5
1786638860571,100002.14657671658,-0.018715000000000002,101188.54657171658,63393.0
1786638865895,100002.72676305799,-0.018715000000000002,101188.54659305798,63362.0
1786638871275,100002.75486072937,-0.018715000000000002,101188.54661822937,63360.5
1786638876676,100002.6425914237,-0.018715000000000002,101188.5466389237,63366.5
1786638882107,100002.64261632026,-0.018715000000000002,101188.54666382025,63366.5
1786638887509,100002.28705255118,-0.018715000000000002,101188.54668505119,63385.5
1786638893118,100002.28707381418,-0.018715000000000002,101188.54670631418,63385.5
1786638898444,100002.34323953984,-0.018715000000000002,101188.54672703984,63382.5
1786638903872,100002.43684017636,-0.018715000000000002,101188.54675267637,63377.5
1786638909178,100002.43686129176,-0.018715000000000002,101188.54677379176,63377.5
1786638914525,100002.41816717607,-0.018715000000000002,101188.54679467608,63378.5
1786638919960,100002.17489340028,-0.018715000000000002,101188.54681590028,63391.5
1786638925328,100002.0251989585,-0.018715000000000002,101188.54684145849,63399.5
1786638930716,100002.02521981641,-0.018715000000000002,101188.5468623164,63399.5
1786638935745,100001.96909576535,-0.018715000000000002,101188.54688326536,63402.5
1786638941070,100001.96911692552,-0.018715000000000002,101188.54690442553,63402.5
1786638946462,100001.9504226901,-0.018715000000000002,101188.54692519011,63403.5
1786638951895,100001.6444685367,-0.028715000000000004,101822.5918360367,63414.5
1786638957286,100001.64450073584,-0.028715000000000004,101822.59186823585,63414.5
1786638962294,100001.96039827049,-0.028715000000000004,101822.5919007705,63403.5
1786638967700,100001.98914574465,-0.028715000000000004,101822.59193324465,63402.5
1786638973138,100001.98918374335,-0.028715000000000004,101822.59197124335,63402.5
1786638978479,100001.98921591725,-0.028715000000000004,101822.59200341724,63402.5
1786638983764,100002.4486892357,-0.028715000000000004,101822.59203673569,63386.5
1786638989149,100002.76458618601,-0.028715000000000004,101822.592068686,63375.5
1786638994519,100002.85076971908,-0.028715000000000004,101822.59210721908,63372.5
1786639000036,100003.22409622841,-0.028715000000000004,101822.59213872842,63359.5
1786639005396,100003.22412842521,-0.028715000000000004,101822.59217092521,63359.5
1786639010776,100003.33902757062,-0.028715000000000004,101822.59221007062,63355.5
1786639016142,100003.33905892064,-0.028715000000000004,101822.59224142064,63355.5
1786639021537,100003.4826659701,-0.028715000000000004,101822.5922734701,63350.5
1786639026934,100004.05700457223,-0.028715000000000004,101822.59231207223,63330.5
1786639032334,100004.22932624722,-0.028715000000000004,101822.59234374722,63324.5
1786639037724,100004.20064311536,-0.028715000000000004,101822.59237561535,63325.5
1786639043144,100004.37297188601,-0.028715000000000004,101822.59241438602,63319.5
1786639048459,100004.63143894676,-0.028715000000000004,101822.59244644675,63310.5
1786639053855,100004.77504621695,-0.028715000000000004,101822.59247871695,63305.5
1786639059229,100005.76574598748,-0.028715000000000004,101822.59251098748,63271.0
1786639064621,100005.7227063923,-0.028715000000000004,101822.5925438923,63272.5
1786639070019,100005.63659996743,-0.028715000000000004,101822.59258246743,63275.5
1786639075402,100005.636632422,-0.028715000000000004,101822.592614922,63275.5
1786639080802,100006.19820724051,-0.018715000000000002,101189.83773974051,63245.5
1786639086185,100006.21580194667,-0.008715000000000002,100557.38290444667,63243.5
1786639091551,100006.18095355372,-0.008715000000000002,100557.38291605371,63247.5
1786639096997,100006.2855436598,-0.008715000000000002,100557.3829261598,63235.5
1786639102493,100006.36398825576,-0.008715000000000002,100557.38293575576,63226.5
1786639107514,100006.33785314237,-0.008715000000000002,100557.38294564237,63229.5
1786639112980,100006.35529478759,-0.008715000000000002,100557.38295728758,63227.5
1786639118408,100006.3553045221,-0.008715000000000002,100557.3829670221,63227.5
1786639123750,100006.35531436365,-0.008715000000000002,100557.38297686365,63227.5
1786639129148,100006.35532616478,-0.008715000000000002,100557.38298866477,63227.5
1786639134282,100006.35533569567,-0.008715000000000002,100557.38299819567,63227.5
1786639139793,100006.35534547568,-0.008715000000000002,100557.38300797567,63227.5
1786639145244,100006.33792549116,-0.008715000000000002,100557.38301799116,63229.5
1786639150639,100006.33793726012,-0.008715000000000002,100557.38302976012,63229.5
1786639156012,100006.42420141413,-0.007840000000000001,100502.05724141414,63218.5
1786639161375,100007.67861043256,-0.007840000000000001,100502.05725043255,63058.5
1786639166805,100007.75701968883,-0.007840000000000001,100502.05725968882,63048.5
1786639172276,100007.75702852992,-0.007840000000000001,100502.05726852991,63048.5
1786639177643,100007.93735859061,-0.007840000000000001,100502.05727859061,63025.5
1786639182902,100007.93736732862,-0.007840000000000001,100502.05728732861,63025.5
1786639188196,100007.78057601146,-0.007840000000000001,100502.05729601145,63045.5
1786639193568,100007.72570649182,-0.007840000000000001,100502.05730649183,63052.5
1786639198920,100007.75707532924,-0.007840000000000001,100502.05731532924,63048.5
1786639204279,100007.757084164,-0.007840000000000001,100502.057324164,63048.5
1786639209659,100007.91389283864,-0.007840000000000001,100502.05733283864,63028.5
1786639215057,100007.93742170508,-0.007840000000000001,100502.05734170508,63025.5
1786639220370,100007.83551228333,-0.007840000000000001,100502.05735228333,63038.5
1786639225770,100007.8512012413,-0.007840000000000001,100502.0573612413,63036.5
1786639231182,100007.83222051288,0.0021599999999999987,99871.69282051288,63027.5
1786639236566,100007.85165809093,0.0021599999999999987,99871.69281809093,63036.5
1786639241929,100007.8235757045,0.0021599999999999987,99871.6928157045,63023.5
1786639247296,100007.82573278439,0.0021599999999999987,99871.69281278439,63024.5
1786639252325,100007.84301033066,0.0021599999999999987,99871.69281033066,63032.5
1786639257914,100007.7652479002,0.0021599999999999987,99871.6928079002,62996.5
1786639262992,100007.81439820754,0.012159999999999999,99241.72831820755,63000.5
1786639268379,100007.75358480938,0.012159999999999999,99241.72830480938,62995.5
1786639273777,100007.55900822085,0.012159999999999999,99241.72828822085,62979.5
1786639279166,100007.60763485247,0.012159999999999999,99241.72827485246,62983.5
1786639284635,100007.2671411702,0.012159999999999999,99241.72826117021,62955.5
1786639289984,100007.0360874617,0.012159999999999999,99241.72824746171,62936.5
1786639295331,100007.46771362051,0.02216,98612.37383362051,62955.5
1786639300674,100007.33354269635,0.03216,97982.82938269635,62951.0
1786639306115,100006.89934641022,0.03216,97982.82934641022,62937.5
1786639311480,100005.72942144431,0.04216,97353.46490144431,62909.5
1786639316904,100003.18418175899,0.052160000000000005,96724.38050175899,62860.5
1786639322085,100003.39276255967,0.052160000000000005,96724.38044255968,62864.5
1786639327487,100003.58989809606,0.06216000000000001,96095.74609809606,62867.5
1786639332855,100001.13899771131,0.052160000000000005,96724.42171771132,62820.5
1786639338226,100001.1910876047,0.052160000000000005,96724.4216476047,62821.5
1786639343480,100001.00846989552,0.052160000000000005,96724.42158989552,62818.0
1786639348836,100002.39065148485,0.052160000000000005,96724.42153148486,62844.5
1786639354180,100002.44275437066,0.052160000000000005,96724.42147437065,62845.5
1786639359679,100002.39052534822,0.052160000000000005,96724.42140534823,62844.5
1786639365054,100002.65126733755,0.052160000000000005,96724.42134733756,62849.5
1786639370470,100004.26816948998,0.052160000000000005,96724.42128948998,62880.5
1786639375795,100002.5649546254,0.05326,96655.2538446254,62848.5
1786639381195,100003.2572753497,0.05326,96655.25378534969,62861.5
1786639386569,100004.21589725725,0.05326,96655.25372725725,62879.5
1786639391932,100003.203898588,0.05326,96655.253668588,62860.5
1786639397288,100002.58194573509,0.06326,96026.65931573509,62850.5
1786639402655,100000.43103519431,0.06326,96026.65924519431,62816.5
1786639408042,100000.747264972,0.06326,96026.659174972,62821.5
1786639413461,100000.81045361045,0.06326,96026.65910361045,62822.5
1786639418757,100001.00014857807,0.06326,96026.65901857807,62825.5
1786639424124,100002.1387577454,0.06326,96026.6589477454,62843.5
1786639429687,100002.07542771465,0.06326,96026.65887771465,62842.5
1786639435136,100002.26512218016,0.06326,96026.65879218017,62845.5
1786639440506,100002.85163837494,0.053259999999999995,96655.11444837494,62856.5
1786639445938,100003.49069986658,0.053259999999999995,96655.11438986659,62868.5
1786639451297,100003.7835579146,0.053259999999999995,96655.1143179146,62874.0
1786639456757,100004.1829487869,0.053259999999999995,96655.1142587869,62881.5
1786639462038,100005.75405809177,0.053259999999999995,96655.11419809177,62911.0
1786639467373,100005.27465719034,0.053259999999999995,96655.11413719034,62902.0
1786639472736,100006.12675830942,0.053259999999999995,96655.11407830942,62918.0
1786639478097,100005.46093806569,0.053259999999999995,96655.11400806569,62905.5
1786639483474,100005.5673981535,0.053259999999999995,96655.11394815349,62907.5
1786639488863,100006.20645970544,0.053259999999999995,96655.11388970545,62919.5
1786639494178,100008.2835397741,0.053259999999999995,96655.1138297741,62958.5
1786639499559,100008.60302732699,0.053259999999999995,96655.11375732698,62964.5
1786639504825,100008.60296820733,0.053259999999999995,96655.11369820732,62964.5
1786639510105,100007.59096904518,0.053259999999999995,96655.11363904519,62945.5
1786639515423,100007.91046761192,0.053259999999999995,96655.11357761192,62951.5
1786639520780,100008.28322760705,0.053259999999999995,96655.11351760705,62958.5
1786639526146,100007.91034727774,0.053259999999999995,96655.11345727774,62951.5
1786639531522,100007.91027609998,0.053259999999999995,96655.11338609998,62951.5
1786639536853,100007.32435717064,0.053259999999999995,96655.11332717063,62940.5
1786639542239,100007.00473742431,0.053259999999999995,96655.11326742431,62934.5
1786639547641,100006.89815765519,0.053259999999999995,96655.11320765519,62932.5
1786639553103,100006.47202919322,0.053259999999999995,96655.11315919322,62924.5
1786639558560,100006.25898919321,0.053259999999999995,96655.11315919322,62920.5
1786639563904,100005.61972626061,0.053259999999999995,96655.11301626061,62908.5
1786639569238,100005.72622195374,0.053259999999999995,96655.11299195373,62910.5
1786639574688,100005.72611451245,0.053259999999999995,96655.11288451245,62910.5
1786639580103,100006.11602044293,0.04325999999999999,97284.21845044293,62919.5
1786639585490,100006.37553218586,0.04325999999999999,97284.21840218586,62925.5
1786639590920,100006.54851390937,0.04325999999999999,97284.21834390936,62929.5
1786639596331,100006.76476553048,0.04325999999999999,97284.21829553047,62934.5
1786639601736,100007.41361760034,0.04325999999999999,97284.21824760034,62949.5
1786639607118,100008.71136839715,0.04325999999999999,97284.21819839715,62979.5
1786639612156,100009.3105261792,0.03325999999999999,97914.0136761792,62997.5
1786639617629,100009.37700206255,0.03325999999999999,97914.01363206255,62999.5
1786639622991,100009.37696484863,0.03325999999999999,97914.01359484863,62999.5
1786639628434,100009.17736089611,0.03325999999999999,97914.01355089611,62993.5
1786639633758,100009.44340417802,0.03325999999999999,97914.01351417802,63001.5
1786639639118,100009.94226717888,0.03325999999999999,97914.01347717887,63016.5
1786639644488,100010.04201004858,0.03325999999999999,97914.01344004858,63019.5
1786639649891,100010.04196572726,0.03325999999999999,97914.01339572726,63019.5
1786639655341,100010.04192694735,0.03325999999999999,97914.01335694735,63019.5
1786639660753,100010.93990957344,0.03325999999999999,97914.01331957344,63046.5
1786639666182,100011.37224637704,0.03325999999999999,97914.01327637704,63059.5
1786639671505,100011.37220929326,0.03325999999999999,97914.01323929326,63059.5
1786639676835,100011.23913244058,0.03325999999999999,97914.01320244058,63055.5
1786639682208,100011.00627505765,0.03325999999999999,97914.01316505765,63048.5
1786639687532,100011.37209106717,0.03325999999999999,97914.01312106717,63059.5
1786639692913,100011.57161317089,0.03325999999999999,97914.0130831709,63065.5
1786639698396,100011.60483628578,0.03325999999999999,97914.01304628578,63066.5
1786639703730,100011.60479159672,0.03325999999999999,97914.01300159672,63066.5
1786639709187,100011.80431425993,0.03325999999999999,97914.01296425993,63072.5
1786639714758,100012.43621753227,0.03325999999999999,97914.01292753227,63091.5
1786639720189,100012.23661260883,0.03325999999999999,97914.01288260883,63085.5
1786639725554,100012.26983601725,0.03325999999999999,97914.01284601726,63086.5
1786639730912,100012.46935900359,0.03325999999999999,97914.01280900359,63092.5
1786639736273,100012.50257429911,0.03325999999999999,97914.01276429911,63093.5
1786639741602,100013.10121694686,0.03325999999999999,97914.01272694686,63111.5
1786639746902,100013.03465938923,0.03325999999999999,97914.01268938923,63109.5
1786639752315,100013.82579222225,0.02325999999999999,98545.10798222225,63143.5
1786639757762,100013.61642618843,0.02325999999999999,98545.10795618843,63134.5
1786639763055,100013.59313437811,0.02325999999999999,98545.10792437811,63133.5
1786639768445,100014.01178831184,0.02325999999999999,98545.10789831184,63151.5
1786639773835,100013.98850201795,0.02325999999999999,98545.10787201795,63150.5
1786639779224,100013.84891576572,0.02325999999999999,98545.10784576571,63144.5
1786639784598,100013.98844459548,0.02325999999999999,98545.10781459548,63150.5
1786639790102,100014.01167821976,0.02325999999999999,98545.10778821976,63151.5
1786639795446,100014.01165121628,0.02325999999999999,98545.10776121628,63151.5
1786639800665,100014.01162475377,0.02325999999999999,98545.10773475376,63151.5
1786639806087,100014.45353865899,0.02325999999999999,98545.10770865898,63170.5
1786639811300,100014.68611261877,0.02325999999999999,98545.10768261878,63180.5
1786639816305,100014.77912675879,0.02325999999999999,98545.10765675879,63184.5
1786639821716,100014.77909572842,0.02325999999999999,98545.10762572841,63184.5
1786639827182,100014.77906943548,0.02325999999999999,98545.10759943548,63184.5
1786639832566,100014.89534389382,0.02325999999999999,98545.10757389382,63189.5
1786639837632,100014.98835801872,0.02325999999999999,98545.10754801871,63193.5
1786639843120,100014.80224714923,0.02325999999999999,98545.10751714923,63185.5
1786639848514,100015.08134083042,0.02325999999999999,98545.10749083043,63197.5
1786639853948,100014.77893493915,0.02325999999999999,98545.10746493915,63184.5
1786639859267,100014.96498336377,0.02325999999999999,98545.10743336377,63192.5
1786639864573,100015.38363692405,0.02325999999999999,98545.10740692404,63210.5
1786639869897,100015.3603512347,0.02325999999999999,98545.1073812347,63209.5
1786639875208,100014.94164538695,0.02325999999999999,98545.10735538695,63191.5
1786639880589,100015.10443945111,0.02325999999999999,98545.10732945112,63198.5
1786639886005,100015.10440757239,0.02325999999999999,98545.1072975724,63198.5
1786639891370,100015.10438180536,0.02325999999999999,98545.10727180536,63198.5
1786639896785,100014.7787156211,0.02325999999999999,98545.1072456211,63184.5
1786639902143,100014.77868512506,0.02325999999999999,98545.10721512506,63184.5
1786639907410,100014.45301857189,0.02325999999999999,98545.10718857188,63170.5
1786639912468,100014.33669241676,0.02325999999999999,98545.10716241677,63165.5
1786639917477,100014.1971101322,0.02325999999999999,98545.1071401322,63159.5
1786639922983,100014.33663982606,0.02325999999999999,98545.10710982606,63165.5
1786639928363,100014.33661362136,0.02325999999999999,98545.10708362136,63165.5
1786639933813,100014.12724272089,0.02325999999999999,98545.1070527209,63156.5
1786639938859,100014.08070128624,0.02325999999999999,98545.10703128623,63154.5
1786639944092,100013.73177520874,0.02325999999999999,98545.10700520875,63139.5
1786639949392,100013.01068402383,0.02325999999999999,98545.10697402383,63108.5
1786639954464,100013.40608263196,0.02325999999999999,98545.10695263196,63125.5
1786639959887,100013.28975186084,0.02325999999999999,98545.10692186083,63120.5
1786639965247,100012.91756624065,0.02325999999999999,98545.10689624064,63104.5
1786639970700,100012.8710153873,0.02325999999999999,98545.1068653873,63102.5
1786639976118,100012.45230936212,0.02325999999999999,98545.10683936212,63084.5
1786639981457,100011.82426321288,0.02325999999999999,98545.10681321289,63057.5
1786639986834,100011.68467721176,0.02325999999999999,98545.10678721176,63051.5
1786639992188,100011.4520458439,0.02325999999999999,98545.1067558439,63041.5
1786639997502,100011.24268045995,0.02325999999999999,98545.10673045996,63032.5
1786640002987,100011.07983299087,0.02325999999999999,98545.10670299087,63025.5
1786640008116,100011.38218724972,0.02325999999999999,98545.10667724973,63038.5
1786640013465,100011.47520145841,0.02325999999999999,98545.10665145841,63042.5
1786640018943,100011.59147018375,0.02325999999999999,98545.10662018375,63047.5
1786640023980,100011.73100452678,0.02325999999999999,98545.10659452678,63053.5
1786640029371,100011.96357851134,0.02325999999999999,98545.10656851134,63063.5
1786640034802,100012.24267286896,0.02325999999999999,98545.10654286896,63075.5
1786640040035,100012.03330666227,0.02325999999999999,98545.10651666227,63066.5
1786640045410,100011.59133512918,0.02325999999999999,98545.10648512919,63047.5
1786640050828,100011.66108925882,0.02325999999999999,98545.10645925882,63050.5
1786640056187,100012.14952346377,0.02325999999999999,98545.10643346378,63071.5
1786640061586,100011.9168922217,0.02325999999999999,98545.1064022217,63061.5
1786640066991,100011.9168665243,0.02325999999999999,98545.1063765243,63061.5
1786640072359,100011.59120018383,0.02325999999999999,98545.10635018384,63047.5
1786640077738,100011.59117396554,0.02325999999999999,98545.10632396555,63047.5
1786640083139,100011.10268203015,0.033259999999999984,97914.64173203016,63032.5
1786640088520,100010.90308544031,0.033259999999999984,97914.64169544031,63026.5
1786640093885,100010.83652893323,0.033259999999999984,97914.64165893324,63024.5
1786640099270,100010.83648420556,0.033259999999999984,97914.64161420557,63024.5
1786640104587,100011.20230624819,0.033259999999999984,97914.64157624819,63035.5
1786640109975,100010.93618929287,0.033259999999999984,97914.64153929288,63027.5
1786640115403,100010.93615260246,0.033259999999999984,97914.64150260246,63027.5
1786640120777,100010.93610842584,0.033259999999999984,97914.64145842585,63027.5
1786640126078,100011.70105091734,0.033259999999999984,97914.64142091734,63050.5
1786640131441,100011.70101385194,0.033259999999999984,97914.64138385194,63050.5
1786640136786,100011.70097713599,0.033259999999999984,97914.64134713598,63050.5
1786640142146,100011.7009318306,0.033259999999999984,97914.64130183059,63050.5
1786640147275,100011.70089438473,0.033259999999999984,97914.64126438473,63050.5
1786640152419,100011.70085791395,0.033259999999999984,97914.64122791395,63050.5
1786640157838,100011.56778036448,0.033259999999999984,97914.64119036448,63046.5
1786640163205,100011.59143030488,0.023259999999999982,98545.10658030488,63047.5
1786640168571,100011.45184441503,0.023259999999999982,98545.10655441503,63041.5
1786640173916,100011.35877306118,0.023259999999999982,98545.10652306117,63037.5
1786640179244,100011.42852681762,0.023259999999999982,98545.10649681762,63040.5
1786640184575,100012.12630060932,0.023259999999999982,98545.10647060932,63070.5
1786640190079,100012.35887496531,0.023259999999999982,98545.10644496532,63080.5
1786640195396,100012.87056375506,0.023259999999999982,98545.10641375506,63102.5
1786640200731,100012.91705793544,0.023259999999999982,98545.10638793545,63104.5
1786640206104,100012.84725177234,0.023259999999999982,98545.10636177234,63101.5
1786640211469,100012.82396558444,0.023259999999999982,98545.10633558444,63100.5
1786640216910,100012.8239343158,0.023259999999999982,98545.1063043158,63100.5
1786640222250,100012.82390832467,0.023259999999999982,98545.10627832467,63100.5
1786640227600,100012.18567533529,0.033259999999999984,97914.11161533529,63081.0
1786640232980,100012.10248760677,0.033259999999999984,97914.11157760677,63078.5
1786640238392,100011.76984362124,0.033259999999999984,97914.11153362124,63068.5
1786640243802,100011.73654669887,0.033259999999999984,97914.11149669887,63067.5
1786640249187,100011.73650994705,0.033259999999999984,97914.11145994705,63067.5
1786640254568,100011.73646578721,0.033259999999999984,97914.1114157872,63067.5
1786640259933,100011.63664910998,0.033259999999999984,97914.11137910998,63064.5
1786640265251,100011.3705316024,0.033259999999999984,97914.1113416024,63056.5
1786640270652,100011.37048635262,0.033259999999999984,97914.11129635262,63056.5
1786640276002,100011.50348976385,0.033259999999999984,97914.11125976386,63060.5
1786640281391,100011.53671258444,0.033259999999999984,97914.11122258444,63061.5
1786640286691,100011.53667630132,0.033259999999999984,97914.11118630132,63061.5
1786640292212,100011.68630132658,0.033259999999999984,97914.11114132659,63066.0
1786640297315,100011.80267404612,0.033259999999999984,97914.11110404613,63069.5
1786640302677,100011.80263702729,0.033259999999999984,97914.11106702729,63069.5
1786640308102,100011.80259328263,0.033259999999999984,97914.11102328263,63069.5
1786640313441,100011.66951638155,0.033259999999999984,97914.11098638155,63065.5
1786640318813,100011.80251942604,0.033259999999999984,97914.11094942605,63069.5
1786640324205,100011.80248201378,0.033259999999999984,97914.11091201378,63069.5
1786640329579,100011.83570431039,0.033259999999999984,97914.11087431038,63070.5
1786640334945,100011.8356589338,0.033259999999999984,97914.11082893379,63070.5
1786640340373,100012.3012618419,0.033259999999999984,97914.1107918419,63084.5
1786640345831,100012.30122433545,0.033259999999999984,97914.11075433544,63084.5
1786640350931,100012.3011869733,0.033259999999999984,97914.1107169733,63084.5
1786640356041,100012.30114919566,0.033259999999999984,97914.11067919566,63084.5
1786640361059,100013.066091483,0.033259999999999984,97914.110641483,63107.5
1786640366441,100013.53169454381,0.033259999999999984,97914.1106045438,63121.5
1786640371796,100013.5316502984,0.033259999999999984,97914.1105602984,63121.5
1786640377155,100013.53161295937,0.033259999999999984,97914.11052295937,63121.5
1786640382582,100013.86417596195,0.033259999999999984,97914.11048596195,63131.5
1786640387965,100013.83087130907,0.033259999999999984,97914.11044130907,63130.5
1786640393362,100013.86409459251,0.033259999999999984,97914.11040459252,63131.5
1786640398741,100013.59797809632,0.033259999999999984,97914.11036809633,63123.5
1786640404114,100012.10124017093,0.033259999999999984,97914.11033017094,63078.5
1786640409708,100011.53577791103,0.033259999999999984,97914.11028791104,63061.5
1786640414771,100012.30074237073,0.033259999999999984,97914.11027237073,63084.5
1786640420245,100012.83286705904,0.033259999999999984,97914.11023705904,63100.5
1786640425760,100012.83283371215,0.033259999999999984,97914.11020371215,63100.5
1786640431140,100012.89930896294,0.033259999999999984,97914.11015896294,63102.5
1786640436470,100013.03231169442,0.033259999999999984,97914.11012169442,63106.5
1786640441577,100013.03227428462,0.033259999999999984,97914.11008428462,63106.5
1786640446940,100012.83267717979,0.033259999999999984,97914.11004717978,63100.5
1786640452421,100013.03219253363,0.033259999999999984,97914.11000253363,63106.5
1786640457458,100013.09867554253,0.033259999999999984,97914.10996554252,63108.5
1786640462888,100013.09863820014,0.033259999999999984,97914.10992820014,63108.5
1786640468270,100013.09860084836,0.033259999999999984,97914.10989084835,63108.5
1786640473725,100013.0320439115,0.033259999999999984,97914.1098539115,63106.5
1786640479164,100012.83243962875,0.033259999999999984,97914.10980962875,63100.5
1786640484520,100012.83240199347,0.033259999999999984,97914.10977199346,63100.5
1786640489997,100012.69932551427,0.033259999999999984,97914.10973551427,63096.5
1786640495387,100012.69928075852,0.033259999999999984,97914.10969075852,63096.5
1786640500772,100012.89880391699,0.033259999999999984,97914.109653917,63102.5
1786640506155,100012.89876723278,0.033259999999999984,97914.10961723278,63102.5
1786640511541,100012.89872297307,0.033259999999999984,97914.10957297307,63102.5
1786640516917,100012.89868618743,0.033259999999999984,97914.10953618743,63102.5
1786640522297,100013.53058846766,0.033259999999999984,97914.10949846766,63121.5
1786640527676,100013.53054356713,0.033259999999999984,97914.10945356713,63121.5
1786640533052,100013.53050619597,0.033259999999999984,97914.10941619596,63121.5
1786640538430,100013.26438981606,0.033259999999999984,97914.10937981606,63113.5
1786640543830,100013.26435220665,0.033259999999999984,97914.10934220665,63113.5
1786640549194,100013.2643071987,0.033259999999999984,97914.1092971987,63113.5
1786640554642,100013.26427000681,0.033259999999999984,97914.10926000681,63113.5
1786640560022,100012.36621261803,0.033259999999999984,97914.10922261803,63086.5
1786640565473,100012.03356801308,0.033259999999999984,97914.10917801308,63076.5
1786640570992,100011.50137101836,0.033259999999999984,97914.10914101836,63060.5
1786640576364,100011.50133296607,0.033259999999999984,97914.10910296607,63060.5
1786640581767,100011.53455574489,0.033259999999999984,97914.1090657449,63061.5
1786640586843,100011.76733851068,0.033259999999999984,97914.10902851068,63068.5
1786640592297,100011.8670739113,0.033259999999999984,97914.1089839113,63071.5
1786640597672,100011.53443687281,0.033259999999999984,97914.10894687282,63061.5
1786640602851,100011.5011401665,0.033259999999999984,97914.1089101665,63060.5
1786640608267,100011.501102906,0.033259999999999984,97914.108872906,63060.5
1786640613644,100011.501058782,0.033259999999999984,97914.108828782,63060.5
1786640619101,100011.6340613833,0.033259999999999984,97914.1087913833,63064.5
1786640624429,100011.63402374362,0.033259999999999984,97914.10875374363,63064.5
1786640629808,100011.66724565924,0.033259999999999984,97914.10871565924,63065.5
1786640634899,100011.99980860166,0.033259999999999984,97914.10867860165,63075.5
1786640640243,100011.9997638247,0.033259999999999984,97914.1086338247,63075.5
1786640645554,100012.36558608443,0.033259999999999984,97914.10859608444,63086.5
1786640650957,100012.79792922449,0.033259999999999984,97914.10855922449,63099.5
1786640656446,100012.79789152069,0.033259999999999984,97914.1085215207,63099.5
1786640661839,100012.46524626281,0.033259999999999984,97914.10847626282,63089.5
1786640667203,100012.46520948238,0.033259999999999984,97914.10843948238,63089.5
1786640672649,100012.23235202587,0.033259999999999984,97914.10840202587,63082.5
1786640677815,100012.4651347656,0.033259999999999984,97914.1083647656,63089.5
1786640683264,100012.46508985135,0.033259999999999984,97914.10831985135,63089.5
1786640688795,100012.46505211726,0.033259999999999984,97914.10828211726,63089.5
1786640694260,100012.5315354176,0.033259999999999984,97914.1082454176,63091.5
1786640699593,100012.53149099165,0.033259999999999984,97914.10820099166,63091.5
1786640705097,100012.49819369412,0.033259999999999984,97914.10816369412,63090.5
1786640710402,100012.49815635223,0.033259999999999984,97914.10812635224,63090.5
1786640715787,100012.79745967375,0.033259999999999984,97914.10808967375,63099.5
1786640720826,100012.7974215791,0.033259999999999984,97914.10805157911,63099.5
1786640726343,100012.06565734686,0.033259999999999984,97914.10800734686,63077.5
1786640731708,100012.23192012888,0.033259999999999984,97914.10797012888,63082.5
1786640737207,100012.26514287983,0.033259999999999984,97914.10793287982,63083.5
1786640742731,100012.23183865534,0.033259999999999984,97914.10788865534,63082.5
1786640748191,100012.16528074337,0.033259999999999984,97914.10785074337,63080.5
1786640753549,100012.16524271818,0.033259999999999984,97914.10781271818,63080.5
1786640758990,100012.16519813496,0.033259999999999984,97914.10776813496,63080.5
1786640764335,100012.89688097534,0.033259999999999984,97914.10773097535,63102.5
1786640769727,100013.12966381236,0.033259999999999984,97914.10769381236,63109.5
1786640775108,100013.32918725403,0.033259999999999984,97914.10765725403,63115.5
1786640780563,100013.32914252875,0.033259999999999984,97914.10761252875,63115.5
1786640785602,100013.42888504303,0.033259999999999984,97914.10757504303,63118.5
1786640790996,100013.3955875625,0.033259999999999984,97914.1075375625,63117.5
1786640796442,100013.29577011181,0.033259999999999984,97914.10750011182,63114.5
1786640801914,100013.26246505415,0.033259999999999984,97914.10745505415,63113.5
1786640807274,100013.26242823583,0.033259999999999984,97914.10741823583,63113.5
1786640812705,100013.26239138105,0.033259999999999984,97914.10738138105,63113.5
1786640818195,100012.63040714826,0.033259999999999984,97914.10733714826,63094.5
1786640823223,100012.63036943055,0.033259999999999984,97914.10729943056,63094.5
1786640828610,100012.63033138915,0.033259999999999984,97914.10726138916,63094.5
1786640833979,100012.29769433179,0.033259999999999984,97914.10722433179,63084.5
1786640839416,100012.29765567507,0.033259999999999984,97914.10718567506,63084.5
1786640844790,100012.29761260445,0.033259999999999984,97914.10714260445,63084.5
1786640850241,100012.29757580861,0.033259999999999984,97914.10710580861,63084.5
1786640855644,100012.297538918,0.033259999999999984,97914.107068918,63084.5
1786640861034,100012.29750162663,0.033259999999999984,97914.10703162663,63084.5
1786640866406,100012.29745737587,0.033259999999999984,97914.10698737587,63084.5
1786640871779,100012.09786071895,0.033259999999999984,97914.10695071895,63078.5
1786640877081,100011.96478315958,0.033259999999999984,97914.10691315959,63074.5
1786640882489,100011.89821794588,0.033259999999999984,97914.10686794588,63072.5
1786640887830,100011.83166138962,0.033259999999999984,97914.10683138961,63070.5
1786640893291,100011.7318442458,0.033259999999999984,97914.1067942458,63067.5
1786640898294,100011.49898703137,0.033259999999999984,97914.10675703138,63060.5
1786640903616,100011.49895037839,0.033259999999999984,97914.10672037839,63060.5
1786640908997,100012.13084598098,0.033259999999999984,97914.10667598098,63079.5
1786640914468,100012.86252822969,0.033259999999999984,97914.10663822968,63101.5
1786640919727,100013.07217125253,0.023259999999999982,98545.12194125252,63110.5
1786640925124,100012.9325839378,0.023259999999999982,98545.12191393781,63104.5
1786640930507,100012.44409375681,0.023259999999999982,98545.12188375682,63083.5
1786640935895,100012.44406799185,0.023259999999999982,98545.12185799185,63083.5
1786640941299,100012.58360189018,0.023259999999999982,98545.12183189018,63089.5
1786640946714,100012.72313118822,0.023259999999999982,98545.12180118822,63095.5
1786640952106,100013.04874531578,0.023259999999999982,98545.12177531578,63109.5
1786640957536,100013.0487197402,0.023259999999999982,98545.1217497402,63109.5
1786640962933,100013.04868841426,0.023259999999999982,98545.12171841426,63109.5
1786640968261,100013.07192180454,0.023259999999999982,98545.12169180454,63110.5
1786640973643,100013.14167600444,0.023259999999999982,98545.12166600444,63113.5
1786640979010,100013.14165030535,0.023259999999999982,98545.12164030535,63113.5
1786640984380,100013.04857956868,0.023259999999999982,98545.12160956868,63109.5
1786640989736,100012.8159538703,0.023259999999999982,98545.1215838703,63099.5
1786640995125,100012.81592820118,0.023259999999999982,98545.12155820118,63099.5
1786641000567,100013.02523597199,0.023259999999999982,98545.12152597199,63108.5
1786641005957,100013.02521045854,0.023259999999999982,98545.12150045854,63108.5
1786641011277,100012.7228038851,0.023259999999999982,98545.1214738851,63095.5
1786641016674,100012.8689831151,0.013259999999999982,99176.0767931151,63106.5
1786641022051,100012.96178571119,0.013259999999999982,99176.07677571119,63113.5
1786641027364,100013.05459087831,0.013259999999999982,99176.0767608783,63120.5
1786641032849,100013.05457615426,0.013259999999999982,99176.07674615426,63120.5
1786641037982,100012.92196102333,0.013259999999999982,99176.07673102334,63110.5
1786641043512,100012.92194348987,0.013259999999999982,99176.07671348988,63110.5
1786641048911,100012.82910881478,0.013259999999999982,99176.07669881478,63103.5
1786641054342,100012.82909109694,0.013259999999999982,99176.07668109694,63103.5
1786641059860,100012.81581659763,0.013259999999999982,99176.07666659764,63102.5
1786641064951,100012.69646160491,0.013259999999999982,99176.0766516049,63093.5
1786641070367,100012.69644658684,0.013259999999999982,99176.07663658683,63093.5
1786641075778,100012.69643155472,0.013259999999999982,99176.07662155472,63093.5
1786641080833,100012.69641675509,0.013259999999999982,99176.07660675509,63093.5
1786641086202,100012.7096589068,0.013259999999999982,99176.0765889068,63094.5
1786641091577,100012.70964381284,0.013259999999999982,99176.07657381284,63094.5
1786641096959,100012.90852881187,0.013259999999999982,99176.07655881187,63109.5
1786641102306,100012.90851398595,0.013259999999999982,99176.07654398595,63109.5
1786641107332,100012.93501916742,0.013259999999999982,99176.07652916742,63111.5
1786641112700,100012.9482644531,0.013259999999999982,99176.07651445309,63112.5
1786641118095,100012.98802636385,0.013259999999999982,99176.07649636385,63115.5
1786641123564,100013.05431136911,0.013259999999999982,99176.0764813691,63120.5
1786641128936,100013.05429646095,0.013259999999999982,99176.07646646095,63120.5
1786641134327,100013.13383866013,0.013259999999999982,99176.07644866013,63126.5
1786641139714,100013.00122409365,0.013259999999999982,99176.07643409364,63116.5
1786641145104,100013.04098895291,0.013259999999999982,99176.07641895291,63119.5
1786641150484,100013.04097417596,0.013259999999999982,99176.07640417597,63119.5
1786641155881,100013.00117653259,0.013259999999999982,99176.07638653259,63116.5
1786641161237,100013.00116120941,0.013259999999999982,99176.0763712094,63116.5
1786641166629,100012.99451634558,0.013259999999999982,99176.07635634558,63116.0
1786641172028,100013.05416882568,0.013259999999999982,99176.07633882567,63120.5
1786641177469,100013.14697440591,0.013259999999999982,99176.07632440592,63127.5
1786641182839,100013.14695966856,0.013259999999999982,99176.07630966857,63127.5
1786641188233,100013.14694183433,0.013259999999999982,99176.07629183434,63127.5
1786641193625,100013.14692736378,0.013259999999999982,99176.07627736378,63127.5
1786641198991,100013.16017275366,0.013259999999999982,99176.07626275366,63128.5
1786641204417,100013.05407489033,0.013259999999999982,99176.07624489033,63120.5
1786641209785,100013.02754040142,0.013259999999999982,99176.07623040142,63118.5
1786641215150,100013.02752575609,0.013259999999999982,99176.07621575608,63118.5
1786641220563,100012.96120787032,0.013259999999999982,99176.07619787032,63113.5
1786641225913,100013.05401291892,0.013259999999999982,99176.07618291891,63120.5
1786641231278,100013.10703814044,0.013259999999999982,99176.07616814044,63124.5
1786641236671,100013.1070235261,0.013259999999999982,99176.0761535261,63124.5
1786641242057,100013.10700578942,0.013259999999999982,99176.07613578942,63124.5
1786641247462,100013.10699097153,0.013259999999999982,99176.07612097153,63124.5
1786641252838,100013.10697645001,0.013259999999999982,99176.07610645001,63124.5
1786641258232,100013.21303878758,0.013259999999999982,99176.07608878758,63132.5
1786641263616,100013.2130238951,0.013259999999999982,99176.0760738951,63132.5
1786641269008,100013.22626923487,0.013259999999999982,99176.07605923488,63133.5
1786641274367,100013.0538742287,0.013259999999999982,99176.0760442287,63120.5
1786641279752,100013.05385643941,0.013259999999999982,99176.0760264394,63120.5
1786641285117,100013.05384176389,0.013259999999999982,99176.07601176389,63120.5
1786641290495,100013.05382714655,0.013259999999999982,99176.07599714654,63120.5
1786641295612,100013.053812256,0.013259999999999982,99176.07598225599,63120.5
1786641300945,100013.05379423502,0.013259999999999982,99176.07596423502,63120.5
1786641306312,100013.05377943747,0.013259999999999982,99176.07594943747,63120.5
1786641311733,100013.05376465489,0.013259999999999982,99176.07593465489,63120.5
1786641317200,100013.05374996312,0.013259999999999982,99176.07591996311,63120.5
1786641322488,100013.13329207004,0.013259999999999982,99176.07590207004,63126.5
1786641327849,100013.05371718558,0.013259999999999982,99176.07588718558,63120.5
1786641332856,100013.05370230925,0.013259999999999982,99176.07587230924,63120.5
1786641338278,100013.05368783747,0.013259999999999982,99176.07585783747,63120.5
1786641343536,100012.90607211164,0.014764999999999981,99081.07953961164,63110.5
1786641348951,100012.9060521305,0.014764999999999981,99081.0795196305,63110.5
1786641354252,100012.90603544703,0.014764999999999981,99081.07950294703,63110.5
1786641359623,100013.03890383802,0.014764999999999981,99081.07948633803,63119.5
1786641364983,100013.08318246997,0.014764999999999981,99081.07946996998,63122.5
1786641370447,100013.08316258823,0.014764999999999981,99081.07945008823,63122.5
1786641375811,100013.0979111046,0.014764999999999981,99081.07943360461,63123.5
1786641381189,100013.31936989879,0.014764999999999981,99081.0794173988,63138.5
1786641386544,100013.57774067571,0.014764999999999981,99081.0794006757,63156.0
1786641391940,100013.65892855563,0.014764999999999981,99081.07938105562,63161.5
1786641397325,100013.72110277173,0.004764999999999981,99712.69461027173,63174.5
1786641402780,100013.72109752614,0.004764999999999981,99712.69460502615,63174.5
1786641408183,100013.68773603882,0.004764999999999981,99712.69459853882,63167.5
1786641413298,100013.68773071545,0.004764999999999981,99712.69459321545,63167.5
1786641418699,100013.55708942164,-0.005235000000000019,100344.36982692164,63192.5
1786641424128,100013.48904030297,-0.005235000000000019,100344.36983280297,63205.5
1786641429386,100013.48904609452,-0.005235000000000019,100344.36983859452,63205.5
1786641434787,100013.51522815261,-0.005235000000000019,100344.36984565262,63200.5
1786641440169,100013.52046896615,-0.005235000000000019,100344.36985146615,63199.5
1786641445523,100013.5466497802,-0.005235000000000019,100344.3698572802,63194.5
1786641450895,100013.6565918331,-0.005235000000000019,100344.3698643331,63173.5
1786641456273,100013.6880076891,-0.005235000000000019,100344.3698701891,63167.5
1786641461650,100013.69324855246,-0.005235000000000019,100344.36987605246,63166.5
1786641467011,100013.72466538684,-0.005235000000000019,100344.36988288684,63160.5
1786641472378,100013.77178616473,-0.005235000000000019,100344.36988866473,63151.5
1786641477779,100013.77179204569,-0.005235000000000019,100344.3698945457,63151.5
1786641483358,100013.82414906195,-0.005235000000000019,100344.36990156195,63141.5
1786641488732,100013.82415478837,-0.005235000000000019,100344.36990728836,63141.5
1786641494104,100013.81892557215,-0.005235000000000019,100344.36991307215,63142.5
1786641499542,100013.81893266262,-0.005235000000000019,100344.36992016262,63142.5
1786641505029,100013.8189385063,-0.005235000000000019,100344.3699260063,63142.5
1786641510458,100013.8032392857,-0.005235000000000019,100344.3699317857,63145.5
1786641515760,100013.80324518455,-0.005235000000000019,100344.36993768455,63145.5
1786641520816,100013.80325100877,-0.005235000000000019,100344.36994350876,63145.5
1786641526184,100013.79278811083,-0.005235000000000019,100344.36995061084,63147.5
1786641531643,100013.8451439639,-0.005235000000000019,100344.36995646391,63137.5
1786641537019,100013.8765597816,-0.005235000000000019,100344.36996228159,63131.5
1786641542414,100013.9079767099,-0.005235000000000019,100344.3699692099,63125.5
1786641547877,100013.83205720173,0.004764999999999981,99713.11528970173,63109.5
1786641553188,100013.78916688547,0.004764999999999981,99713.11528438548,63100.5
1786641558576,100013.78916159991,0.004764999999999981,99713.11527909992,63100.5
1786641563960,100013.78915527058,0.004764999999999981,99713.11527277059,63100.5
1786641568991,100013.78915081156,0.004764999999999981,99713.11526831157,63100.5
1786641574327,100013.78914431098,0.004764999999999981,99713.11526181099,63100.5
1786641579712,100013.78913904578,0.004764999999999981,99713.11525654579,63100.5
1786641585082,100013.78913378638,0.004764999999999981,99713.11525128639,63100.5
1786641590465,100013.78912752816,0.004764999999999981,99713.11524502817,63100.5
1786641595577,100013.78912207387,0.004764999999999981,99713.11523957388,63100.5
1786641601035,100013.7819691885,0.004764999999999981,99713.1152341885,63099.0
1786641606461,100013.76052126345,0.004764999999999981,99713.11522876345,63094.5
1786641611879,100013.76051596053,0.004764999999999981,99713.11522346053,63094.5
1786641617255,100013.76050955798,0.004764999999999981,99713.11521705797,63094.5
1786641622615,100013.76050424748,0.004764999999999981,99713.11521174747,63094.5
1786641628050,100013.77479393156,0.004764999999999981,99713.11520643155,63097.5
1786641633434,100013.78908254717,0.004764999999999981,99713.11520004718,63100.5
1786641638852,100013.78907721191,0.004764999999999981,99713.11519471192,63100.5
1786641644220,100013.78907182437,0.004764999999999981,99713.11518932438,63100.5
1786641649649,100013.79383150241,0.004764999999999981,99713.11518400241,63101.5
1786641655033,100013.79858996291,0.004764999999999981,99713.11517746291,63102.5
1786641660463,100013.79858475074,0.004764999999999981,99713.11517225073,63102.5
1786641665856,100014.05588933034,0.004764999999999981,99713.11516683034,63156.5
1786641671321,100014.05588298252,0.004764999999999981,99713.11516048251,63156.5
1786641676797,100014.07970263516,0.004764999999999981,99713.11515513516,63161.5
1786641682195,100014.08922734701,0.004764999999999981,99713.11514984701,63163.5
1786641687583,100014.08922095175,0.004764999999999981,99713.11514345175,63163.5
1786641692962,100013.97953011833,-0.005235000000000019,100344.75038761833,63184.5
1786641698319,100013.93765588079,-0.005235000000000019,100344.75039338079,63192.5
1786641703747,100013.9324279849,-0.005235000000000019,100344.7504004849,63193.5
1786641709146,100013.93243372174,-0.005235000000000019,100344.75040622175,63193.5
1786641714604,100013.93243964585,-0.005235000000000019,100344.75041214586,63193.5
1786641719847,100013.93244551949,-0.005235000000000019,100344.7504180195,63193.5
1786641725185,100013.93245257437,-0.005235000000000019,100344.75042507438,63193.5
1786641730665,100013.93245835503,-0.005235000000000019,100344.75043085504,63193.5
1786641735973,100013.99528418627,-0.005235000000000019,100344.75043668627,63181.5
1786641741369,100013.8660060037,-0.01523500000000002,100976.56565600369,63190.0
1786641746750,100013.72129419257,-0.01523500000000002,100976.56567669257,63199.5
1786641752098,100013.72131105002,-0.01523500000000002,100976.56569355002,63199.5
1786641757459,100013.79750284292,-0.01523500000000002,100976.56571034293,63194.5
1786641762855,100013.79752317542,-0.01523500000000002,100976.56573067543,63194.5
1786641768285,100013.79754016432,-0.01523500000000002,100976.56574766432,63194.5
1786641773770,100013.79755726032,-0.01523500000000002,100976.56576476032,63194.5
1786641779126,100013.79757826522,-0.01523500000000002,100976.56578576523,63194.5
1786641784602,100013.7975955921,-0.01523500000000002,100976.5658030921,63194.5
1786641789784,100013.81284793229,-0.01523500000000002,100976.5658204323,63193.5
1786641795145,100013.81286496864,-0.01523500000000002,100976.56583746865,63193.5
1786641800522,100013.79764721238,-0.01523500000000002,100976.56585471239,63194.5
1786641805941,100013.88907783323,-0.01523500000000002,100976.56587533322,63188.5
1786641811369,100013.99573948327,-0.01523500000000002,100976.56589198328,63181.5
1786641816317,100013.66058670491,-0.01523500000000002,100976.5659092049,63203.5
1786641821702,100013.66060376921,-0.01523500000000002,100976.5659262692,63203.5
1786641827122,100013.66062393674,-0.01523500000000002,100976.56594643673,63203.5
1786641832534,100013.73681587732,-0.01523500000000002,100976.56596337732,63198.5
1786641837714,100013.73683275754,-0.01523500000000002,100976.56598025754,63198.5
1786641843151,100013.75208468418,-0.01523500000000002,100976.56599718418,63197.5
1786641848353,100013.75210186483,-0.01523500000000002,100976.56601436483,63197.5
1786641853413,100013.75211892869,-0.01523500000000002,100976.5660314287,63197.5
1786641858907,100013.75213928672,-0.01523500000000002,100976.56605178672,63197.5
1786641864374,100013.75215638106,-0.01523500000000002,100976.56606888106,63197.5
1786641869835,100013.66838407946,-0.01523500000000002,100976.56608907945,63203.0
1786641875204,100013.56937331062,-0.01523500000000002,100976.56610581062,63209.5
1786641880631,100013.56939016949,-0.01523500000000002,100976.5661226695,63209.5
1786641886161,100013.5998810315,-0.01523500000000002,100976.56614353151,63207.5
1786641891486,100013.61513283686,-0.01523500000000002,100976.56616033686,63206.5
1786641896868,100013.61514964887,-0.01523500000000002,100976.56617714888,63206.5
1786641902267,100013.61516685197,-0.01523500000000002,100976.56619435198,63206.5
1786641907584,100013.49330723881,-0.01523500000000002,100976.5662147388,63214.5
1786641913004,100013.49332429298,-0.01523500000000002,100976.56623179298,63214.5
1786641918335,100013.49334121787,-0.01523500000000002,100976.56624871786,63214.5
1786641923713,100012.9449017929,-0.01523500000000002,100976.5662692929,63250.5
1786641929112,100012.94491833815,-0.01523500000000002,100976.56628583815,63250.5
1786641934510,100012.94493532652,-0.01523500000000002,100976.56630282653,63250.5
1786641939924,100013.23442086138,-0.01523500000000002,100976.56632336137,63231.5
1786641945327,100013.38678814797,-0.01523500000000002,100976.56634064797,63221.5
1786641950851,100013.50868533163,-0.01523500000000002,100976.56635783163,63213.5
1786641956203,100013.7524625535,-0.01523500000000002,100976.5663750535,63197.5
1786641961650,100013.75248296931,-0.01523500000000002,100976.56639546932,63197.5
1786641967037,100013.79820529773,-0.01523500000000002,100976.56641279774,63194.5
1786641972472,100013.87439726427,-0.01523500000000002,100976.56642976427,63189.5
1786641977859,100013.87441458751,-0.01523500000000002,100976.5664470875,63189.5
1786641983446,100013.87443525347,-0.01523500000000002,100976.56646775347,63189.5
1786641988799,100013.8744521613,-0.01523500000000002,100976.56648466129,63189.5
1786641994182,100013.87447234904,-0.01523500000000002,100976.56650484903,63189.5
1786641999630,100014.02683927689,-0.01523500000000002,100976.5665217769,63179.5
1786642005069,100014.02685664082,-0.01523500000000002,100976.56653914083,63179.5
1786642010575,100014.02687710045,-0.01523500000000002,100976.56655960045,63179.5
1786642015784,100014.02689414322,-0.01523500000000002,100976.56657664322,63179.5
1786642020907,100014.14879099542,-0.01523500000000002,100976.56659349542,63171.5
1786642026277,100014.14880793371,-0.01523500000000002,100976.56661043371,63171.5
1786642031723,100014.14882793312,-0.01523500000000002,100976.56663043312,63171.5
1786642037103,100014.20978527771,-0.01523500000000002,100976.56664777771,63167.5
1786642042504,100014.20980229098,-0.01523500000000002,100976.56666479098,63167.5
1786642048028,100014.2098200006,-0.01523500000000002,100976.5666825006,63167.5
1786642053330,100014.20983719525,-0.01523500000000002,100976.56669969525,63167.5
1786642058727,100014.392678147,-0.01523500000000002,100976.56672064701,63155.5
1786642063822,100014.39269510382,-0.01523500000000002,100976.56673760382,63155.5
1786642069251,100014.30130187407,-0.01523500000000002,100976.56675437407,63161.5
1786642074584,100014.30131861822,-0.01523500000000002,100976.56677111822,63161.5
1786642079684,100014.30133554676,-0.01523500000000002,100976.56678804675,63161.5
1786642084733,100014.29373504917,-0.01523500000000002,100976.56680504917,63162.0
1786642090119,100014.31660804657,-0.01523500000000002,100976.56682554657,63160.5
1786642095366,100014.31662471173,-0.01523500000000002,100976.56684221173,63160.5
1786642100497,100014.31664193825,-0.01523500000000002,100976.56685943824,63160.5
1786642105509,100014.36236387085,-0.01523500000000002,100976.56687637085,63157.5
1786642110910,100014.36238078019,-0.01523500000000002,100976.5668932802,63157.5
1786642116228,100014.36239767305,-0.01523500000000002,100976.56691017305,63157.5
1786642121608,100014.24053782094,-0.01523500000000002,100976.56693032094,63165.5
1786642126978,100014.24055467616,-0.01523500000000002,100976.56694717616,63165.5
1786642132384,100014.24057181895,-0.01523500000000002,100976.56696431896,63165.5
1786642137884,100014.17965265835,-0.01523500000000002,100976.56698515835,63169.5
1786642143032,100014.16443513602,-0.01523500000000002,100976.56700263602,63170.5
1786642148190,100014.14921714312,-0.01523500000000002,100976.56701964312,63171.5
1786642153679,100014.10352916096,-0.01523500000000002,100976.56703666096,63174.5
1786642159043,100014.10354616903,-0.01523500000000002,100976.56705366903,63174.5
1786642164414,100014.08832799339,-0.01523500000000002,100976.56707049339,63175.5
1786642169811,100014.08834867204,-0.01523500000000002,100976.56709117204,63175.5
1786642175212,100014.08836553255,-0.01523500000000002,100976.56710803254,63175.5
1786642180679,100014.08838577136,-0.01523500000000002,100976.56712827136,63175.5
1786642185731,100014.07316466952,-0.01523500000000002,100976.56714216952,63176.5
1786642191225,100014.08841986876,-0.01523500000000002,100976.56716236875,63175.5
1786642196285,100014.08843688143,-0.01523500000000002,100976.56717938143,63175.5
1786642201618,100014.08845405446,-0.01523500000000002,100976.56719655446,63175.5
1786642206682,100014.0732360909,-0.01523500000000002,100976.5672135909,63176.5
1786642212060,100014.05801815854,-0.01523500000000002,100976.56723065855,63177.5
1786642217101,100014.0275653239,-0.01523500000000002,100976.5672478239,63179.5
1786642222128,100013.73811741933,-0.01523500000000002,100976.56726491933,63198.5
1786642227504,100013.73813432,-0.01523500000000002,100976.56728182,63198.5
1786642232880,100013.73815460198,-0.01523500000000002,100976.56730210198,63198.5
1786642238271,100013.63152662841,-0.01523500000000002,100976.56731912841,63205.5
1786642243650,100013.63154355282,-0.01523500000000002,100976.56733605283,63205.5
1786642249097,100013.63156382777,-0.01523500000000002,100976.56735632778,63205.5
1786642254459,100013.58587559145,-0.01523500000000002,100976.56737309146,63208.5
1786642259820,100013.60112757431,-0.01523500000000002,100976.56739007431,63207.5
1786642265268,100013.6468535355,-0.01523500000000002,100976.56741103549,63204.5
1786642270660,100013.70781053547,-0.01523500000000002,100976.56742803547,63200.5
1786642276106,100013.7078273415,-0.01523500000000002,100976.5674448415,63200.5
1786642281614,100013.72308239102,-0.01523500000000002,100976.56746489102,63199.5
1786642286999,100013.87544947396,-0.01523500000000002,100976.56748197395,63189.5
1786642292494,100013.8754696686,-0.01523500000000002,100976.56750216859,63189.5
1786642297953,100013.87548646593,-0.01523500000000002,100976.56751896592,63189.5
1786642302985,100013.87550329966,-0.01523500000000002,100976.56753579965,63189.5
1786642308214,100013.87552041757,-0.01523500000000002,100976.56755291756,63189.5
1786642313830,100014.0126559521,-0.01523500000000002,100976.5675734521,63180.5
1786642319073,100014.0126728145,-0.01523500000000002,100976.5675903145,63180.5
1786642324456,100014.01269002438,-0.01523500000000002,100976.56760752438,63180.5
1786642329837,100014.08888174598,-0.01523500000000002,100976.56762424597,63175.5
1786642335195,100014.08890190258,-0.01523500000000002,100976.56764440257,63175.5
1786642340587,100014.07368392708,-0.01523500000000002,100976.56766142708,63176.5
1786642345984,100014.07370083896,-0.01523500000000002,100976.56767833895,63176.5
1786642351494,100014.05848687627,-0.01523500000000002,100976.56769937628,63177.5
1786642356876,100013.46433922842,-0.01523500000000002,100976.56771672842,63216.5
1786642362290,100013.25106662861,-0.01523500000000002,100976.5677341286,63230.5
1786642367784,100013.22061396927,-0.01523500000000002,100976.56775146928,63232.5
1786642373243,100013.00734160899,-0.01523500000000002,100976.567769109,63246.5
1786642378728,100013.00736283908,-0.01523500000000002,100976.56779033909,63246.5
1786642384212,100013.2054347389,-0.01523500000000002,100976.56780723891,63233.5
1786642389631,100013.46444669813,-0.01523500000000002,100976.56782419812,63216.5
1786642395009,100013.63204901847,-0.01523500000000002,100976.56784151848,63205.5
1786642400415,100013.43401458468,-0.01523500000000002,100976.56786208469,63218.5
1786642405738,100013.5102064792,-0.01523500000000002,100976.5678789792,63213.5
1786642411127,100013.52545847045,-0.01523500000000002,100976.56789597045,63212.5
1786642416618,100013.60165447794,-0.01523500000000002,100976.56791697795,63207.5
1786642422005,100013.63214127335,-0.01523500000000002,100976.56793377336,63205.5
1786642427377,100013.63215807147,-0.01523500000000002,100976.56795057148,63205.5
1786642432772,100013.63217871833,-0.01523500000000002,100976.56797121833,63205.5
1786642438134,100013.63219548594,-0.01523500000000002,100976.56798798595,63205.5
1786642443663,100013.60174239402,-0.01523500000000002,100976.56800489403,63207.5
1786642449137,100013.60176291867,-0.01523500000000002,100976.56802541867,63207.5
1786642454506,100013.63224978487,-0.01523500000000002,100976.56804228488,63205.5
1786642459595,100013.6322669674,-0.01523500000000002,100976.5680594674,63205.5
1786642464698,100013.63228431887,-0.01523500000000002,100976.56807681888,63205.5
1786642470077,100013.65515396625,-0.01523500000000002,100976.56809396624,63204.0
1786642475597,100013.79990347271,-0.01523500000000002,100976.56811097272,63194.5
1786642480989,100013.79992400623,-0.01523500000000002,100976.56813150624,63194.5
1786642486422,100013.79994083889,-0.01523500000000002,100976.56814833889,63194.5
1786642491927,100013.84566295598,-0.01523500000000002,100976.56816545599,63191.5
1786642497287,100013.8456836734,-0.01523500000000002,100976.5681861734,63191.5
1786642502637,100014.08946074269,-0.01523500000000002,100976.56820324268,63175.5
1786642508019,100014.0894776056,-0.01523500000000002,100976.56822010559,63175.5
1786642513492,100014.08949789275,-0.01523500000000002,100976.56824039275,63175.5
1786642518870,100014.10474998366,-0.01523500000000002,100976.56825748365,63174.5
1786642524238,100014.17461990856,-0.00633000000000002,100413.99957490856,63163.5
1786642529616,100014.18728833077,-0.00633000000000002,100413.99958333076,63161.5
1786642535010,100014.19995546124,-0.00633000000000002,100413.99959046124,63159.5
1786642540422,100014.31390255832,-0.00633000000000002,100413.99959755833,63141.5
1786642545765,100014.33922958792,-0.00633000000000002,100413.99960458792,63137.5
1786642551114,100014.345568074,-0.00633000000000002,100413.999613074,63136.5
1786642556491,100014.34557500904,-0.00633000000000002,100413.99962000904,63136.5
1786642561821,100014.34558207032,-0.00633000000000002,100413.99962707033,63136.5
1786642567166,100014.34559054163,-0.00633000000000002,100413.99963554164,63136.5
1786642572519,100014.3455975349,-0.00633000000000002,100413.99964253491,63136.5
1786642577918,100014.34560465308,-0.00633000000000002,100413.99964965308,63136.5
1786642583295,100014.34561164775,-0.00633000000000002,100413.99965664775,63136.5
1786642588666,100014.36461011489,-0.00633000000000002,100413.9996651149,63133.5
1786642594041,100014.36461710818,-0.00633000000000002,100413.99967210818,63133.5
1786642599432,100014.24435411705,-0.00633000000000002,100413.99967911706,63152.5
1786642604809,100014.31399274175,-0.00633000000000002,100413.99968774176,63141.5
1786642610263,100014.31399980011,-0.00633000000000002,100413.99969480012,63141.5
1786642615637,100014.31400688877,-0.00633000000000002,100413.99970188878,63141.5
1786642621085,100014.33933537234,-0.00633000000000002,100413.99971037234,63137.5
1786642626604,100014.37732242023,-0.00633000000000002,100413.99971742023,63131.5
1786642632123,100014.34461423093,0.0036699999999999806,99782.68503923093,63122.5
1786642637455,100014.19456734345,0.01366999999999998,99151.46036234345,63111.5
1786642642798,100014.08519240138,0.01366999999999998,99151.46034740139,63103.5
1786642648061,100014.01682710776,0.01366999999999998,99151.46033210776,63098.5
1786642653490,100014.05018196644,0.0036699999999999806,99782.44565696643,63107.5
1786642658870,100014.05017709499,0.0036699999999999806,99782.44565209499,63107.5
1786642664316,100014.12357293033,0.0036699999999999806,99782.44564793033,63127.5
1786642669664,100014.1272387848,0.0036699999999999806,99782.4456437848,63128.5
1786642675057,100014.00092779538,-0.00633000000000002,100413.73093279538,63148.5
1786642680427,100013.97561630998,-0.00633000000000002,100413.73094130999,63152.5
1786642685792,100014.01360343881,-0.00633000000000002,100413.73094843881,63146.5
1786642691176,100013.94398048826,-0.00633000000000002,100413.73095548825,63157.5
1786642696596,100013.94398909074,-0.00633000000000002,100413.73096409073,63157.5
1786642702042,100013.9439960371,-0.00633000000000002,100413.73097103709,63157.5
1786642707447,100013.93767305287,-0.00633000000000002,100413.73097805287,63158.5
1786642712814,100013.93768146142,-0.00633000000000002,100413.73098646142,63158.5
1786642718266,100013.88071849268,-0.00633000000000002,100413.73099349269,63167.5
1786642723673,100013.84274556601,-0.00633000000000002,100413.73100056601,63173.5
1786642729031,100013.84275402634,-0.00633000000000002,100413.73100902633,63173.5
1786642734419,100013.84276104243,-0.00633000000000002,100413.73101604242,63173.5
1786642739814,100013.91872808353,-0.00633000000000002,100413.73102308353,63161.5
1786642745187,100013.96937659942,-0.00633000000000002,100413.73103159941,63153.5
1786642750554,100014.07066363264,-0.00633000000000002,100413.73103863264,63137.5
1786642755918,100013.87444075706,-0.00633000000000002,100413.73104575707,63168.5
1786642761291,100013.92508783459,-0.00633000000000002,100413.7310528346,63160.5
1786642766589,100013.92509637949,-0.00633000000000002,100413.7310613795,63160.5
1786642771972,100013.92510350542,-0.00633000000000002,100413.73106850543,63160.5
1786642777306,100013.92511071746,-0.00633000000000002,100413.73107571747,63160.5
1786642782742,100013.92511793923,-0.00633000000000002,100413.73108293924,63160.5
1786642788172,100013.92512487639,-0.00633000000000002,100413.7310898764,63160.5
1786642793521,100013.81108215735,-0.016330000000000018,101045.33635715736,63167.5
1786642798683,100013.81110046308,-0.016330000000000018,101045.33637546308,63167.5
1786642803996,100012.95246839548,-0.02633000000000002,101677.02163339549,63200.5
1786642809362,100012.95249929941,-0.02633000000000002,101677.02166429942,63200.5
1786642814774,100012.92619929889,-0.02633000000000002,101677.02169429889,63201.5
1786642820159,100012.92623433516,-0.02633000000000002,101677.02172933516,63201.5
1786642825541,100012.92626378436,-0.02633000000000002,101677.02175878437,63201.5
1786642830861,100012.92629336647,-0.02633000000000002,101677.02178836647,63201.5
1786642836236,100012.92632287926,-0.02633000000000002,101677.02181787926,63201.5
1786642841745,100012.92635904353,-0.02633000000000002,101677.02185404353,63201.5
1786642847142,100013.24234856208,-0.02633000000000002,101677.02188356208,63189.5
1786642852552,100013.3476983777,-0.02633000000000002,101677.02191337771,63185.5
1786642858053,100013.34773354135,-0.02633000000000002,101677.02194854135,63185.5
1786642863456,100013.34776275963,-0.02633000000000002,101677.02197775964,63185.5
1786642868972,100013.47944202951,-0.02633000000000002,101677.0220070295,63180.5
1786642874043,100013.4794717201,-0.02633000000000002,101677.0220367201,63180.5
1786642879586,100013.45317746946,-0.02633000000000002,101677.02207246947,63181.5
1786642884938,100013.45320735728,-0.02633000000000002,101677.02210235728,63181.5
1786642890413,100013.45323703825,-0.02633000000000002,101677.02213203826,63181.5
1786642895530,100012.93942708157,-0.02704500000000002,101722.19694958157,63200.5
1786642900888,100012.91241215733,-0.02704500000000002,101722.19697965732,63201.5
1786642906201,100012.91244813021,-0.02704500000000002,101722.19701563021,63201.5
1786642911585,100012.91247784905,-0.02704500000000002,101722.19704534905,63201.5
1786642917051,100012.9125080016,-0.02704500000000002,101722.1970755016,63201.5
1786642922427,100012.91254399656,-0.02704500000000002,101722.19711149656,63201.5
1786642927788,100012.91257382325,-0.02704500000000002,101722.19714132325,63201.5
1786642933151,100012.77737934457,-0.02704500000000002,101722.19717184457,63206.5
1786642938538,100012.7774158424,-0.02704500000000002,101722.1972083424,63206.5
1786642943828,100012.93971642572,-0.02704500000000002,101722.19723892573,63200.5
1786642949221,100012.93974628088,-0.02704500000000002,101722.19726878089,63200.5
1786642954602,100012.93977627788,-0.02704500000000002,101722.19729877789,63200.5
1786642960057,100012.93981254914,-0.02704500000000002,101722.19733504915,63200.5
1786642965400,100012.93984294291,-0.02704500000000002,101722.19736544292,63200.5
1786642970477,100012.93987367506,-0.02704500000000002,101722.19739617506,63200.5
1786642975743,100013.18330883635,-0.02704500000000002,101722.19742633635,63191.5
1786642981117,100013.18333913629,-0.02704500000000002,101722.19745663629,63191.5
1786642986627,100013.18337544281,-0.02704500000000002,101722.19749294281,63191.5
1786642992071,100012.77773162238,-0.02704500000000002,101722.19752412238,63206.5
1786642997481,100013.10230129289,-0.02704500000000002,101722.1975537929,63194.5
1786643002860,100013.26460739132,-0.02704500000000002,101722.19758989132,63188.5
1786643008223,100012.94009739805,-0.02704500000000002,101722.19761989806,63200.5
1786643013665,100012.94012722849,-0.02704500000000002,101722.19764972849,63200.5
1786643019040,100012.94016369047,-0.02704500000000002,101722.19768619047,63200.5
1786643024493,100012.94019402142,-0.02704500000000002,101722.19771652142,63200.5
1786643029962,100012.94022441182,-0.02704500000000002,101722.19774691183,63200.5
1786643035337,100012.94026035798,-0.02704500000000002,101722.19778285798,63200.5
1786643040701,100012.94029066528,-0.02704500000000002,101722.19781316529,63200.5
1786643046066,100012.94032096071,-0.02704500000000002,101722.19784346072,63200.5
1786643051529,100012.94035081692,-0.02704500000000002,101722.19787331692,63200.5
1786643056869,100012.94038681648,-0.02704500000000002,101722.19790931648,63200.5
1786643062316,100012.94041721283,-0.02704500000000002,101722.19793971283,63200.5
1786643067759,100012.94044754983,-0.02704500000000002,101722.19797004983,63200.5
1786643073206,100012.94048418451,-0.02704500000000002,101722.19800668451,63200.5
1786643078709,100012.94051453931,-0.02704500000000002,101722.19803703931,63200.5
1786643084082,100012.3455545083,-0.02704500000000002,101722.1980670083,63222.5
1786643089460,100011.99400525376,-0.02704500000000002,101722.19810275375,63235.5
1786643094837,100011.99403575057,-0.02704500000000002,101722.19813325057,63235.5
1786643100214,100011.99406567175,-0.02704500000000002,101722.19816317175,63235.5
1786643105718,100012.04819230878,-0.02704500000000002,101722.19819980879,63233.5
1786643111152,100012.0482222408,-0.02704500000000002,101722.19822974081,63233.5
1786643116442,100011.91302742284,-0.02704500000000002,101722.19825992284,63238.5
1786643121810,100011.91305764968,-0.02704500000000002,101722.19829014968,63238.5
1786643127369,100011.9130945774,-0.02704500000000002,101722.19832707739,63238.5
1786643132760,100011.91312442449,-0.02704500000000002,101722.19835692449,63238.5
1786643138116,100011.31817051505,-0.02704500000000002,101722.19839301505,63260.5
1786643143452,100011.1018408345,-0.02704500000000002,101722.1984233345,63268.5
1786643148959,100010.75028556926,-0.02704500000000002,101722.19845306926,63281.5
1786643154347,100010.66918731475,-0.02704500000000002,101722.19848981475,63284.5
1786643159712,100010.66921736022,-0.02704500000000002,101722.19851986022,63284.5
1786643165146,100010.66924718024,-0.02704500000000002,101722.19854968024,63284.5
1786643170546,100010.66928341998,-0.02704500000000002,101722.19858591998,63284.5
1786643175932,100010.66931329377,-0.02704500000000002,101722.19861579376,63284.5
1786643181300,100010.99388406456,-0.02704500000000002,101722.19864656456,63272.5
1786643186672,100010.64232893416,-0.02704500000000002,101722.19867643416,63285.5
1786643192094,100010.64236512758,-0.02704500000000002,101722.19871262758,63285.5
1786643197439,100010.99398095027,-0.02704500000000002,101722.19874345027,63272.5
1786643202816,100011.1021906345,-0.02704500000000002,101722.1987731345,63268.5
1786643208194,100011.12927185277,-0.02704500000000002,101722.19880935278,63267.5
1786643213578,100011.12930155183,-0.02704500000000002,101722.19883905184,63267.5
1786643218961,100011.18342198132,-0.02704500000000002,101722.19886948132,63265.5
1786643224328,100011.31868295335,-0.02704500000000002,101722.19890545335,63260.5
1786643229708,100011.37280288164,-0.02704500000000002,101722.19893538165,63258.5
1786643235087,100011.37283342218,-0.02704500000000002,101722.19896592219,63258.5
1786643240464,100011.37286364853,-0.02704500000000002,101722.19899614854,63258.5
1786643245907,100011.37290032806,-0.02704500000000002,101722.19903282807,63258.5
1786643251360,100011.37293040729,-0.02704500000000002,101722.1990629073,63258.5
1786643256886,100011.3729664617,-0.02704500000000002,101722.1990989617,63258.5
1786643262262,100011.37299711458,-0.02704500000000002,101722.19912961459,63258.5
1786643267650,100011.37302698866,-0.02704500000000002,101722.19915948866,63258.5
1786643273055,100011.40010222323,-0.02704500000000002,101722.19918972322,63257.5
1786643278426,100011.40013839806,-0.02704500000000002,101722.19922589806,63257.5
1786643283805,100011.4001687149,-0.02704500000000002,101722.1992562149,63257.5
1786643289196,100011.40019901487,-0.02704500000000002,101722.19928651486,63257.5
1786643294564,100011.40023503028,-0.02704500000000002,101722.19932253027,63257.5
1786643299894,100011.99525482355,-0.02704500000000002,101722.19935232354,63235.5
1786643305345,100012.18460127221,-0.02704500000000002,101722.19938377221,63228.5
1786643310746,100012.1846317223,-0.02704500000000002,101722.1994142223,63228.5
1786643316119,100012.26580312611,-0.02704500000000002,101722.19945062611,63225.5
1786643321280,100012.26583270023,-0.02704500000000002,101722.19948020023,63225.5
1786643326364,100012.53631435806,-0.02704500000000002,101722.19951185807,63215.5
1786643331730,100012.53634432571,-0.02704500000000002,101722.19954182571,63215.5
1786643337165,100012.5363742987,-0.02704500000000002,101722.1995717987,63215.5
1786643342554,100012.10369033455,-0.02704500000000002,101722.19960783455,63231.5
1786643347926,100012.10372053178,-0.02704500000000002,101722.19963803179,63231.5
1786643353287,100012.10375058219,-0.02704500000000002,101722.19966808219,63231.5
1786643358354,100011.99560063345,-0.02704500000000002,101722.19969813345,63235.5
1786643363808,100011.99563047793,-0.02704500000000002,101722.19972797793,63235.5
1786643369254,100011.99566728319,-0.02704500000000002,101722.19976478319,63235.5
1786643374624,100011.99569712767,-0.02704500000000002,101722.19979462767,63235.5
1786643380001,100011.99573291295,-0.02704500000000002,101722.19983041295,63235.5
1786643385361,100011.99576434985,-0.02704500000000002,101722.19986184985,63235.5
1786643390591,100011.99579392158,-0.02704500000000002,101722.19989142158,63235.5
1786643396035,100011.88764541982,-0.02704500000000002,101722.19992291983,63239.5
1786643401448,100011.88767589633,-0.02704500000000002,101722.19995339634,63239.5
1786643406509,100012.29338257168,-0.02704500000000002,101722.19998507168,63224.5
1786643411953,100012.3745476921,-0.02704500000000002,101722.20001519211,63221.5
1786643417456,100012.3745837973,-0.02704500000000002,101722.2000512973,63221.5
1786643422814,100012.37461376669,-0.02704500000000002,101722.2000812667,63221.5
1786643428199,100012.37464356975,-0.02704500000000002,101722.20011106976,63221.5
1786643433595,100012.18536475624,-0.02704500000000002,101722.20014725624,63228.5
1786643438957,100012.10426035793,-0.02704500000000002,101722.20017785793,63231.5
1786643444333,100012.10429024484,-0.02704500000000002,101722.20020774484,63231.5
1786643449738,100012.56408664036,-0.02704500000000002,101722.20023914035,63214.5
1786643455257,100012.91570811773,-0.02704500000000002,101722.20027561772,63201.5
1786643460718,100012.915738597,-0.02704500000000002,101722.200306097,63201.5
1786643466142,100012.91577455582,-0.02704500000000002,101722.20034205582,63201.5
1786643471505,100012.91580476183,-0.02704500000000002,101722.20037226182,63201.5
1786643476893,100012.91583471888,-0.02704500000000002,101722.20040221888,63201.5
1786643482250,100012.86177496146,-0.02704500000000002,101722.20043246147,63203.5
1786643487581,100012.86181137843,-0.02704500000000002,101722.20046887844,63203.5
1786643492951,100012.94297643469,-0.02704500000000002,101722.20049893469,63200.5
1786643498330,100012.94300674625,-0.02704500000000002,101722.20052924626,63200.5
1786643503746,100012.51031706492,-0.02704500000000002,101722.20055956492,63216.5
1786643509180,100012.67262358118,-0.02704500000000002,101722.20059608118,63210.5
1786643514346,100012.67265373003,-0.02704500000000002,101722.20062623003,63210.5
1786643519709,100012.67268375913,-0.02704500000000002,101722.20065625913,63210.5
1786643524944,100012.67271384761,-0.02704500000000002,101722.20068634761,63210.5
1786643530447,100012.6727505735,-0.02704500000000002,101722.2007230735,63210.5
1786643535930,100012.67278048382,-0.02704500000000002,101722.20075298382,63210.5
1786643541307,100012.6728105183,-0.02704500000000002,101722.2007830183,63210.5
1786643546763,100013.02443153525,-0.02704500000000002,101722.20081903525,63197.5
1786643552134,100012.86219142996,-0.02704500000000002,101722.20084892996,63203.5
1786643557506,100012.86222130805,-0.02704500000000002,101722.20087880806,63203.5
1786643562885,100012.83521215232,-0.02704500000000002,101722.20091465232,63204.5
1786643568264,100012.83524234671,-0.02704500000000002,101722.20094484671,63204.5
1786643573658,100012.83527263689,-0.02704500000000002,101722.20097513689,63204.5
1786643579183,100012.83530945014,-0.02704500000000002,101722.20101195014,63204.5
1786643584555,100012.91647473817,-0.02704500000000002,101722.20104223817,63201.5
1786643589944,100013.02468472662,-0.02704500000000002,101722.20107222663,63197.5
1786643595332,100013.13290103193,-0.02704500000000002,101722.20110853194,63193.5
1786643600733,100013.13293072846,-0.02704500000000002,101722.20113822847,63193.5
1786643606128,100013.1600057796,-0.02704500000000002,101722.2011682796,63192.5
1786643611541,100013.45753732864,-0.02704500000000002,101722.20120482864,63181.5
1786643616920,100013.59279231097,-0.02704500000000002,101722.20123481097,63176.5
1786643622307,100013.61986714209,-0.02704500000000002,101722.20126464209,63175.5
1786643627753,100013.6199034689,-0.02704500000000002,101722.20130096891,63175.5
1786643633234,100013.59288902215,-0.02704500000000002,101722.20133152216,63176.5
1786643638663,100013.59291897791,-0.02704500000000002,101722.20136147791,63176.5
1786643644069,100013.5929552547,-0.02704500000000002,101722.2013977547,63176.5
1786643649436,100013.59298474253,-0.02704500000000002,101722.20142724253,63176.5
1786643654460,100013.59301557128,-0.02704500000000002,101722.20145807129,63176.5
1786643659831,100013.59304555698,-0.02704500000000002,101722.20148805698,63176.5
1786643665190,100013.59307553608,-0.02704500000000002,101722.20151803608,63176.5
1786643670617,100013.5660668111,-0.02704500000000002,101722.20155431109,63177.5
1786643676081,100013.56609666154,-0.02704500000000002,101722.20158416154,63177.5
1786643681444,100013.56612688587,-0.02704500000000002,101722.20161438586,63177.5
1786643686882,100013.4309390774,-0.02704500000000002,101722.2016515774,63182.5
1786643692242,100013.43096887051,-0.02704500000000002,101722.20168137051,63182.5
1786643697681,100013.4309990261,-0.02704500000000002,101722.2017115261,63182.5
1786643703124,100013.43103558551,-0.02704500000000002,101722.20174808551,63182.5
1786643708419,100013.32288552744,-0.02704500000000002,101722.20177802743,63186.5
1786643713858,100013.32291558843,-0.02704500000000002,101722.20180808843,63186.5
1786643719184,100013.1336308398,-0.02704500000000002,101722.20183833981,63193.5
1786643724538,100013.07957674941,-0.02704500000000002,101722.20187424941,63195.5
1786643729987,100013.25026682409,-0.01704500000000002,101090.2471143241,63185.5
1786643735367,100013.25028579301,-0.01704500000000002,101090.24713329301,63185.5
1786643740725,100013.2503084275,-0.01704500000000002,101090.2471559275,63185.5
1786643746122,100013.2503274223,-0.01704500000000002,101090.2471749223,63185.5
1786643751487,100013.25034674628,-0.01704500000000002,101090.24719424629,63185.5
1786643756893,100013.2503656588,-0.01704500000000002,101090.2472131588,63185.5
1786643762288,100013.25038901513,-0.01704500000000002,101090.24723651513,63185.5
1786643767691,100013.25040780791,-0.01704500000000002,101090.24725530791,63185.5
1786643773041,100013.25043027803,-0.01704500000000002,101090.24727777803,63185.5
1786643778368,100013.25044903747,-0.01704500000000002,101090.24729653748,63185.5
1786643783736,100013.25046807372,-0.01704500000000002,101090.24731557372,63185.5
1786643789093,100013.25048786183,-0.01704500000000002,101090.24733536184,63185.5
1786643794421,100013.30164212627,-0.01704500000000002,101090.24735462628,63182.5
1786643799789,100013.5977866398,-0.007045000000000018,100458.4226091398,63140.5
1786643805168,100013.49916465276,-0.007045000000000018,100458.42261715277,63154.5
1786643810540,100013.49917252254,-0.007045000000000018,100458.42262502255,63154.5
1786643815593,100013.54145043094,-0.007045000000000018,100458.42263293095,63148.5
1786643820975,100013.54145843779,-0.007045000000000018,100458.42264093779,63148.5
1786643826416,100013.4710163707,-0.007045000000000018,100458.4226488707,63158.5
1786643831789,100013.47102578009,-0.007045000000000018,100458.42265828009,63158.5
1786643837116,100013.47103367205,-0.007045000000000018,100458.42266617205,63158.5
1786643842448,100013.46399665365,-0.007045000000000018,100458.42267415365,63159.5
1786643847844,100013.46400454124,-0.007045000000000018,100458.42268204124,63159.5
1786643853285,100013.46401381344,-0.007045000000000018,100458.42269131345,63159.5
1786643858671,100013.46402171181,-0.007045000000000018,100458.42269921182,63159.5
1786643863696,100013.46402949568,-0.007045000000000018,100458.42270699568,63159.5
1786643869085,100013.46403727653,-0.007045000000000018,100458.42271477653,63159.5
1786643874579,100013.46404659658,-0.007045000000000018,100458.42272409658,63159.5
1786643879673,100013.46405456605,-0.007045000000000018,100458.42273206606,63159.5
1786643885111,100013.42883754328,-0.007045000000000018,100458.42274004329,63164.5
1786643890511,100013.42884537428,-0.007045000000000018,100458.42274787428,63164.5
1786643895588,100013.42885317266,-0.007045000000000018,100458.42275567267,63164.5
1786643901097,100013.42886267074,-0.007045000000000018,100458.42276517075,63164.5
1786643906285,100013.42887076443,-0.007045000000000018,100458.42277326444,63164.5
1786643911652,100013.4288786511,-0.007045000000000018,100458.42278115111,63164.5
1786643916733,100013.42184144851,-0.007045000000000018,100458.4227889485,63165.5
1786643922111,100013.4218492057,-0.007045000000000018,100458.4227967057,63165.5
1786643927506,100013.42185856565,-0.007045000000000018,100458.42280606565,63165.5
1786643932863,100013.42186646043,-0.007045000000000018,100458.42281396042,63165.5
1786643938240,100013.53459429026,-0.007045000000000018,100458.42282179027,63149.5
1786643943633,100013.53460384488,-0.007045000000000018,100458.42283134488,63149.5
1786643949003,100013.53461168203,-0.007045000000000018,100458.42283918204,63149.5
1786643954425,100013.57688941529,-0.007045000000000018,100458.42284691529,63143.5
1786643959793,100013.6050788272,-0.007045000000000018,100458.4228563272,63139.5
1786643965264,100013.64735667064,-0.007045000000000018,100458.42286417064,63133.5
1786643970626,100013.64736438084,-0.007045000000000018,100458.42287188084,63133.5
1786643976133,100013.6473740372,-0.007045000000000018,100458.4228815372,63133.5
1786643981448,100013.64738164516,-0.007045000000000018,100458.42288914516,63133.5
1786643986846,100013.6685244941,-0.007045000000000018,100458.4228969941,63130.5
1786643992254,100013.66853393262,-0.007045000000000018,100458.42290643262,63130.5
1786643997602,100013.68263167806,-0.007045000000000018,100458.42291417807,63128.5
1786644003121,100013.72490958853,-0.007045000000000018,100458.42292208853,63122.5
1786644008592,100013.68682329326,0.002954999999999982,99827.19825079326,63109.5
1786644014051,100013.68681993641,0.002954999999999982,99827.1982474364,63109.5
1786644019420,100013.68681663641,0.002954999999999982,99827.19824413641,63109.5
1786644024751,100013.68681329399,0.002954999999999982,99827.19824079398,63109.5
1786644030129,100013.68681040792,0.002954999999999982,99827.19823790791,63109.5
1786644035546,100013.68680830336,0.002954999999999982,99827.19823580336,63109.5
1786644040900,100013.68680603549,0.002954999999999982,99827.19823353548,63109.5
1786644046268,100013.68680336907,0.002954999999999982,99827.19823086906,63109.5
1786644051765,100013.68384464909,0.002954999999999982,99827.19822714909,63108.5
1786644056813,100013.68384136399,0.002954999999999982,99827.19822386399,63108.5
1786644062202,100013.6838379812,0.002954999999999982,99827.1982204812,63108.5
1786644067737,100013.68383464505,0.002954999999999982,99827.19821714505,63108.5
1786644072761,100013.6838313808,0.002954999999999982,99827.1982138808,63108.5
1786644078143,100013.68382744036,0.002954999999999982,99827.19820994035,63108.5
1786644083503,100013.73110419186,0.002954999999999982,99827.19820669186,63124.5
1786644088908,100013.73405592273,0.002954999999999982,99827.19820342273,63125.5
1786644094216,100013.73996199983,0.002954999999999982,99827.19819949984,63127.5
1786644099579,100013.7576887513,0.002954999999999982,99827.1981962513,63133.5
1786644104992,100013.8877054491,0.002954999999999982,99827.1981929491,63177.5
1786644110384,100013.95566648536,0.002954999999999982,99827.19818898536,63200.5
1786644115891,100013.95566324216,0.002954999999999982,99827.19818574216,63200.5
1786644121332,100013.95565983138,0.002954999999999982,99827.19818233138,63200.5
1786644126408,100013.95565655614,0.002954999999999982,99827.19817905614,63200.5
1786644131877,100013.9556526343,0.002954999999999982,99827.1981751343,63200.5
1786644137378,100013.89242101148,-0.004875000000000018,100322.05823351147,63213.5
1786644142695,100013.89242641315,-0.004875000000000018,100322.05823891315,63213.5
1786644148009,100013.89243306112,-0.004875000000000018,100322.05824556111,63213.5
1786644153392,100013.88756339975,-0.004875000000000018,100322.05825089975,63214.5
1786644158421,100013.88756875982,-0.004875000000000018,100322.05825625981,63214.5
1786644163652,100013.88757419448,-0.004875000000000018,100322.05826169447,63214.5
1786644169016,100013.88757961386,-0.004875000000000018,100322.05826711385,63214.5
1786644174418,100013.88758608856,-0.004875000000000018,100322.05827358855,63214.5
1786644179842,100013.88759154132,-0.004875000000000018,100322.05827904132,63214.5
1786644185302,100013.88759705186,-0.004875000000000018,100322.05828455185,63214.5
1786644190739,100013.88760378053,-0.004875000000000018,100322.05829128053,63214.5
1786644196161,100013.88760922918,-0.004875000000000018,100322.05829672917,63214.5
1786644201517,100013.8437397509,-0.004875000000000018,100322.0583022509,63223.5
1786644206923,100013.84374515124,-0.004875000000000018,100322.05830765124,63223.5
1786644212313,100013.8437516576,-0.004875000000000018,100322.05831415759,63223.5
1786644217682,100013.80475719199,-0.004875000000000018,100322.05831969199,63231.5
1786644223080,100013.78038762057,-0.004875000000000018,100322.05832512057,63236.5
1786644228531,100013.7803941788,-0.004875000000000018,100322.0583316788,63236.5
1786644234073,100013.78039954361,-0.004875000000000018,100322.0583370436,63236.5
1786644239535,100013.4684050501,-0.004875000000000018,100322.0583425501,63300.5
1786644244896,100013.46841167609,-0.004875000000000018,100322.05834917609,63300.5
1786644250240,100013.46841718999,-0.004875000000000018,100322.05835468999,63300.5
1786644255631,100013.46842264416,-0.004875000000000018,100322.05836014416,63300.5
1786644260985,100013.46842806083,-0.004875000000000018,100322.05836556084,63300.5
1786644266411,100013.50255966779,-0.004875000000000018,100322.05837216778,63293.5
1786644271797,100013.56106517228,-0.004875000000000018,100322.05837767228,63281.5
1786644277159,100013.56107052139,-0.004875000000000018,100322.05838302139,63281.5
1786644282543,100013.56107706342,-0.004875000000000018,100322.05838956342,63281.5
1786644287986,100013.58058250621,-0.004875000000000018,100322.05839500621,63277.5
1786644293379,100013.59033790925,-0.004875000000000018,100322.05840040925,63275.5
1786644298766,100013.60009448297,-0.004875000000000018,100322.05840698298,63273.5
1786644304208,100013.60010001015,-0.004875000000000018,100322.05841251016,63273.5
1786644309600,100013.60010545797,-0.004875000000000018,100322.05841795797,63273.5
1786644314623,100013.60011088212,-0.004875000000000018,100322.05842338213,63273.5
1786644320201,100013.61474235904,-0.004875000000000018,100322.05842985904,63270.5
1786644325237,100013.61474776056,-0.004875000000000018,100322.05843526055,63270.5
1786644330725,100013.61475327444,-0.004875000000000018,100322.05844077443,63270.5
1786644336189,100013.64888390608,-0.004875000000000018,100322.05844640608,63263.5
1786644341207,100013.64888934468,-0.004875000000000018,100322.05845184468,63263.5
1786644346702,100013.69276975,-0.004875000000000018,100322.05845725001,63254.5
1786644352062,100013.71227650216,-0.004875000000000018,100322.05846400217,63250.5
1786644357536,100013.71228192697,-0.004875000000000018,100322.05846942698,63250.5
1786644362575,100013.71228731314,-0.004875000000000018,100322.05847481315,63250.5
1786644368088,100013.72691769931,-0.004875000000000018,100322.05848019931,63247.5
1786644373213,100013.72692327379,-0.004875000000000018,100322.05848577378,63247.5
1786644378648,100013.72692993267,-0.004875000000000018,100322.05849243267,63247.5
1786644384012,100013.7659354287,-0.004875000000000018,100322.05849792871,63239.5
1786644389474,100013.76594082385,-0.004875000000000018,100322.05850332386,63239.5
1786644394840,100013.76594730312,-0.004875000000000018,100322.05850980313,63239.5
1786644400234,100013.78545279411,-0.004875000000000018,100322.0585152941,63235.5
1786644405596,100013.81958322278,-0.004875000000000018,100322.05852072279,63228.5
1786644410967,100013.82933961759,-0.004875000000000018,100322.0585271176,63226.5
1786644416339,100013.82934499845,-0.004875000000000018,100322.05853249846,63226.5
1786644421741,100013.82935044351,-0.004875000000000018,100322.05853794352,63226.5
1786644427101,100013.82935686475,-0.004875000000000018,100322.05854436476,63226.5
1786644432458,100013.82936225414,-0.004875000000000018,100322.05854975415,63226.5
1786644437825,100013.82936765961,-0.004875000000000018,100322.05855515962,63226.5
1786644443254,100013.8293741639,-0.004875000000000018,100322.05856166391,63226.5
1786644448630,100013.82937958285,-0.004875000000000018,100322.05856708286,63226.5
1786644453984,100013.85376004226,-0.004875000000000018,100322.05857254226,63221.5
1786644459388,100013.87326542824,-0.004875000000000018,100322.05857792824,63217.5
1786644464769,100013.87327191092,-0.004875000000000018,100322.05858441093,63217.5
1786644470149,100013.87327729337,-0.004875000000000018,100322.05858979338,63217.5
1786644475619,100013.87328279031,-0.004875000000000018,100322.05859529032,63217.5
1786644481053,100013.87328935436,-0.004875000000000018,100322.05860185437,63217.5
1786644486487,100013.87329484383,-0.004875000000000018,100322.05860734383,63217.5
1786644491872,100013.87330023799,-0.004875000000000018,100322.058612738,63217.5
1786644497366,100013.87330678372,-0.004875000000000018,100322.05861928372,63217.5
1786644502727,100013.87331219282,-0.004875000000000018,100322.05862469283,63217.5
1786644508113,100013.87331757923,-0.004875000000000018,100322.05863007923,63217.5
1786644513500,100013.87332416855,-0.004875000000000018,100322.05863666856,63217.5
1786644518907,100013.87332964594,-0.004875000000000018,100322.05864214594,63217.5
1786644524438,100013.87333506873,-0.004875000000000018,100322.05864756873,63217.5
1786644529501,100013.87334056567,-0.004875000000000018,100322.05865306567,63217.5
1786644534983,100013.87334735037,-0.004875000000000018,100322.05865985037,63217.5
1786644540120,100013.87335277896,-0.004875000000000018,100322.05866527896,63217.5
1786644545457,100013.85873320115,-0.004875000000000018,100322.05867070115,63220.5
1786644550834,100013.8441137232,-0.004875000000000018,100322.0586762232,63223.5
1786644556405,100013.8197442788,-0.004875000000000018,100322.0586817788,63228.5
1786644561843,100013.81975074859,-0.004875000000000018,100322.0586882486,63228.5
1786644566916,100013.81975616624,-0.004875000000000018,100322.05869366624,63228.5
1786644572070,100013.81976154861,-0.004875000000000018,100322.05869904862,63228.5
1786644577462,100013.81976700059,-0.004875000000000018,100322.0587045006,63228.5
1786644582497,100013.8733974568,-0.004875000000000018,100322.05870995681,63217.5
1786644587607,100013.89046536277,-0.004875000000000018,100322.05871536277,63214.0
1786644593127,100013.87652359196,0.0013749999999999821,99926.97446109196,63201.5
1786644598589,100013.87652206422,0.0013749999999999821,99926.97445956423,63201.5
1786644604046,100013.87652048067,0.0013749999999999821,99926.97445798067,63201.5
1786644609321,100013.88476893849,0.0013749999999999821,99926.97445643849,63207.5
1786644614702,100013.88889204696,0.0013749999999999821,99926.97445454696,63210.5
1786644620066,100013.89026550904,0.0013749999999999821,99926.97445300904,63211.5
1786644625462,100013.89026394454,0.0013749999999999821,99926.97445144455,63211.5
1786644630914,100013.87651240645,0.0013749999999999821,99926.97444990645,63201.5
1786644636287,100013.87513553991,0.0013749999999999821,99926.97444803991,63200.5
1786644641754,100013.87238402596,0.0013749999999999821,99926.97444652596,63198.5
1786644647121,100013.8723825038,0.0013749999999999821,99926.9744450038,63198.5
1786644652508,100013.8723806523,0.0013749999999999821,99926.9744431523,63198.5
1786644657764,100013.87787910925,0.0013749999999999821,99926.97444160924,63202.5
1786644663106,100013.87787754505,0.0013749999999999821,99926.97444004504,63202.5
1786644668223,100013.87787598268,0.0013749999999999821,99926.97443848268,63202.5
1786644673595,100013.87787444898,0.0013749999999999821,99926.97443694898,63202.5
1786644678654,100013.87787290983,0.0013749999999999821,99926.97443540982,63202.5
1786644683699,100013.87512137278,0.0013749999999999821,99926.97443387278,63200.5
1786644689077,100013.87511981915,0.0013749999999999821,99926.97443231914,63200.5
1786644694522,100013.87511796886,0.0013749999999999821,99926.97443046885,63200.5
1786644700027,100013.87511643997,0.0013749999999999821,99926.97442893997,63200.5
1786644705482,100013.8751148239,0.0013749999999999821,99926.97442732389,63200.5
1786644710659,100013.8751132899,0.0013749999999999821,99926.9744257899,63200.5
1786644716089,100013.87511153017,0.0013749999999999821,99926.97442403017,63200.5
1786644721443,100013.86823497986,0.0013749999999999821,99926.97442247986,63195.5
1786644726842,100013.85860840278,0.0013749999999999821,99926.97442090278,63188.5
1786644732238,100013.85860657813,0.0013749999999999821,99926.97441907813,63188.5
1786644737601,100013.85860503922,0.0013749999999999821,99926.97441753923,63188.5
1786644742970,100013.85860350031,0.0013749999999999821,99926.97441600032,63188.5
1786644748361,100013.8586019762,0.0013749999999999821,99926.97441447621,63188.5
1786644753945,100013.85860012953,0.0013749999999999821,99926.97441262954,63188.5
1786644759302,100013.85584859035,0.0013749999999999821,99926.97441109036,63186.5
1786644764838,100013.85584700409,0.0013749999999999821,99926.9744095041,63186.5
1786644770334,100013.8613450678,0.0013749999999999821,99926.9744075678,63190.5
1786644775693,100013.8613435563,0.0013749999999999821,99926.97440605631,63190.5
1786644781044,100013.86134202701,0.0013749999999999821,99926.97440452702,63190.5
1786644786412,100013.86134021438,0.0013749999999999821,99926.97440271439,63190.5
1786644791906,100013.85996365557,0.0013749999999999821,99926.97440115557,63189.5
1786644797298,100013.85996210974,0.0013749999999999821,99926.97439960974,63189.5
1786644802644,100013.85033557928,0.0013749999999999821,99926.97439807928,63182.5
1786644808041,100013.85033372148,0.0013749999999999821,99926.97439622149,63182.5
1786644813330,100013.85033221342,0.0013749999999999821,99926.97439471343,63182.5
1786644818794,100013.85995564677,0.0013749999999999821,99926.97439314677,63189.5
1786644824036,100013.85995410391,0.0013749999999999821,99926.97439160392,63189.5
1786644829405,100013.8599522751,0.0013749999999999821,99926.9743897751,63189.5
1786644834758,100013.85995074747,0.0013749999999999821,99926.97438824747,63189.5
1786644840135,100013.8599492105,0.0013749999999999821,99926.9743867105,63189.5
1786644845505,100013.85994769073,0.0013749999999999821,99926.97438519073,63189.5
1786644850907,100013.85994585013,0.0013749999999999821,99926.97438335013,63189.5
1786644856235,100013.85994432251,0.0013749999999999821,99926.97438182251,63189.5
1786644861619,100013.85994277344,0.0013749999999999821,99926.97438027344,63189.5
1786644867045,100013.85994095942,0.0013749999999999821,99926.97437845942,63189.5
1786644872493,100013.85993941278,0.0013749999999999821,99926.97437691278,63189.5
1786644877854,100013.85993789723,0.0013749999999999821,99926.97437539723,63189.5
1786644883085,100013.85993606389,0.0013749999999999821,99926.97437356389,63189.5
1786644888587,100013.85993451603,0.0013749999999999821,99926.97437201603,63189.5
1786644894036,100013.85993298086,0.0013749999999999821,99926.97437048086,63189.5
1786644899499,100013.85993113245,0.0013749999999999821,99926.97436863245,63189.5
1786644904660,100013.88742956883,0.0013749999999999821,99926.97436706883,63209.5
1786644910101,100013.88605302271,0.0013749999999999821,99926.9743655227,63208.5
1786644915483,100013.8860514984,0.0013749999999999821,99926.9743639984,63208.5
1786644920996,100013.8695496714,0.0013749999999999821,99926.9743621714,63196.5
1786644926356,100013.86954813587,0.0013749999999999821,99926.97436063587,63196.5
1786644931656,100013.86954658951,0.0013749999999999821,99926.97435908951,63196.5
1786644937146,100013.88604476214,0.0013749999999999821,99926.97435726214,63208.5
1786644942453,100013.89979324711,0.0013749999999999821,99926.97435574711,63218.5
1786644947768,100013.89979171238,0.0013749999999999821,99926.97435421238,63218.5
1786644953131,100013.89704018066,0.0013749999999999821,99926.97435268066,63216.5
1786644958088,100013.89703861908,0.0013749999999999821,99926.97435111908,63216.5
1786644963526,100013.89703705545,0.0013749999999999821,99926.97434955544,63216.5
1786644968916,100013.89703523403,0.0013749999999999821,99926.97434773402,63216.5
1786644974400,100013.89703370149,0.0013749999999999821,99926.97434620149,63216.5
1786644979777,100013.9011571611,0.0013749999999999821,99926.97434466111,63219.5
1786644984798,100013.90115560983,0.0013749999999999821,99926.97434310983,63219.5
1786644990159,100013.9011538007,0.0013749999999999821,99926.97434130071,63219.5
1786644995217,100013.90115227533,0.0013749999999999821,99926.97433977533,63219.5
1786645000576,100013.90115071705,0.0013749999999999821,99926.97433821706,63219.5
1786645006105,100013.90114918684,0.0013749999999999821,99926.97433668685,63219.5
1786645011476,100013.90114733393,0.0013749999999999821,99926.97433483394,63219.5
1786645016842,100013.90114582606,0.0013749999999999821,99926.97433332607,63219.5
1786645022220,100013.90114429797,0.0013749999999999821,99926.97433179797,63219.5
1786645027542,100013.90114247313,0.0013749999999999821,99926.97432997313,63219.5
1786645032938,100013.90114092632,0.0013749999999999821,99926.97432842632,63219.5
1786645038337,100013.90113937831,0.0013749999999999821,99926.97432687832,63219.5
1786645043850,100013.90113753804,0.0013749999999999821,99926.97432503804,63219.5
1786645049233,100013.90938596758,0.0013749999999999821,99926.97432346758,63225.5
1786645054689,100013.90938442877,0.0013749999999999821,99926.97432192878,63225.5
1786645060059,100013.90388285553,0.0013749999999999821,99926.97432035554,63221.5
1786645065451,100013.9038810049,0.0013749999999999821,99926.9743185049,63221.5
1786645070850,100013.90387948284,0.0013749999999999821,99926.97431698284,63221.5
1786645076338,100013.90387796922,0.0013749999999999821,99926.97431546923,63221.5
1786645081770,100013.9038761051,0.0013749999999999821,99926.97431360511,63221.5
1786645087240,100013.90387459326,0.0013749999999999821,99926.97431209327,63221.5
1786645092280,100013.90387301742,0.0013749999999999821,99926.97431051743,63221.5
1786645097682,100013.90387147384,0.0013749999999999821,99926.97430897385,63221.5
1786645103124,100013.90386990213,0.0013749999999999821,99926.97430740214,63221.5
1786645108435,100013.90386805145,0.0013749999999999821,99926.97430555146,63221.5
1786645113809,100013.91486647185,0.0013749999999999821,99926.97430397186,63229.5
1786645119186,100013.91486495345,0.0013749999999999821,99926.97430245345,63229.5
1786645124614,100013.9148631331,0.0013749999999999821,99926.97430063311,63229.5
1786645130067,100013.91486158842,0.0013749999999999821,99926.97429908843,63229.5
1786645135475,100013.91486001747,0.0013749999999999821,99926.97429751747,63229.5
1786645140939,100013.91485850107,0.0013749999999999821,99926.97429600108,63229.5
1786645146368,100013.92310665819,0.0013749999999999821,99926.9742941582,63235.5
1786645151902,100013.92310512027,0.0013749999999999821,99926.97429262027,63235.5
1786645157203,100013.92310329362,0.0013749999999999821,99926.97429079363,63235.5
1786645162687,100013.9231017536,0.0013749999999999821,99926.9742892536,63235.5
1786645168124,100013.92310019667,0.0013749999999999821,99926.97428769668,63235.5
1786645173518,100013.92309865032,0.0013749999999999821,99926.97428615033,63235.5
1786645178890,100013.92309681921,0.0013749999999999821,99926.97428431922,63235.5
1786645184290,100013.92309529943,0.0013749999999999821,99926.97428279943,63235.5
1786645189672,100013.92309376482,0.0013749999999999821,99926.97428126483,63235.5
1786645194934,100013.92309191919,0.0013749999999999821,99926.9742794192,63235.5
1786645200302,100013.9230903728,0.0013749999999999821,99926.97427787281,63235.5
1786645205626,100013.91758884786,0.0013749999999999821,99926.97427634787,63231.5
1786645210676,100013.91758732159,0.0013749999999999821,99926.9742748216,63231.5
1786645216086,100013.91758577511,0.0013749999999999821,99926.97427327512,63231.5
1786645221443,100013.91758391373,0.0013749999999999821,99926.97427141374,63231.5
1786645226903,100013.9134573262,0.0013749999999999821,99926.9742698262,63228.5
1786645232386,100013.91345579123,0.0013749999999999821,99926.97426829123,63228.5
1786645237753,100013.91345424211,0.0013749999999999821,99926.97426674211,63228.5
1786645243209,100013.91345241824,0.0013749999999999821,99926.97426491824,63228.5
1786645248678,100013.90657588454,0.0013749999999999821,99926.97426338455,63223.5
1786645254041,100013.9065743596,0.0013749999999999821,99926.9742618596,63223.5
1786645259410,100013.90657251042,0.0013749999999999821,99926.97426001042,63223.5
1786645264847,100013.92307093024,0.0013749999999999821,99926.97425843024,63235.5
1786645270237,100013.9230693659,0.0013749999999999821,99926.97425686591,63235.5
1786645275628,100013.92994283348,0.0013749999999999821,99926.97425533348,63240.5
1786645280936,100013.9216910077,0.0013749999999999821,99926.9742535077,63234.5
1786645286347,100013.92168948044,0.0013749999999999821,99926.97425198044,63234.5
1786645291658,100013.92168796161,0.0013749999999999821,99926.97425046162,63234.5
1786645297031,100013.9216861019,0.0013749999999999821,99926.9742486019,63234.5
1786645302424,100013.92168460361,0.0013749999999999821,99926.97424710362,63234.5
1786645307783,100013.91480808967,0.0013749999999999821,99926.97424558968,63229.5
1786645313170,100013.91480624428,0.0013749999999999821,99926.97424374429,63229.5
1786645318552,100013.91480471715,0.0013749999999999821,99926.97424221715,63229.5
1786645323868,100013.90655316286,0.0013749999999999821,99926.97424066286,63223.5
1786645329182,100013.90655164485,0.0013749999999999821,99926.97423914485,63223.5
1786645334551,100013.90654978875,0.0013749999999999821,99926.97423728876,63223.5
1786645340013,100013.90654827711,0.0013749999999999821,99926.97423577712,63223.5
1786645345398,100013.90654675974,0.0013749999999999821,99926.97423425975,63223.5
1786645350957,100013.90654490999,0.0013749999999999821,99926.97423241,63223.5
1786645356374,100013.90654339563,0.0013749999999999821,99926.97423089563,63223.5
1786645361584,100013.90654186347,0.0013749999999999821,99926.97422936348,63223.5
1786645367076,100013.9065400267,0.0013749999999999821,99926.9742275267,63223.5
1786645372490,100013.89691345143,0.0013749999999999821,99926.97422595143,63216.5
1786645377934,100013.89691191277,0.0013749999999999821,99926.97422441277,63216.5
1786645383228,100013.89691035119,0.0013749999999999821,99926.97422285119,63216.5
1786645388589,100013.896908466,0.0013749999999999821,99926.974220966,63216.5
1786645394034,100013.8969069675,0.0013749999999999821,99926.97421946749,63216.5
1786645399078,100013.89690544578,0.0013749999999999821,99926.97421794578,63216.5
1786645404562,100013.89690387066,0.0013749999999999821,99926.97421637065,63216.5
1786645409924,100013.89002702443,0.0013749999999999821,99926.97421452444,63211.5
1786645415292,100013.890025495,0.0013749999999999821,99926.974212995,63211.5
1786645420740,100013.89002397135,0.0013749999999999821,99926.97421147136,63211.5
1786645426102,100013.89002238795,0.0013749999999999821,99926.97420988795,63211.5
1786645431453,100013.89002053985,0.0013749999999999821,99926.97420803986,63211.5
1786645436811,100013.88451899993,0.0013749999999999821,99926.97420649993,63207.5
1786645442182,100013.86389246664,0.0013749999999999821,99926.97420496665,63192.5
1786645447521,100013.84876593933,0.0013749999999999821,99926.97420343933,63181.5
1786645452931,100013.84738908616,0.0013749999999999821,99926.97420158617,63180.5
1786645458313,100013.84051257136,0.0013749999999999821,99926.97420007136,63175.5
1786645463648,100013.83638598336,0.0013749999999999821,99926.97419848337,63172.5
1786645468985,100013.83500944164,0.0013749999999999821,99926.97419694164,63171.5
1786645474343,100013.83500758775,0.0013749999999999821,99926.97419508775,63171.5
1786645479731,100013.82813103822,0.0013749999999999821,99926.97419353822,63166.5
1786645485193,100013.82812947847,0.0013749999999999821,99926.97419197847,63166.5
1786645490237,100013.82812795798,0.0013749999999999821,99926.97419045799,63166.5
1786645495608,100013.82812643869,0.0013749999999999821,99926.9741889387,63166.5
1786645500967,100013.82812456076,0.0013749999999999821,99926.97418706077,63166.5
1786645506472,100013.8432479892,0.0013749999999999821,99926.9741854892,63177.5
1786645511849,100013.8446213915,0.0013749999999999821,99926.9741838915,63178.5
1786645517224,100013.84736985617,0.0013749999999999821,99926.97418235618,63180.5
1786645522598,100013.85286801607,0.0013749999999999821,99926.97418051607,63184.5
1786645527968,100013.85286649724,0.0013749999999999821,99926.97417899725,63184.5
1786645533344,100013.85286495546,0.0013749999999999821,99926.97417745547,63184.5
1786645538720,100013.85698843419,0.0013749999999999821,99926.97417593419,63187.5
1786645544095,100013.85698658,0.0013749999999999821,99926.97417408,63187.5
1786645549491,100013.85836006976,0.0013749999999999821,99926.97417256977,63188.5
1786645554869,100013.85835852331,0.0013749999999999821,99926.97417102332,63188.5
1786645560308,100013.85835666306,0.0013749999999999821,99926.97416916306,63188.5
1786645565623,100013.84048012916,0.0013749999999999821,99926.97416762916,63175.5
1786645570989,100013.83635359694,0.0013749999999999821,99926.97416609694,63172.5
1786645576423,100013.83635175436,0.0013749999999999821,99926.97416425437,63172.5
1786645581785,100013.83497523583,0.0013749999999999821,99926.97416273583,63171.5
1786645587270,100013.8349736675,0.0013749999999999821,99926.9741611675,63171.5
1786645592683,100013.83497207805,0.0013749999999999821,99926.97415957805,63171.5
1786645598045,100013.8349702503,0.0013749999999999821,99926.9741577503,63171.5
1786645603544,100013.83496869224,0.0013749999999999821,99926.97415619224,63171.5
1786645608570,100013.83496718213,0.0013749999999999821,99926.97415468213,63171.5
1786645613951,100013.83496563885,0.0013749999999999821,99926.97415313884,63171.5
1786645619411,100013.83496378727,0.0013749999999999821,99926.97415128727,63171.5
1786645624769,100013.83496225574,0.0013749999999999821,99926.97414975574,63171.5
1786645630127,100013.82533573608,0.0013749999999999821,99926.97414823608,63164.5
1786645635459,100013.81845922202,0.0013749999999999821,99926.97414672202,63159.5
1786645640812,100013.81845737474,0.0013749999999999821,99926.97414487474,63159.5
1786645646417,100013.43197156428,0.011374999999999982,99295.37940906428,63125.5
1786645651887,100013.397833923,0.011374999999999982,99295.379396423,63122.5
1786645657285,100013.3978188592,0.011374999999999982,99295.3793813592,63122.5
1786645662659,100013.39780634148,0.011374999999999982,99295.37936884149,63122.5
1786645668052,100013.39779363443,0.011374999999999982,99295.37935613444,63122.5
1786645673434,100013.39777856054,0.011374999999999982,99295.37934106054,63122.5
1786645678882,100013.44326599009,0.011374999999999982,99295.37932849009,63126.5
1786645684280,100013.44325087605,0.011374999999999982,99295.37931337605,63126.5
1786645689676,100013.44323813097,0.011374999999999982,99295.37930063097,63126.5
1786645695069,100013.44322553767,0.011374999999999982,99295.37928803767,63126.5
1786645700448,100013.44321252519,0.011374999999999982,99295.37927502519,63126.5
1786645705810,100013.38632474506,0.011374999999999982,99295.37926224507,63121.5
1786645711275,100013.38630945182,0.011374999999999982,99295.37924695182,63121.5
1786645716780,100013.38629639048,0.011374999999999982,99295.37923389049,63121.5
1786645722046,100013.02322969316,0.021374999999999984,98664.16454219316,63104.5
1786645727492,100013.13007556376,0.021374999999999984,98664.16451306376,63109.5
1786645732522,100013.13005154466,0.021374999999999984,98664.16448904466,63109.5
1786645737969,100013.36515284766,0.021374999999999984,98664.16446534767,63120.5
1786645743466,100013.36512878323,0.021374999999999984,98664.16444128324,63120.5
1786645748520,100013.36510531376,0.021374999999999984,98664.16441781376,63120.5
1786645753921,100013.25820166756,0.021374999999999984,98664.16438916756,63115.5
1786645759316,100013.23680283352,0.021374999999999984,98664.16436533352,63114.5
1786645764616,100013.23677927125,0.021374999999999984,98664.16434177125,63114.5
1786645769984,100013.17263032548,0.021374999999999984,98664.16431782549,63111.5
1786645775444,100013.12985197679,0.021374999999999984,98664.16428947679,63109.5
1786645781007,100013.1298280187,0.021374999999999984,98664.1642655187,63109.5
1786645786118,100013.12980448239,0.021374999999999984,98664.16424198239,63109.5
1786645791478,100013.12977527277,0.021374999999999984,98664.16421277277,63109.5
1786645797075,100013.1083765818,0.021374999999999984,98664.1641890818,63108.5
1786645802350,100013.10835250681,0.021374999999999984,98664.1641650068,63108.5
1786645807719,100013.12970303738,0.021374999999999984,98664.16414053738,63109.5
1786645813081,100013.129674599,0.021374999999999984,98664.164112099,63109.5
1786645818518,100012.95865110891,0.021374999999999984,98664.16408860892,63101.5
1786645824010,100012.95862729347,0.021374999999999984,98664.16406479347,63101.5
1786645829376,100012.95859839546,0.021374999999999984,98664.16403589546,63101.5
1786645834920,100012.89444929427,0.021374999999999984,98664.16401179427,63098.5
1786645840362,100012.89442501518,0.021374999999999984,98664.16398751519,63098.5
1786645845748,100012.8943966795,0.021374999999999984,98664.16395917951,63098.5
1786645851125,100012.89437269508,0.021374999999999984,98664.16393519509,63098.5
1786645856501,100013.06534901046,0.021374999999999984,98664.16391151046,63106.5
1786645861885,100012.95845010564,0.021374999999999984,98664.16388760564,63101.5
1786645866897,100012.95842646343,0.021374999999999984,98664.16386396343,63101.5
1786645872008,100012.91564834304,0.021374999999999984,98664.16383584304,63099.5
1786645877371,100013.25762475982,0.021374999999999984,98664.16381225982,63115.5
1786645882751,100013.25760093144,0.021374999999999984,98664.16378843144,63115.5
1786645888113,100013.25757701238,0.021374999999999984,98664.16376451238,63115.5
1786645893718,100012.95829823465,0.021374999999999984,98664.16373573465,63101.5
1786645898880,100012.91552426395,0.021374999999999984,98664.16371176395,63099.5
1786645904212,100012.91550041146,0.021374999999999984,98664.16368791145,63099.5
1786645909687,100013.12056480239,0.011374999999999984,99295.15900230239,63117.5
1786645915059,100013.12055227587,0.011374999999999984,99295.15898977587,63117.5
1786645920526,100013.14284904879,0.0013749999999999839,99926.3342865488,63133.5
1786645925920,100013.15659721126,0.0013749999999999839,99926.33428471127,63143.5
1786645931310,100013.15659569463,0.0013749999999999839,99926.33428319464,63143.5
1786645936689,100013.16209416468,0.0013749999999999839,99926.33428166469,63147.5
1786645942067,100013.1675923428,0.0013749999999999839,99926.3342798428,63151.5
1786645947454,100013.16759082113,0.0013749999999999839,99926.33427832114,63151.5
1786645952847,100013.16758929583,0.0013749999999999839,99926.33427679584,63151.5
1786645958236,100013.16758746839,0.0013749999999999839,99926.3342749684,63151.5
1786645963608,100013.16758594218,0.0013749999999999839,99926.33427344219,63151.5
1786645968969,100013.16758444342,0.0013749999999999839,99926.33427194343,63151.5
1786645974331,100013.16758261928,0.0013749999999999839,99926.33427011929,63151.5
1786645979721,100013.16758106444,0.0013749999999999839,99926.33426856445,63151.5
1786645985090,100013.1675795295,0.0013749999999999839,99926.33426702951,63151.5
1786645990482,100013.16757800785,0.0013749999999999839,99926.33426550786,63151.5
1786645995876,100013.1964511403,0.0013749999999999839,99926.33426364031,63172.5
1786646001241,100013.19644963798,0.0013749999999999839,99926.33426213799,63172.5
1786646006679,100013.20744808081,0.0013749999999999839,99926.33426058081,63180.5
1786646012039,100013.20744626426,0.0013749999999999839,99926.33425876427,63180.5
1786646017475,100013.20744475,0.0013749999999999839,99926.33425725001,63180.5
1786646022857,100013.20744318633,0.0013749999999999839,99926.33425568634,63180.5
1786646028241,100013.20331637618,0.0013749999999999839,99926.33425387618,63177.5
1786646033619,100013.2033148382,0.0013749999999999839,99926.3342523382,63177.5
1786646038986,100013.20331329577,0.0013749999999999839,99926.33425079577,63177.5
1786646044435,100013.20331176119,0.0013749999999999839,99926.33424926118,63177.5
1786646049929,100013.17718490936,0.0013749999999999839,99926.33424740937,63158.5
1786646055307,100013.1744333115,0.0013749999999999839,99926.33424581151,63156.5
1786646060435,100013.17443180816,0.0013749999999999839,99926.33424430816,63156.5
1786646065889,100013.17443025205,0.0013749999999999839,99926.33424275205,63156.5
1786646070936,100013.17442870686,0.0013749999999999839,99926.33424120686,63156.5
1786646076435,100013.17442684402,0.0013749999999999839,99926.33423934403,63156.5
1786646081894,100013.17442529301,0.0013749999999999839,99926.33423779301,63156.5
1786646087276,100013.17442373109,0.0013749999999999839,99926.3342362311,63156.5
1786646092620,100013.15517214929,0.0013749999999999839,99926.33423464929,63142.5
1786646098073,100013.15517032488,0.0013749999999999839,99926.33423282488,63142.5
1786646103340,100013.12766877911,0.0013749999999999839,99926.3342312791,63122.5
1786646108687,100013.12354220537,0.0013749999999999839,99926.33422970538,63119.5
1786646114131,100013.12354063208,0.0013749999999999839,99926.33422813208,63119.5
1786646119576,100013.12353910004,0.0013749999999999839,99926.33422660004,63119.5
1786646124903,100013.12353725362,0.0013749999999999839,99926.33422475362,63119.5
1786646130411,100013.12353571373,0.0013749999999999839,99926.33422321374,63119.5
1786646135788,100013.12353419227,0.0013749999999999839,99926.33422169228,63119.5
1786646141179,100013.1235323314,0.0013749999999999839,99926.3342198314,63119.5
1786646146587,100013.14278080197,0.0013749999999999839,99926.33421830197,63133.5
1786646151884,100013.14415427532,0.0013749999999999839,99926.33421677531,63134.5
1786646157277,100013.14415275406,0.0013749999999999839,99926.33421525406,63134.5
1786646162644,100013.14552590113,0.0013749999999999839,99926.33421340113,63135.5
1786646168052,100013.0681840601,-0.008625000000000016,100557.68949656011,63144.5
1786646173449,100013.06819360555,-0.008625000000000016,100557.68950610555,63144.5
1786646178907,100013.06820511656,-0.008625000000000016,100557.68951761657,63144.5
1786646184283,100013.06821465657,-0.008625000000000016,100557.68952715657,63144.5
1786646189667,100013.06822456337,-0.008625000000000016,100557.68953706337,63144.5
1786646195033,100013.0682360986,-0.008625000000000016,100557.6895485986,63144.5
1786646200364,100013.06824559876,-0.008625000000000016,100557.68955809876,63144.5
1786646205750,100013.06825510268,-0.008625000000000016,100557.68956760269,63144.5
1786646211109,100013.0682649849,-0.008625000000000016,100557.68957748491,63144.5
1786646216048,100013.06827463635,-0.008625000000000016,100557.68958713635,63144.5
1786646221490,100013.06828625091,-0.008625000000000016,100557.68959875092,63144.5
1786646226993,100013.0682964185,-0.008625000000000016,100557.6896089185,63144.5
1786646232496,100013.06830593568,-0.008625000000000016,100557.68961843569,63144.5
1786646237870,100013.08556544146,-0.008625000000000016,100557.68962794147,63142.5
1786646242967,100013.08557691769,-0.008625000000000016,100557.68963941769,63142.5
1786646248453,100013.0855865667,-0.008625000000000016,100557.6896490667,63142.5
1786646253817,100013.05109614426,-0.008625000000000016,100557.68965864426,63146.5
1786646259158,100013.05110586587,-0.008625000000000016,100557.68966836587,63146.5
1786646264533,100013.05111739002,-0.008625000000000016,100557.68967989001,63146.5
1786646269896,100013.0511268476,-0.008625000000000016,100557.6896893476,63146.5
1786646275257,100013.05113638658,-0.008625000000000016,100557.68969888658,63146.5
1786646280286,100013.05114605039,-0.008625000000000016,100557.68970855039,63146.5
1786646285710,100013.05115592039,-0.008625000000000016,100557.68971842038,63146.5
1786646290734,100013.0511654537,-0.008625000000000016,100557.6897279537,63146.5
1786646296102,100013.05117713197,-0.008625000000000016,100557.68973963197,63146.5
1786646301359,100013.05118655908,-0.008625000000000016,100557.68974905908,63146.5
1786646306755,100013.0511962621,-0.008625000000000016,100557.68975876209,63146.5
1786646312121,100013.0512076769,-0.008625000000000016,100557.68977017689,63146.5
1786646317536,100013.02534230801,-0.008625000000000016,100557.68977980802,63149.5
1786646322982,100013.02535185224,-0.008625000000000016,100557.68978935224,63149.5
1786646328545,100013.02536354709,-0.008625000000000016,100557.68980104709,63149.5
1786646333924,100013.0857478964,-0.008625000000000016,100557.6898103964,63142.5
1786646339291,100013.08575744751,-0.008625000000000016,100557.68981994751,63142.5
1786646344618,100013.0857691147,-0.008625000000000016,100557.6898316147,63142.5
1786646350008,100013.09440370896,-0.008625000000000016,100557.68984120896,63141.5
1786646355478,100013.17203833416,-0.008625000000000016,100557.68985083415,63132.5
1786646360792,100013.17204801779,-0.008625000000000016,100557.68986051778,63132.5
1786646366290,100013.17205956018,-0.008625000000000016,100557.68987206017,63132.5
1786646371412,100013.21519411342,-0.008625000000000016,100557.68988161342,63127.5
1786646376825,100013.21520383074,-0.008625000000000016,100557.68989133074,63127.5
1786646382269,100013.21521534042,-0.008625000000000016,100557.68990284042,63127.5
1786646387638,100013.21522501974,-0.008625000000000016,100557.68991251974,63127.5
1786646393158,100013.21523465369,-0.008625000000000016,100557.68992215369,63127.5
1786646398631,100013.21524416661,-0.008625000000000016,100557.68993166661,63127.5
1786646403720,100013.16350400666,-0.008625000000000016,100557.68994150666,63133.5
1786646408967,100013.16351561177,-0.008625000000000016,100557.68995311177,63133.5
1786646414379,100013.11177523244,-0.008625000000000016,100557.68996273243,63139.5
1786646419758,100013.11178497276,-0.008625000000000016,100557.68997247276,63139.5
1786646425181,100013.11179476793,-0.008625000000000016,100557.68998226793,63139.5
1786646430550,100013.11180640526,-0.008625000000000016,100557.68999390525,63139.5
1786646435588,100013.11181594321,-0.008625000000000016,100557.6900034432,63139.5
1786646440936,100013.11182556249,-0.008625000000000016,100557.69001306249,63139.5
1786646446495,100013.11183516459,-0.008625000000000016,100557.69002266458,63139.5
1786646451882,100013.12047175916,-0.008625000000000016,100557.69003425917,63138.5
1786646457395,100013.1204812696,-0.008625000000000016,100557.6900437696,63138.5
1786646462773,100013.12049120554,-0.008625000000000016,100557.69005370555,63138.5
1786646468021,100013.12050250875,-0.008625000000000016,100557.69006500876,63138.5
1786646473419,100013.12051206664,-0.008625000000000016,100557.69007456665,63138.5
1786646478780,100013.06877192775,-0.008625000000000016,100557.69008442776,63144.5
1786646484282,100013.06878153807,-0.008625000000000016,100557.69009403807,63144.5
1786646489683,100013.06879299648,-0.008625000000000016,100557.69010549648,63144.5
1786646495012,100013.06880272418,-0.008625000000000016,100557.69011522419,63144.5
1786646500326,100013.06881234409,-0.008625000000000016,100557.6901248441,63144.5
1786646505726,100013.06882380057,-0.008625000000000016,100557.69013630057,63144.5
1786646511270,100012.99983369336,-0.008625000000000016,100557.69014619336,63152.5
1786646516757,100012.99121808141,-0.008625000000000016,100557.69015558141,63153.5
1786646522173,100012.97397981375,-0.008625000000000016,100557.69016731375,63155.5
1786646527544,100012.78799414728,-0.018625000000000017,101189.24543164727,63165.5
1786646532992,100012.78801504342,-0.018625000000000017,101189.24545254343,63165.5
1786646538358,100012.78803619306,-0.018625000000000017,101189.24547369305,63165.5
1786646543864,100012.78806157986,-0.018625000000000017,101189.24549907986,63165.5
1786646549259,100012.78808207647,-0.018625000000000017,101189.24551957646,63165.5
1786646554628,100012.69497817772,-0.018625000000000017,101189.24554067773,63170.5
1786646560122,100012.69500335708,-0.018625000000000017,101189.24556585708,63170.5
1786646565446,100012.6018988229,-0.018625000000000017,101189.24558632291,63175.5
1786646570914,100012.60192007058,-0.018625000000000017,101189.24560757058,63175.5
1786646576379,100012.60194509881,-0.018625000000000017,101189.24563259882,63175.5
1786646581779,100012.6019660861,-0.018625000000000017,101189.24565358611,63175.5
1786646587230,100012.60198668929,-0.018625000000000017,101189.2456741893,63175.5
1786646592604,100012.60200752545,-0.018625000000000017,101189.24569502546,63175.5
1786646598045,100012.60203224394,-0.018625000000000017,101189.24571974395,63175.5
1786646603400,100012.60205300273,-0.018625000000000017,101189.24574050274,63175.5
1786646608767,100012.60207374879,-0.018625000000000017,101189.24576124879,63175.5
1786646614131,100012.65797352324,-0.018625000000000017,101189.24578602324,63172.5
1786646619495,100012.657993789,-0.018625000000000017,101189.24580628901,63172.5
1786646624893,100012.65801473279,-0.018625000000000017,101189.2458272328,63172.5
1786646630280,100012.65803965207,-0.018625000000000017,101189.24585215207,63172.5
1786646635641,100012.6021853507,-0.018625000000000017,101189.2458728507,63175.5
1786646640994,100012.60220590381,-0.018625000000000017,101189.24589340381,63175.5
1786646646450,100012.60223090313,-0.018625000000000017,101189.24591840313,63175.5
1786646651745,100012.34150145452,-0.018625000000000017,101189.24593895451,63189.5
1786646657114,100012.34152248668,-0.018625000000000017,101189.24595998667,63189.5
1786646662503,100012.3415434333,-0.018625000000000017,101189.2459809333,63189.5
1786646667887,100012.3415683408,-0.018625000000000017,101189.24600584079,63189.5
1786646673268,100012.34158911202,-0.018625000000000017,101189.24602661202,63189.5
1786646678375,100012.34161010807,-0.018625000000000017,101189.24604760806,63189.5
1786646683745,100012.34163111227,-0.018625000000000017,101189.24606861226,63189.5
1786646689242,100012.34165571765,-0.018625000000000017,101189.24609321765,63189.5
1786646694702,100012.34167639932,-0.018625000000000017,101189.24611389931,63189.5
1786646700148,100012.34169702374,-0.018625000000000017,101189.24613452374,63189.5
1786646705595,100012.2274347158,-0.02862500000000002,101821.14137221579,63193.5
1786646710679,100012.22746764497,-0.02862500000000002,101821.14140514497,63193.5
1786646716261,100012.22749892833,-0.02862500000000002,101821.14143642833,63193.5
1786646721695,100012.2275375865,-0.02862500000000002,101821.1414750865,63193.5
1786646727098,100012.22756938495,-0.02862500000000002,101821.14150688495,63193.5
1786646732432,100012.22760149749,-0.02862500000000002,101821.14153899749,63193.5
1786646737831,100012.22763361032,-0.02862500000000002,101821.14157111032,63193.5
1786646743211,100012.22767188592,-0.02862500000000002,101821.14160938592,63193.5
1786646748692,100012.227703264,-0.02862500000000002,101821.14164076399,63193.5
1786646754145,100012.22773591102,-0.02862500000000002,101821.14167341101,63193.5
1786646759511,100012.2277741866,-0.02862500000000002,101821.14171168659,63193.5
1786646764901,100012.62855585928,-0.02862500000000002,101821.14174335929,63179.5
1786646770397,100012.71446336349,-0.02862500000000002,101821.14177586349,63176.5
1786646775866,100012.71450183152,-0.02862500000000002,101821.14181433152,63176.5
1786646781384,100012.71453324029,-0.02862500000000002,101821.14184574029,63176.5
1786646786688,100012.71456571671,-0.02862500000000002,101821.14187821672,63176.5
1786646792073,100012.71460396527,-0.02862500000000002,101821.14191646528,63176.5
1786646797412,100012.71463564494,-0.02862500000000002,101821.14194814494,63176.5
1786646802777,100012.71466765119,-0.02862500000000002,101821.1419801512,63176.5
1786646808154,100012.71469974538,-0.02862500000000002,101821.14201224539,63176.5
1786646813470,100012.54298802065,-0.02862500000000002,101821.14205052065,63182.5
1786646818883,100012.45714508688,-0.02862500000000002,101821.14208258688,63185.5
1786646824252,100012.2281774558,-0.02862500000000002,101821.1421149558,63193.5
1786646829641,100012.22821515368,-0.02862500000000002,101821.14215265367,63193.5
1786646835143,100012.21393430204,-0.02862500000000002,101821.14218430204,63194.0
1786646840575,100012.11377869693,-0.02862500000000002,101821.14221619694,63197.5
1786646845948,100012.11381705684,-0.02862500000000002,101821.14225455685,63197.5
1786646851320,100012.11384841826,-0.02862500000000002,101821.14228591826,63197.5
1786646856690,100011.99938060893,-0.02862500000000002,101821.14231810893,63201.5
1786646862071,100011.99941864422,-0.02862500000000002,101821.14235614422,63201.5
1786646867113,100012.31432555495,-0.02862500000000002,101821.14238805496,63190.5
1786646872500,100012.31435729995,-0.02862500000000002,101821.14241979996,63190.5
1786646877879,100012.31438943277,-0.02862500000000002,101821.14245193277,63190.5
1786646883313,100012.31442750213,-0.02862500000000002,101821.14249000214,63190.5
1786646888850,100012.3144601057,-0.02862500000000002,101821.1425226057,63190.5
1786646894031,100012.31449183555,-0.02862500000000002,101821.14255433556,63190.5
1786646897775,100012.3145048577,-0.02862500000000002,101821.1425673577,63190.5
1786646899455,100012.31452422387,-0.02862500000000002,101821.14258672387,63190.5
1786646904825,100012.314562416,-0.02862500000000002,101821.142624916,63190.5
1786646910268,100012.3145940878,-0.02862500000000002,101821.1426565878,63190.5
1786646915462,100012.31462615536,-0.02862500000000002,101821.14268865537,63190.5
1786646920836,100012.31465821664,-0.02862500000000002,101821.14272071664,63190.5
1786646926273,100012.31469680503,-0.02862500000000002,101821.14275930503,63190.5
1786646931751,100012.14297820839,-0.02862500000000002,101821.14279070839,63196.5
1786646937121,100012.14300985348,-0.02862500000000002,101821.14282235347,63196.5
1786646942508,100012.11442383067,-0.02862500000000002,101821.14286133068,63197.5
1786646947936,100011.99995494208,-0.02862500000000002,101821.14289244208,63201.5
1786646953420,100011.99998693449,-0.02862500000000002,101821.14292443449,63201.5
1786646958826,100012.00002501496,-0.02862500000000002,101821.14296251496,63201.5
1786646964201,100012.00005701995,-0.02862500000000002,101821.14299451995,63201.5
1786646969679,100012.00008939562,-0.02862500000000002,101821.14302689562,63201.5
1786646975076,100012.00012817349,-0.02862500000000002,101821.14306567349,63201.5
1786646980440,100012.00015957524,-0.02862500000000002,101821.14309707524,63201.5
1786646985809,100012.0001912221,-0.02862500000000002,101821.1431287221,63201.5
1786646991183,100012.00022953509,-0.02862500000000002,101821.14316703509,63201.5
1786646996556,100012.00026110026,-0.02862500000000002,101821.14319860026,63201.5
1786647001933,100012.0002929545,-0.02862500000000002,101821.1432304545,63201.5
1786647007337,100012.00033188995,-0.02862500000000002,101821.14326938996,63201.5
1786647012726,100012.00036365674,-0.02862500000000002,101821.14330115674,63201.5
1786647018135,100011.94314558689,-0.02862500000000002,101821.14333308689,63203.5
1786647023633,100011.8000530138,-0.02862500000000002,101821.1433655138,63208.5
1786647028633,100011.59970987713,-0.02862500000000002,101821.14339737713,63215.5
1786647034158,100011.59974784039,-0.02862500000000002,101821.14343534039,63215.5
1786647039656,100011.37078125436,-0.02862500000000002,101821.14346875437,63223.5
1786647044751,100011.37081272952,-0.02862500000000002,101821.14350022953,63223.5
1786647050128,100011.37084548683,-0.02862500000000002,101821.14353298684,63223.5
1786647055555,100011.37088413305,-0.02862500000000002,101821.14357163306,63223.5
1786647060988,100011.37091646245,-0.02862500000000002,101821.14360396245,63223.5
1786647066286,100011.37094865987,-0.02862500000000002,101821.14363615988,63223.5
1786647071694,100011.08473158715,-0.02862500000000002,101821.14366908715,63233.5
1786647077127,100011.084770036,-0.02862500000000002,101821.143707536,63233.5
1786647082520,100011.08480220557,-0.02862500000000002,101821.14373970557,63233.5
1786647087888,100010.62683487798,-0.02862500000000002,101821.14377237798,63249.5
1786647093242,100010.62686663451,-0.02862500000000002,101821.14380413451,63249.5
1786647098622,100010.8845302882,-0.02862500000000002,101821.1438427882,63240.5
1786647104010,100010.65556192517,-0.02862500000000002,101821.14387442518,63248.5
1786647109409,100010.6555939897,-0.02862500000000002,101821.1439064897,63248.5
1786647114774,100010.62700682585,-0.02862500000000002,101821.14394432584,63249.5
1786647120163,100010.598414406,-0.02862500000000002,101821.14397690601,63250.5
1786647125636,100010.56982113297,-0.02862500000000002,101821.14400863297,63251.5
1786647130982,100010.05460320023,-0.02862500000000002,101821.14404070024,63269.5
1786647136347,100010.05464197231,-0.02862500000000002,101821.14407947232,63269.5
1786647141847,100010.08329893465,-0.02862500000000002,101821.14411143465,63268.5
1786647147208,100010.09764328114,-0.02862500000000002,101821.14414328114,63268.0
1786647152581,100010.36961992845,-0.02862500000000002,101821.14418242844,63258.5
1786647158085,100010.36965188058,-0.02862500000000002,101821.14421438058,63258.5
1786647163444,100010.36968396486,-0.02862500000000002,101821.14424646486,63258.5
1786647168763,100010.3697164884,-0.02862500000000002,101821.1442789884,63258.5
1786647174138,100010.36975469625,-0.02862500000000002,101821.14431719625,63258.5
1786647179602,100010.22666147181,-0.02862500000000002,101821.14434897181,63263.5
1786647184994,100009.8831945944,-0.02862500000000002,101821.1443820944,63275.5
1786647190411,100008.64836267622,-0.02872000000000002,101827.15568267622,63318.5
1786647195743,100009.30896215905,-0.02872000000000002,101827.15572215905,63295.5
1786647201124,100009.30899372793,-0.02872000000000002,101827.15575372793,63295.5
1786647206649,100009.22286566749,-0.02872000000000002,101827.15578566749,63298.5
1786647212069,100009.22290464019,-0.02872000000000002,101827.1558246402,63298.5
1786647217453,100009.22293631459,-0.02872000000000002,101827.1558563146,63298.5
1786647222852,100009.22296930218,-0.02872000000000002,101827.15588930219,63298.5
1786647228223,100009.22300741625,-0.02872000000000002,101827.15592741626,63298.5
1786647233618,100009.1943204733,-0.02872000000000002,101827.15596047329,63299.5
1786647238881,100008.59123249182,-0.02872000000000002,101827.15599249183,63320.5
1786647244342,100008.44766523156,-0.02872000000000002,101827.15602523157,63325.5
1786647249404,100008.18921802432,-0.02872000000000002,101827.15605802432,63334.5
1786647254727,100007.52868959052,-0.02872000000000002,101827.15608959051,63357.5
1786647260155,100007.58616729455,-0.02872000000000002,101827.15612729455,63355.5
1786647265551,100007.58619912286,-0.02872000000000002,101827.15615912287,63355.5
1786647271029,100008.13191184009,-0.02872000000000002,101827.15619184008,63336.5
1786647276345,100008.24683062495,-0.02872000000000002,101827.15623062495,63332.5
1786647281745,100008.07454241543,-0.02872000000000002,101827.15626241543,63338.5
1786647287224,100008.07457439195,-0.02872000000000002,101827.15629439196,63338.5
1786647292259,100007.67252633366,-0.02872000000000002,101827.15632633366,63352.5
1786647297573,100008.04592464844,-0.02872000000000002,101827.15636464844,63339.5
1786647302617,100008.18955696387,-0.02872000000000002,101827.15639696388,63334.5
1786647307998,100008.16086868152,-0.02872000000000002,101827.15642868151,63335.5
1786647313387,100008.24706133643,-0.02872000000000002,101827.15646133643,63332.5
1786647318917,100008.36198012372,-0.02872000000000002,101827.15650012372,63328.5
1786647324315,100008.36201231262,-0.02872000000000002,101827.15653231261,63328.5
1786647329852,100008.36204444426,-0.02872000000000002,101827.15656444426,63328.5
1786647335213,100008.30464284724,-0.02872000000000002,101827.15660284724,63330.5
1786647340598,100008.30467503464,-0.02872000000000002,101827.15663503464,63330.5
1786647345961,100008.30470731034,-0.02872000000000002,101827.15666731034,63330.5
1786647351341,100008.30473985038,-0.02872000000000002,101827.15669985038,63330.5
1786647356740,100008.30477814165,-0.02872000000000002,101827.15673814165,63330.5
1786647362199,100008.30481120302,-0.02872000000000002,101827.15677120302,63330.5
1786647367576,100008.30484327293,-0.02872000000000002,101827.15680327293,63330.5
1786647372944,100008.3048756804,-0.02872000000000002,101827.1568356804,63330.5
1786647378330,100008.30491379983,-0.02872000000000002,101827.15687379983,63330.5
1786647383790,100008.30494570093,-0.02872000000000002,101827.15690570093,63330.5
1786647389137,100008.30497791739,-0.02872000000000002,101827.15693791739,63330.5
1786647394501,100008.3050160069,-0.02872000000000002,101827.1569760069,63330.5
1786647399963,100008.30504822877,-0.02872000000000002,101827.15700822877,63330.5
1786647405085,100008.30508147448,-0.02872000000000002,101827.15704147448,63330.5
1786647410069,100008.30511334706,-0.02872000000000002,101827.15707334706,63330.5
1786647415440,100008.3051452639,-0.02872000000000002,101827.1571052639,63330.5
1786647420900,100008.30517833828,-0.02872000000000002,101827.15713833828,63330.5
1786647426359,100008.30521660548,-0.02872000000000002,101827.15717660548,63330.5
1786647431391,100008.04676962383,-0.02872000000000002,101827.15720962384,63339.5
1786647436764,100008.04680176577,-0.02872000000000002,101827.15724176577,63339.5
1786647442129,100007.84579407194,-0.02872000000000002,101827.15727407194,63346.5
1786647447481,100007.75967218868,-0.02872000000000002,101827.15731218868,63349.5
1786647452829,100007.7597038942,-0.02872000000000002,101827.1573438942,63349.5
1786647458340,100007.90333675405,-0.02872000000000002,101827.15737675405,63344.5
1786647463717,100008.13313458358,-0.02872000000000002,101827.15741458358,63336.5
1786647469139,100008.13316651032,-0.02872000000000002,101827.15744651032,63336.5
1786647474498,100008.13319869549,-0.02872000000000002,101827.15747869549,63336.5
1786647479952,100008.33427739826,-0.02872000000000002,101827.15751739826,63329.5
1786647485416,100008.33430985195,-0.02872000000000002,101827.15754985195,63329.5
1786647490784,100008.16202256628,-0.02872000000000002,101827.15758256627,63335.5
1786647496172,100008.1333342211,-0.02872000000000002,101827.1576142211,63336.5
1786647501541,100008.13337282775,-0.02872000000000002,101827.15765282775,63336.5
1786647506990,100008.13340468009,-0.02872000000000002,101827.15768468009,63336.5
1786647512402,100008.13343662088,-0.02872000000000002,101827.15771662087,63336.5
1786647517767,100008.13347576212,-0.02872000000000002,101827.15775576212,63336.5
1786647523122,100008.67918924884,-0.02872000000000002,101827.15778924884,63317.5
1786647528552,100008.88026065838,-0.02872000000000002,101827.15782065838,63310.5
1786647533925,100008.88029225038,-0.02872000000000002,101827.15785225038,63310.5
1786647539311,100008.88033049797,-0.02872000000000002,101827.15789049797,63310.5
1786647544646,100008.93780259493,-0.02872000000000002,101827.15792259492,63308.5
1786647550029,100009.02399432485,-0.02872000000000002,101827.15795432485,63305.5
1786647555488,100009.13891357335,-0.02872000000000002,101827.15799357335,63301.5
1786647560850,100009.13894578641,-0.02872000000000002,101827.15802578641,63301.5
1786647566247,100009.16769791109,-0.02872000000000002,101827.15805791109,63300.5
1786647571754,100009.22517666346,-0.02872000000000002,101827.15809666346,63298.5
1786647577113,100009.22520884292,-0.02872000000000002,101827.15812884293,63298.5
1786647582524,100009.22524113602,-0.02872000000000002,101827.15816113603,63298.5
1786647588016,100009.2252729809,-0.02872000000000002,101827.1581929809,63298.5
1786647593505,100009.22531243974,-0.02872000000000002,101827.15823243975,63298.5
1786647598953,100009.2253447581,-0.02872000000000002,101827.15826475811,63298.5
1786647604377,100009.22537720276,-0.02872000000000002,101827.15829720277,63298.5
1786647609799,100009.19669530418,-0.02872000000000002,101827.1583353042,63299.5
1786647615156,100008.77085616732,-0.03872000000000002,102460.15341616732,63310.5
1786647620617,100008.65474070152,-0.03872000000000002,102460.15346070152,63313.5
1786647626067,100008.49991236786,-0.03872000000000002,102460.15351236786,63317.5
1786647631446,100008.49995544781,-0.03872000000000002,102460.15355544782,63317.5
1786647636820,100008.77103942174,-0.03872000000000002,102460.15359942174,63310.5
1786647642343,100008.77109142704,-0.03872000000000002,102460.15365142704,63310.5
1786647647708,100008.77113483433,-0.03872000000000002,102460.15369483433,63310.5
1786647653065,100008.69373906786,-0.03872000000000002,102460.15373906787,63312.5
1786647658497,100008.34530227339,-0.03872000000000002,102460.1537822734,63321.5
1786647663904,100008.30663494296,-0.03872000000000002,102460.15383494296,63322.5
1786647669380,100008.30667921194,-0.03872000000000002,102460.15387921194,63322.5
1786647674661,100007.95824291042,-0.03872000000000002,102460.15392291042,63331.5
1786647680053,100007.95828593789,-0.03872000000000002,102460.15396593789,63331.5
1786647685416,100007.95833759257,-0.03872000000000002,102460.15401759258,63331.5
1786647690721,100007.95838120906,-0.03872000000000002,102460.15406120906,63331.5
1786647696105,100007.76482423166,-0.03872000000000002,102460.15410423167,63336.5
1786647701490,100008.07462774946,-0.03872000000000002,102460.15414774946,63328.5
1786647706876,100008.07468041021,-0.03872000000000002,102460.15420041021,63328.5
1786647712258,100008.26832381409,-0.03872000000000002,102460.15424381409,63323.5
1786647717623,100008.2683668171,-0.03872000000000002,102460.1542868171,63323.5
1786647723072,100008.03609864983,-0.03872000000000002,102460.15433864982,63329.5
1786647728672,100008.03614161047,-0.03872000000000002,102460.15438161047,63329.5
1786647734160,100008.03619316418,-0.03872000000000002,102460.15443316418,63329.5
1786647739569,100008.15239759805,-0.03872000000000002,102460.15447759806,63326.5
1786647744622,100008.15244059126,-0.03872000000000002,102460.15452059127,63326.5
1786647750110,100008.15248372062,-0.03872000000000002,102460.15456372063,63326.5
1786647755461,100008.15253406233,-0.03872000000000002,102460.15461406234,63326.5
1786647760468,100007.80408975795,-0.03872000000000002,102460.15464975795,63335.5
1786647765498,100007.72669273778,-0.03872000000000002,102460.15469273778,63337.5
1786647770878,100007.53314494631,-0.03872000000000002,102460.15474494631,63342.5
1786647776202,100008.03654838206,-0.03872000000000002,102460.15478838206,63329.5
1786647781801,100008.03659267299,-0.03872000000000002,102460.15483267298,63329.5
1786647787221,100008.03664398065,-0.03872000000000002,102460.15488398065,63329.5
1786647792681,100008.1915666529,-0.03872000000000002,102460.15492665289,63325.5
1786647798074,100008.34649026736,-0.03872000000000002,102460.15497026737,63321.5
1786647803378,100008.34654237005,-0.03872000000000002,102460.15502237006,63321.5
1786647808880,100008.34658578743,-0.03872000000000002,102460.15506578743,63321.5
1786647814331,100008.88870878701,-0.03872000000000002,102460.15510878702,63307.5
1786647819442,100008.77259180332,-0.03872000000000002,102460.15515180332,63310.5
1786647824699,100008.11440432988,-0.03872000000000002,102460.15520432989,63327.5
1786647830284,100008.1144472678,-0.03872000000000002,102460.1552472678,63327.5
1786647835674,100008.1144923047,-0.03872000000000002,102460.1552923047,63327.5
1786647841111,100008.42430338738,-0.03872000000000002,102460.15534338738,63319.5
1786647846681,100008.42434717665,-0.03872000000000002,102460.15538717665,63319.5
1786647852163,100008.42439094018,-0.03872000000000002,102460.15543094018,63319.5
1786647857278,100008.424434082,-0.03872000000000002,102460.155474082,63319.5
1786647862861,100008.42448586557,-0.03872000000000002,102460.15552586557,63319.5
1786647868111,100008.85044950868,-0.03872000000000002,102460.15556950869,63308.5
1786647873353,100008.85049285722,-0.03872000000000002,102460.15561285723,63308.5
1786647878737,100008.85053588115,-0.03872000000000002,102460.15565588116,63308.5
1786647884189,100008.85058860989,-0.03872000000000002,102460.15570860989,63308.5
1786647889553,100008.85063252857,-0.03872000000000002,102460.15575252858,63308.5
1786647895005,100008.85067546753,-0.03872000000000002,102460.15579546754,63308.5
1786647900381,100008.85072754913,-0.03872000000000002,102460.15584754913,63308.5
1786647905790,100008.85077019846,-0.03872000000000002,102460.15589019847,63308.5
1786647911197,100008.85081335864,-0.03872000000000002,102460.15593335865,63308.5
1786647916566,100008.81214575523,-0.03872000000000002,102460.15598575523,63309.5
1786647921935,100008.81218875371,-0.03872000000000002,102460.15602875371,63309.5
1786647927262,100008.23143303973,-0.03872000000000002,102460.15607303973,63324.5
1786647932686,100008.15403714622,-0.03872000000000002,102460.15611714622,63326.5
1786647938080,100007.72816966513,-0.03872000000000002,102460.15616966513,63337.5
1786647943468,100007.72821247185,-0.03872000000000002,102460.15621247185,63337.5
1786647948835,100007.72825595141,-0.03872000000000002,102460.15625595141,63337.5
1786647954279,100007.72829985684,-0.03872000000000002,102460.15629985684,63337.5
1786647959646,100007.72835111247,-0.03872000000000002,102460.15635111247,63337.5
1786647965027,100007.26375394556,-0.03872000000000002,102460.15639394557,63349.5
1786647970469,100006.99275781422,-0.03872000000000002,102460.15643781422,63356.5
1786647975846,100006.95408908137,-0.03872000000000002,102460.15648908136,63357.5
1786647981271,100006.95413387803,-0.03872000000000002,102460.15653387802,63357.5
1786647986645,100006.95417727872,-0.03872000000000002,102460.15657727871,63357.5
1786647992032,100006.954228731,-0.03872000000000002,102460.156628731,63357.5
1786647997464,100006.95427191,-0.03872000000000002,102460.15667191,63357.5
1786648002745,100006.10247538239,-0.03872000000000002,102460.15671538239,63379.5
1786648008128,100006.10251902684,-0.03872000000000002,102460.15675902684,63379.5
1786648013527,100006.10257121253,-0.03872000000000002,102460.15681121252,63379.5
1786648018988,100005.59823313571,-0.03880500000000002,102465.54419563571,63392.5
1786648024358,100005.59827605155,-0.03880500000000002,102465.54423855155,63392.5
1786648029787,100005.79235344817,-0.03880500000000002,102465.54429094816,63387.5
1786648035278,100005.7923972472,-0.03880500000000002,102465.5443347472,63387.5
1786648040655,100006.02527034542,-0.03880500000000002,102465.54437784542,63381.5
1786648046085,100005.74240939952,-0.04880500000000002,103099.36934689952,63387.5
1786648051443,100005.45835367742,-0.058805000000000024,103733.25431617742,63392.5
1786648056873,100005.223199544,-0.058805000000000024,103733.25438204399,63396.5
1786648062265,100004.87044983784,-0.058805000000000024,103733.25446233783,63402.5
1786648067705,100004.87051498774,-0.058805000000000024,103733.25452748773,63402.5
1786648073071,100002.69479660262,-0.058805000000000024,103733.25459410262,63439.5
1786648078424,100001.12219039959,-0.06880500000000002,104367.6595028996,63462.5
1786648083791,100001.81031736697,-0.06880500000000002,104367.65957986697,63452.5
1786648089229,100001.25995434716,-0.06880500000000002,104367.65965684716,63460.5
1786648094818,100001.46646222206,-0.06880500000000002,104367.65974972206,63457.5
1786648100193,100000.76709050228,-0.07880500000000001,105002.24462300229,63466.5
1786648105603,99999.35609019049,-0.08880500000000001,105636.91950269049,63482.5
1786648110982,99998.29055155475,-0.08880500000000001,105636.91962405475,63494.5
1786648116349,99998.2906513105,-0.08880500000000001,105636.9197238105,63494.5
1786648121801,99998.11314173289,-0.08880500000000001,105636.91982423289,63496.5
1786648127171,99997.31399809674,-0.08880500000000001,105636.91992559674,63505.5
1786648132238,99997.49170873096,-0.08880500000000001,105636.92002623096,63503.5
1786648137649,99998.02463776397,-0.08880500000000001,105636.92012526398,63497.5
1786648142970,99997.24406808213,-0.098805,106271.90499558212,63505.5
1786648148291,99996.75015328519,-0.098805,106271.90510578519,63510.5
1786648153631,99997.34309338624,-0.098805,106271.90521588625,63504.5
1786648158994,99998.13364568783,-0.098805,106271.90532818783,63496.5
1786648164428,99999.71465861685,-0.098805,106271.90546111685,63480.5
1786648169859,100000.011181456,-0.098805,106271.90556895599,63477.5
1786648175277,100001.59217441054,-0.098805,106271.90568191055,63461.5
1786648180725,100002.18513796238,-0.098805,106271.90581546238,63455.5
1786648186074,100002.18524625916,-0.098805,106271.90592375916,63455.5
1786648191442,100002.18535771356,-0.098805,106271.90603521356,63455.5
1786648196613,100000.8022015707,-0.098805,106271.9061490707,63469.5
1786648202047,100000.20950395732,-0.098805,106271.90628145731,63475.5
1786648207357,100000.90124573436,-0.098805,106271.90638823436,63468.5
1786648212739,100001.49418588419,-0.098805,106271.9064983842,63462.5
1786648218098,100002.18595443522,-0.098805,106271.90663193521,63455.5
1786648223143,100002.18604853828,-0.098805,106271.90672603827,63455.5
1786648228658,100002.18618405845,-0.098805,106271.90686155844,63455.5
1786648234031,100002.1862928628,-0.098805,106271.90697036279,63455.5
1786648239414,100002.18640197716,-0.098805,106271.90707947715,63455.5
1786648244787,100002.18653323283,-0.098805,106271.90721073282,63455.5
1786648250170,100002.18664459007,-0.098805,106271.90732209006,63455.5
1786648255202,100001.19870616341,-0.098805,106271.90743366341,63465.5
1786648260754,100001.6928432497,-0.098805,106271.9075457497,63460.5
1786648266209,100002.18700084592,-0.098805,106271.90767834592,63455.5
1786648271522,100001.98950218986,-0.098805,106271.90778968985,63457.5
1786648276948,100002.08842089982,-0.098805,106271.90790339981,63456.5
1786648282322,100002.08853142956,-0.098805,106271.90801392955,63456.5
1786648287822,100002.08866536112,-0.098805,106271.90814786112,63456.5
1786648293206,100002.08877508399,-0.098805,106271.90825758399,63456.5
1786648298640,100002.18769370379,-0.098805,106271.90837120378,63455.5
1786648303814,100002.1878022293,-0.098805,106271.90847972929,63455.5
1786648308851,100002.1879139986,-0.098805,106271.90859149859,63455.5
1786648314082,100000.3107331844,-0.098805,106271.9087056844,63474.5
1786648319385,100000.31084303805,-0.098805,106271.90881553806,63474.5
1786648324706,100002.18827331264,-0.098805,106271.90895081263,63455.5
1786648330090,100002.1883818926,-0.098805,106271.9090593926,63455.5
1786648335159,100002.68252040773,-0.098805,106271.90917290773,63450.5
1786648340195,100002.68263167648,-0.098805,106271.90928417648,63450.5
1786648345561,100002.68274159667,-0.098805,106271.90939409667,63450.5
1786648350937,100002.68287255026,-0.098805,106271.90952505026,63450.5
1786648356291,100002.68298329964,-0.098805,106271.90963579965,63450.5
1786648361674,100002.68309302573,-0.098805,106271.90974552573,63450.5
1786648367052,100004.56049846612,-0.098805,106271.90985596612,63431.5
1786648372389,100004.56063110847,-0.098805,106271.90998860847,63431.5
1786648377657,100004.56074066635,-0.098805,106271.91009816635,63431.5
1786648383088,100004.5608512485,-0.098805,106271.91020874851,63431.5
1786648388516,100004.56098374655,-0.098805,106271.91034124655,63431.5
1786648393945,100004.56109454461,-0.098805,106271.91045204461,63431.5
1786648399445,100004.56120788903,-0.098805,106271.91056538903,63431.5
1786648404902,100004.56133881793,-0.098805,106271.91069631794,63431.5
1786648410119,100004.56145052724,-0.098805,106271.91080802724,63431.5
1786648415504,100004.5615650219,-0.098805,106271.9109225219,63431.5
1786648420893,100007.031800508,-0.098805,106271.911033008,63406.5
1786648426256,100007.03192874197,-0.098805,106271.91116124197,63406.5
1786648431766,100007.62487082215,-0.098805,106271.91127332216,63400.5
1786648437168,100008.21781313414,-0.098805,106271.91138563414,63394.5
1786648442556,100008.21794464445,-0.098805,106271.91151714444,63394.5
1786648448048,100007.72402973006,-0.098805,106271.91162723006,63399.5
1786648453455,100006.57936936081,-0.10459,106638.6835643608,63410.5
1786648458856,100008.04377077102,-0.10459,106638.68370577102,63396.5
1786648464316,100008.04388758558,-0.10459,106638.68382258558,63396.5
1786648469562,100008.04400391548,-0.10459,106638.68393891548,63396.5
1786648474931,100008.04414343306,-0.10459,106638.68407843306,63396.5
1786648480433,100007.41672038546,-0.10459,106638.68419538546,63402.5
1786648485940,100007.41683662693,-0.10459,106638.68431162693,63402.5
1786648491303,100007.41697725422,-0.10459,106638.68445225422,63402.5
1786648496791,100007.41709326541,-0.10459,106638.68456826541,63402.5
1786648501814,100007.41721187868,-0.10459,106638.68468687868,63402.5
1786648507237,100007.417328834,-0.10459,106638.684803834,63402.5
1786648512623,100008.35878121137,-0.10459,106638.68494621138,63393.5
1786648518077,100010.24151644914,-0.10459,106638.68506144914,63375.5
1786648523396,100010.24163451856,-0.10459,106638.68517951856,63375.5
1786648528696,100010.24175284119,-0.10459,106638.68529784119,63375.5
1786648534116,100010.24189563406,-0.10459,106638.68544063406,63375.5
1786648539477,100010.24201407179,-0.10459,106638.68555907179,63375.5
1786648544971,100010.24213066793,-0.10459,106638.68567566793,63375.5
1786648550290,100010.24224998044,-0.10459,106638.68579498044,63375.5
1786648555651,100010.24239088564,-0.10459,106638.68593588565,63375.5
1786648561058,100010.2425074803,-0.10459,106638.6860524803,63375.5
1786648566593,100010.24262354516,-0.10459,106638.68616854516,63375.5
1786648572017,100010.24276686521,-0.10459,106638.68631186521,63375.5
1786648577502,100010.24288099642,-0.10459,106638.68642599642,63375.5
1786648583006,100007.20991145197,-0.10459,106638.68656645197,63404.5
1786648588369,100007.21002729576,-0.10459,106638.68668229577,63404.5
1786648593749,100007.21014631976,-0.10459,106638.68680131977,63404.5
1786648599124,100007.2102626727,-0.10459,106638.6869176727,63404.5
1786648604488,100007.21040661138,-0.10459,106638.68706161139,63404.5
1786648609874,100009.72068449891,-0.10459,106638.68717949891,63380.5
1786648615218,100009.72079994647,-0.10459,106638.68729494647,63380.5
1786648620600,100009.61632801473,-0.10459,106638.68741301473,63381.5
1786648626037,100008.25679991572,-0.10459,106638.68755491571,63394.5
1786648631443,100008.25691584428,-0.10459,106638.68767084427,63394.5
1786648636807,100008.25703170466,-0.10459,106638.68778670466,63394.5
1786648642173,100006.79291329358,-0.10459,106638.68792829358,63408.5
1786648647546,100006.79302989262,-0.10459,106638.68804489262,63408.5
1786648652934,100006.68855805839,-0.10459,106638.6881630584,63409.5
1786648658322,100006.47949369336,-0.10459,106638.68827869336,63411.5
1786648663672,100006.47963572454,-0.10459,106638.68842072453,63411.5
1786648669049,100005.85221159463,-0.10459,106638.68853659462,63417.5
1786648674473,100005.64314970939,-0.10459,106638.68865470939,63419.5
1786648679831,100005.6432898722,-0.10459,106638.6887948722,63419.5
1786648685151,100005.64341031614,-0.10459,106638.68891531615,63419.5
1786648690506,100005.64352796893,-0.10459,106638.68903296893,63419.5
1786648695947,100005.64364684248,-0.10459,106638.68915184248,63419.5
1786648701361,100005.6437875283,-0.10459,106638.6892925283,63419.5
1786648706420,100005.74847104246,-0.10459,106638.68938604246,63418.5
1786648711779,100007.31746455003,-0.10459,106638.68952955003,63403.5
1786648717238,100007.31758050302,-0.10459,106638.68964550302,63403.5
1786648722284,100007.31769829777,-0.10459,106638.68976329778,63403.5
1786648727841,100007.00404468719,-0.10459,106638.68987968718,63406.5
1786648732858,100007.00416029742,-0.10459,106638.68999529742,63406.5
1786648738267,100007.00429969632,-0.10459,106638.69013469631,63406.5
1786648743690,100007.00441799263,-0.10459,106638.69025299263,63406.5
1786648749120,100007.00455743007,-0.10459,106638.69039243007,63406.5
1786648754525,100007.00467543204,-0.10459,106638.69051043203,63406.5
1786648759883,100007.0047926978,-0.10459,106638.6906276978,63406.5
1786648765253,100007.00490918056,-0.10459,106638.69074418055,63406.5
1786648770634,100007.0050494527,-0.10459,106638.69088445269,63406.5
1786648775665,100007.00516579728,-0.10459,106638.69100079728,63406.5
1786648781026,100007.00528209508,-0.10459,106638.69111709508,63406.5
1786648786415,100007.00539968311,-0.10459,106638.69123468311,63406.5
1786648791772,100007.00553804365,-0.10459,106638.69137304365,63406.5
1786648796908,100007.00565793416,-0.10459,106638.69149293416,63406.5
1786648802229,100007.0057771344,-0.10459,106638.6916121344,63406.5
1786648807586,100006.3783519124,-0.10459,106638.6917269124,63412.5
1786648812911,100005.85552003866,-0.10459,106638.69184503866,63417.5
1786648818335,100005.85563669734,-0.10459,106638.69196169733,63417.5
1786648823593,100005.96037184667,-0.10459,106638.69210684666,63416.5
1786648829055,100006.79720769188,-0.10459,106638.69222269188,63408.5
1786648834421,100006.79732278925,-0.10459,106638.69233778925,63408.5
1786648839824,100006.1699231502,-0.10459,106638.6924781502,63414.5
1786648845211,100006.17003812616,-0.10459,106638.69259312616,63414.5
1786648850558,100006.17015510928,-0.10459,106638.69271010929,63414.5
1786648856045,100006.17029899365,-0.10459,106638.69285399365,63414.5
1786648861421,100006.17041454506,-0.10459,106638.69296954507,63414.5
1786648866790,100006.1705311104,-0.10459,106638.6930861104,63414.5
1786648872135,100006.17066965236,-0.10459,106638.69322465236,63414.5
1786648877521,100006.17078557693,-0.10459,106638.69334057694,63414.5
1786648882920,100006.17090544013,-0.10459,106638.69346044013,63414.5
1786648888217,100006.7985662016,-0.10459,106638.6935812016,63408.5
1786648893262,100007.63540403044,-0.10459,106638.69369903044,63400.5
1786648898768,100007.63552020758,-0.10459,106638.69381520757,63400.5
1786648904275,100008.78615782954,-0.10459,106638.69396282954,63389.5
1786648909717,100008.78627504701,-0.10459,106638.694080047,63389.5
1786648915109,100010.04149060123,-0.10459,106638.69421560124,63377.5
1786648920471,100008.15898765637,-0.10459,106638.69433265636,63395.5
1786648925811,100008.15910661743,-0.10459,106638.69445161743,63395.5
1786648931202,100008.15922579508,-0.10459,106638.69457079508,63395.5
1786648936595,100008.15934419009,-0.10459,106638.69468919009,63395.5
1786648941978,100007.84571685715,-0.10459,106638.69483185715,63398.5
1786648947334,100007.8458352637,-0.10459,106638.6949502637,63398.5
1786648952738,100008.26431222085,-0.10459,106638.69506722085,63394.5
1786648958099,100008.2644287372,-0.10459,106638.69518373719,63394.5
1786648963467,100008.26456827378,-0.10459,106638.69532327377,63394.5
1786648968914,100008.26468547685,-0.10459,106638.69544047685,63394.5
1786648974286,100008.26480180492,-0.10459,106638.69555680492,63394.5
1786648979654,100009.31082029745,-0.10459,106638.69567529745,63384.5
1786648985119,100009.3109660388,-0.10459,106638.6958210388,63384.5
1786648990422,100009.31108202388,-0.10459,106638.69593702388,63384.5
1786648995475,100009.31119812225,-0.10459,106638.69605312224,63384.5
1786649000984,100009.31133579173,-0.10459,106638.69619079173,63384.5
1786649006343,100009.31145108453,-0.10459,106638.69630608453,63384.5
1786649011649,100007.74271840695,-0.10459,106638.69642340696,63399.5
1786649017084,100007.74283708484,-0.10459,106638.69654208484,63399.5
1786649022480,100007.74297987219,-0.10459,106638.6966848722,63399.5
1786649027845,100007.74309707712,-0.10459,106638.69680207712,63399.5
1786649033349,100007.74321792022,-0.10459,106638.69692292022,63399.5
1786649038464,100007.74333443434,-0.10459,106638.69703943434,63399.5
1786649043830,100007.74345235308,-0.10459,106638.69715735308,63399.5
1786649049281,100007.74359426543,-0.10459,106638.69729926543,63399.5
1786649054661,100007.74371089521,-0.10459,106638.69741589522,63399.5
1786649060102,100007.74382920717,-0.10459,106638.69753420718,63399.5
1786649065468,100007.74394880873,-0.10459,106638.69765380873,63399.5
1786649070876,100007.74409095335,-0.10459,106638.69779595335,63399.5
1786649076242,100007.11666845912,-0.10459,106638.69791345911,63405.5
1786649081652,100007.11678791045,-0.10459,106638.69803291044,63405.5
1786649087033,100007.11692757065,-0.10459,106638.69817257064,63405.5
1786649092476,100007.01245456927,-0.10459,106638.69828956926,63406.5
1786649097935,100005.65290201134,-0.10459,106638.69840701134,63419.5
1786649103308,100006.17599185166,-0.10459,106638.69854685167,63414.5
1786649108738,100006.17610848822,-0.10459,106638.69866348822,63414.5
1786649114075,100006.17622618431,-0.10459,106638.69878118431,63414.5
1786649119446,100006.17634390247,-0.10459,106638.69889890247,63414.5
1786649124863,100007.53615370851,-0.10459,106638.69903870851,63401.5
1786649130223,100007.5362692929,-0.10459,106638.6991542929,63401.5
1786649135606,100007.53638759442,-0.10459,106638.69927259441,63401.5
1786649141036,100007.53652632293,-0.10459,106638.69941132293,63401.5
1786649146396,100007.95500314787,-0.10459,106638.69952814787,63397.5
1786649151765,100007.9551201299,-0.10459,106638.6996451299,63397.5
1786649157247,100007.95526110707,-0.10459,106638.69978610707,63397.5
1786649162681,100007.85078866479,-0.10459,106638.69990366479,63398.5
1786649168088,100007.8509068476,-0.10459,106638.7000218476,63398.5
1786649173577,100007.85105165407,-0.10459,106638.70016665407,63398.5
1786649179052,100007.85116711793,-0.10459,106638.70028211793,63398.5
1786649184482,100007.85128428566,-0.10459,106638.70039928566,63398.5
1786649190021,100007.85142655417,-0.10459,106638.70054155418,63398.5
1786649195445,100007.85154300803,-0.10459,106638.70065800803,63398.5
1786649200772,100007.85166125807,-0.10459,106638.70077625808,63398.5
1786649206089,100006.80589996284,-0.10459,106638.70091496284,63408.5
1786649211435,100006.1784791022,-0.10459,106638.7010341022,63414.5
1786649216825,100005.76023707664,-0.10459,106638.70115207664,63418.5
1786649222222,100005.76035360481,-0.10459,106638.70126860481,63418.5
1786649227614,100005.96967477992,-0.10459,106638.70140977991,63416.5
1786649233030,100005.96979167387,-0.10459,106638.70152667386,63416.5
1786649238374,100005.96990935042,-0.10459,106638.70164435041,63416.5
1786649243731,100005.97002739551,-0.10459,106638.7017623955,63416.5
1786649249087,100005.97016999398,-0.10459,106638.70190499397,63416.5
1786649254600,100005.86569776267,-0.10459,106638.70202276266,63417.5
1786649259636,100007.6438461528,-0.10459,106638.7021411528,63400.5
1786649265027,100007.74855765406,-0.10459,106638.70226265406,63399.5
1786649270341,100007.74867353623,-0.10459,106638.70237853623,63399.5
1786649275776,100007.74881458937,-0.10459,106638.70251958937,63399.5
1786649281071,100006.49385160265,-0.10459,106638.70263660264,63411.5
1786649286459,100006.49397032628,-0.10459,106638.70275532627,63411.5
1786649291758,100006.49408677577,-0.10459,106638.70287177576,63411.5
1786649297130,100006.49422646716,-0.10459,106638.70301146715,63411.5
1786649302665,100006.49434388876,-0.10459,106638.70312888875,63411.5
1786649308036,100006.49446160861,-0.10459,106638.70324660861,63411.5
1786649313415,100006.49460344423,-0.10459,106638.70338844422,63411.5
1786649318785,100007.12225850839,-0.10459,106638.70350350838,63405.5
1786649324251,100007.12237543128,-0.10459,106638.70362043128,63405.5
1786649329628,100007.12251584399,-0.10459,106638.70376084399,63405.5
1786649335025,100007.12263083164,-0.10459,106638.70387583163,63405.5
1786649340385,100007.12274980378,-0.10459,106638.70399480377,63405.5
1786649345792,100007.12287126595,-0.10459,106638.70411626594,63405.5
1786649351319,100007.12301062535,-0.10459,106638.70425562534,63405.5
1786649356676,100007.12312667789,-0.10459,106638.70437167789,63405.5
1786649362105,100007.12324245405,-0.10459,106638.70448745404,63405.5
1786649367493,100007.12338517631,-0.10459,106638.7046301763,63405.5
1786649372842,100007.12350235734,-0.10459,106638.70474735733,63405.5
1786649378206,100007.12362075901,-0.10459,106638.704865759,63405.5
1786649383560,100007.12373665032,-0.10459,106638.70498165031,63405.5
1786649388950,100007.12387653979,-0.10459,106638.70512153978,63405.5
1786649394385,100007.12399319111,-0.10459,106638.7052381911,63405.5
1786649399772,100007.12413169874,-0.10459,106638.70537669874,63405.5
1786649405101,100008.48392125196,-0.10459,106638.70549625196,63392.5
1786649410279,100009.11157945149,-0.10459,106638.7056144515,63386.5
1786649415672,100009.11169468713,-0.10459,106638.70572968714,63386.5
1786649421208,100006.91544489274,-0.10459,106638.70586989274,63407.5
1786649426741,100006.91556392441,-0.10459,106638.70598892441,63407.5
1786649432176,100008.37993956498,-0.10459,106638.70610456499,63393.5
1786649437550,100006.811230624,-0.10459,106638.706245624,63408.5
1786649442668,100006.81132672746,-0.10459,106638.70634172746,63408.5
1786649448056,100006.81146636036,-0.10459,106638.70648136036,63408.5
1786649453267,100006.60240745856,-0.10459,106638.70660245857,63410.5
1786649458643,100006.49793560943,-0.10459,106638.70672060942,63411.5
1786649464030,100006.4980530028,-0.10459,106638.70683800279,63411.5
1786649469088,100006.49817097992,-0.10459,106638.70695597991,63411.5
1786649474388,100006.4983105185,-0.10459,106638.70709551849,63411.5
1786649479714,100006.49842835925,-0.10459,106638.70721335924,63411.5
1786649485019,100006.49854601575,-0.10459,106638.70733101574,63411.5
1786649490421,100006.81243295567,-0.10459,106638.70744795568,63408.5
1786649495498,100006.81255140527,-0.10459,106638.70756640527,63408.5
1786649500512,100006.81267010821,-0.10459,106638.70768510821,63408.5
1786649506111,100006.4990195021,-0.10459,106638.70780450209,63411.5
1786649511296,100006.49916066565,-0.10459,106638.70794566565,63411.5
1786649516729,100006.49927819964,-0.10459,106638.70806319964,63411.5
1786649522117,100006.4993958019,-0.10459,106638.7081808019,63411.5
1786649527502,100006.49951275816,-0.10459,106638.70829775816,63411.5
1786649532888,100006.49965346039,-0.10459,106638.70843846038,63411.5
1786649538200,100006.4997695184,-0.10459,106638.7085545184,63411.5
1786649543624,100006.39529668195,-0.10459,106638.70867168195,63412.5
1786649549004,100006.39541417008,-0.10459,106638.70878917008,63412.5
1786649554532,100006.39555612272,-0.10459,106638.70893112272,63412.5
1786649559900,100006.39567296935,-0.10459,106638.70904796934,63412.5
1786649565257,100006.39581266475,-0.10459,106638.70918766475,63412.5
1786649570671,100006.39592898163,-0.10459,106638.70930398162,63412.5
1786649576120,100006.3960457822,-0.10459,106638.7094207822,63412.5
1786649581512,100006.39618674373,-0.10459,106638.70956174373,63412.5
1786649587020,100006.39630291777,-0.10459,106638.70967791777,63412.5
1786649592411,100006.39642014561,-0.10459,106638.70979514561,63412.5
1786649597821,100006.39656224694,-0.10459,106638.70993724694,63412.5
1786649603179,100005.66454936365,-0.10459,106638.71005436365,63419.5
1786649608569,100005.35089769331,-0.10459,106638.7101726933,63422.5
1786649613714,100005.35101491955,-0.10459,106638.71028991955,63422.5
1786649619161,100005.35115495067,-0.10459,106638.71042995066,63422.5
1786649624464,100005.35127155496,-0.10459,106638.71054655495,63422.5
1786649629924,100005.66516292754,-0.10459,106638.71066792755,63419.5
1786649635352,100005.66527930148,-0.10459,106638.71078430148,63419.5
1786649640748,100006.08378209482,-0.10459,106638.71092709483,63415.5
1786649646116,100006.08389898852,-0.10459,106638.71104398853,63415.5
1786649651472,100006.08401735533,-0.10459,106638.71116235534,63415.5
1786649656825,100006.50249396995,-0.10459,106638.71127896995,63411.5
1786649662380,100007.33935471214,-0.10459,106638.71141971214,63403.5
1786649667759,100007.33947278502,-0.10459,106638.71153778503,63403.5
1786649673129,100007.33958869083,-0.10459,106638.71165369083,63403.5
1786649678492,100007.33972737024,-0.10459,106638.71179237025,63403.5
1786649683926,100007.33984486315,-0.10459,106638.71190986315,63403.5
1786649689291,100007.33996037557,-0.10459,106638.71202537557,63403.5
1786649694659,100007.96764273889,-0.10459,106638.7121677389,63397.5
1786649700129,100007.8631682263,-0.10459,106638.7122832263,63398.5
1786649705448,100007.86328640577,-0.10459,106638.71240140578,63398.5
1786649710845,100007.86340656567,-0.10459,106638.71252156567,63398.5
1786649716207,100007.34059445708,-0.10459,106638.71265945709,63403.5
1786649721600,100007.34071259073,-0.10459,106638.71277759073,63403.5
1786649726962,100007.34083212943,-0.10459,106638.71289712943,63403.5
1786649732134,100007.34094812175,-0.10459,106638.71301312176,63403.5
1786649737559,100007.44567628994,-0.10459,106638.71315128994,63402.5
1786649743009,100007.65497396317,-0.10459,106638.71326896317,63400.5
1786649748462,100007.96886191276,-0.10459,106638.71338691276,63397.5
1786649753825,100009.8516206647,-0.10459,106638.7135256647,63379.5
1786649759182,100009.85173639326,-0.10459,106638.71364139326,63379.5
1786649764627,100009.85185419221,-0.10459,106638.71375919221,63379.5
1786649769671,100009.85197017234,-0.10459,106638.71387517234,63379.5
1786649774681,100009.85208700421,-0.10459,106638.71399200421,63379.5
1786649780066,100009.85222731756,-0.10459,106638.71413231756,63379.5
1786649785179,100009.85234477234,-0.10459,106638.71424977234,63379.5
1786649790544,100009.85246192815,-0.10459,106638.71436692815,63379.5
1786649795927,100009.22504207755,-0.10459,106638.71448707755,63385.5
1786649801276,100007.17245170966,-0.11459000000000001,107272.57951670967,63403.5
1786649806679,100007.1726049644,-0.11459000000000001,107272.57966996441,63403.5
1786649812169,100007.17273402245,-0.11459000000000001,107272.57979902245,63403.5
1786649817612,100006.3707321217,-0.11459000000000001,107272.5799271217,63410.5
1786649822988,100005.13486552035,-0.12459000000000002,107906.69496052036,63420.5
1786649828342,100005.13500475683,-0.12459000000000002,107906.69509975683,63420.5
1786649833719,100005.13514358176,-0.12459000000000002,107906.69523858177,63420.5
1786649839088,100005.13531047347,-0.12459000000000002,107906.69540547348,63420.5
1786649844434,100005.1354493807,-0.12459000000000002,107906.69554438071,63420.5
1786649849664,100005.13559070532,-0.12459000000000002,107906.69568570533,63420.5
1786649855096,100004.13901130165,-0.12459000000000002,107906.69582630166,63428.5
1786649860481,100004.13918067524,-0.12459000000000002,107906.69599567524,63428.5
1786649865818,100004.13932014113,-0.12459000000000002,107906.69613514113,63428.5
1786649871227,100004.13946166524,-0.12459000000000002,107906.69627666524,63428.5
1786649876666,100004.01501214653,-0.12459000000000002,107906.69641714652,63429.5
1786649882041,100004.01517892226,-0.12459000000000002,107906.69658392225,63429.5
1786649887450,100004.01531918267,-0.12459000000000002,107906.69672418266,63429.5
1786649892852,100004.01545837369,-0.12459000000000002,107906.69686337368,63429.5
1786649898182,100004.0155979757,-0.12459000000000002,107906.69700297569,63429.5
1786649903590,100004.01576713256,-0.12459000000000002,107906.69717213255,63429.5
1786649908935,100004.01590587836,-0.12459000000000002,107906.69731087836,63429.5
1786649914310,100004.01604390559,-0.12459000000000002,107906.69744890559,63429.5
1786649919632,100004.0162104361,-0.12459000000000002,107906.69761543609,63429.5
1786649925010,100004.01634865178,-0.12459000000000002,107906.69775365178,63429.5
1786649930378,100004.01648667463,-0.12459000000000002,107906.69789167463,63429.5
1786649935819,100004.01665499051,-0.12459000000000002,107906.69805999051,63429.5
1786649941201,100004.01679342495,-0.12459000000000002,107906.69819842494,63429.5
1786649946575,100004.01693567433,-0.12459000000000002,107906.69834067432,63429.5
1786649952030,100004.01707734748,-0.12459000000000002,107906.69848234748,63429.5
1786649957474,100004.01724753086,-0.12459000000000002,107906.69865253086,63429.5
1786649962960,100004.01738774969,-0.12459000000000002,107906.69879274968,63429.5
1786649968474,100004.01752665135,-0.12459000000000002,107906.69893165135,63429.5
1786649973834,100004.01769611824,-0.12459000000000002,107906.69910111824,63429.5
1786649979207,100004.0178366597,-0.12459000000000002,107906.69924165969,63429.5
1786649984582,100004.14256388071,-0.12459000000000002,107906.69937888072,63428.5
1786649989944,100004.14273007483,-0.12459000000000002,107906.69954507484,63428.5
1786649995251,100005.01500003655,-0.12459000000000002,107906.69968503655,63421.5
1786650000626,100005.76268079001,-0.12459000000000002,107906.69982579001,63415.5
1786650005997,100003.02184318652,-0.12459000000000002,107906.69996818653,63437.5
1786650011354,100003.02201132155,-0.12459000000000002,107906.70013632155,63437.5
1786650016735,100003.02215186437,-0.12459000000000002,107906.70027686437,63437.5
1786650022254,100003.02229045863,-0.12459000000000002,107906.70041545863,63437.5
1786650027624,100003.76997242858,-0.12459000000000002,107906.70055742857,63431.5
1786650033011,100005.38981131423,-0.12459000000000002,107906.70072631423,63418.5
1786650038403,100005.38995352422,-0.12459000000000002,107906.70086852422,63418.5
1786650043779,100005.39009326113,-0.12459000000000002,107906.70100826112,63418.5
1786650049221,100005.39026084666,-0.12459000000000002,107906.70117584665,63418.5
1786650054618,100005.39039907586,-0.12459000000000002,107906.70131407585,63418.5
1786650059988,100005.3905371413,-0.12459000000000002,107906.7014521413,63418.5
1786650065097,100005.39068327336,-0.12459000000000002,107906.70159827336,63418.5
1786650070198,100005.39082111929,-0.12459000000000002,107906.70173611928,63418.5
1786650075632,100005.39096110537,-0.12459000000000002,107906.70187610536,63418.5
1786650081073,100005.39112910512,-0.12459000000000002,107906.70204410511,63418.5
1786650086484,100005.39127197211,-0.12459000000000002,107906.7021869721,63418.5
1786650091992,100005.39141171123,-0.12459000000000002,107906.70232671122,63418.5
1786650097352,100005.39157707695,-0.12459000000000002,107906.70249207695,63418.5
1786650102790,100005.3917172825,-0.12459000000000002,107906.7026322825,63418.5
1786650108148,100005.39185680212,-0.12459000000000002,107906.70277180211,63418.5
1786650113576,100005.3920250488,-0.12459000000000002,107906.7029400488,63418.5
1786650118973,100005.39216338862,-0.12459000000000002,107906.70307838861,63418.5
1786650124358,100005.39230175586,-0.12459000000000002,107906.70321675585,63418.5
1786650129718,100005.39243965666,-0.12459000000000002,107906.70335465665,63418.5
1786650135180,100005.39260834233,-0.12459000000000002,107906.70352334232,63418.5
1786650140532,100005.39274632598,-0.12459000000000002,107906.70366132597,63418.5
1786650145921,100005.39291408645,-0.12459000000000002,107906.70382908644,63418.5
1786650151299,100005.51764438077,-0.12459000000000002,107906.70396938077,63417.5
1786650156705,100005.64237398843,-0.12459000000000002,107906.70410898843,63416.5
1786650162060,100006.01628312106,-0.12459000000000002,107906.70424812107,63413.5
1786650167443,100006.0164487272,-0.12459000000000002,107906.7044137272,63413.5
1786650172802,100006.01659290551,-0.12459000000000002,107906.70455790551,63413.5
1786650178232,100006.01673513584,-0.12459000000000002,107906.70470013584,63413.5
1786650183647,100006.01687229043,-0.12459000000000002,107906.70483729044,63413.5
1786650189066,100006.01703915863,-0.12459000000000002,107906.70500415863,63413.5
1786650194404,100006.01717812402,-0.12459000000000002,107906.70514312403,63413.5
1786650199777,100006.01731783018,-0.12459000000000002,107906.70528283018,63413.5
1786650205163,100009.13220942901,-0.12459000000000002,107906.705424429,63388.5
1786650210288,100009.13235071543,-0.12459000000000002,107906.70556571543,63388.5
1786650215572,100009.88006224917,-0.12459000000000002,107906.70573724917,63382.5
1786650221044,100009.13266062074,-0.12459000000000002,107906.70587562074,63388.5
1786650226501,100007.74334372336,-0.12648500000000001,108026.82910122335,63399.5
1786650231792,100007.74348778174,-0.12648500000000001,108026.82924528174,63399.5
1786650237348,100009.38796215407,-0.12648500000000001,108026.82941465407,63386.5
1786650242857,100009.76755850826,-0.12648500000000001,108026.82955600826,63383.5
1786650248215,100009.7677265859,-0.12648500000000001,108026.8297240859,63383.5
1786650253584,100009.76786804611,-0.12648500000000001,108026.82986554611,63383.5
1786650259014,100009.7680094228,-0.12648500000000001,108026.8300069228,63383.5
1786650264424,100009.76818061828,-0.12648500000000001,108026.83017811828,63383.5
1786650269869,100008.62995658544,-0.12648500000000001,108026.83031908545,63392.5
1786650275230,100008.63009619982,-0.12648500000000001,108026.83045869983,63392.5
1786650280653,100008.63027032376,-0.12648500000000001,108026.83063282377,63392.5
1786650286028,100006.10071284212,-0.12648500000000001,108026.83077534212,63412.5
1786650291409,100006.10085316357,-0.12648500000000001,108026.83091566358,63412.5
1786650296779,100006.1009934298,-0.12648500000000001,108026.83105592981,63412.5
1786650302144,100006.10116672727,-0.12648500000000001,108026.83122922727,63412.5
1786650307497,100005.34239740785,-0.12648500000000001,108026.83136990784,63418.5
1786650312838,100003.31878282977,-0.12648500000000001,108026.83151532977,63434.5
1786650318244,100003.31892618317,-0.12648500000000001,108026.83165868318,63434.5
1786650323647,100003.31909522989,-0.12648500000000001,108026.8318277299,63434.5
1786650329091,100003.31923630681,-0.12648500000000001,108026.83196880681,63434.5
1786650334391,100000.7896783393,-0.12648500000000001,108026.8321108393,63454.5
1786650339691,100000.78981833269,-0.12648500000000001,108026.8322508327,63454.5
1786650345053,100000.78999227787,-0.12648500000000001,108026.83242477788,63454.5
1786650350441,99999.65176987575,-0.12648500000000001,108026.83256737575,63463.5
1786650355851,100001.67567144401,-0.12648500000000001,108026.83270894401,63447.5
1786650361237,100002.30824064199,-0.12648500000000001,108026.83285314198,63442.5
1786650366648,100002.30841232644,-0.12648500000000001,108026.83302482644,63442.5
1786650372077,100002.30855280302,-0.12648500000000001,108026.83316530302,63442.5
1786650377404,100002.30869286222,-0.12648500000000001,108026.83330536222,63442.5
1786650382786,100002.30886179075,-0.12648500000000001,108026.83347429075,63442.5
1786650388150,100007.24191965302,-0.12648500000000001,108026.83361715302,63403.5
1786650393577,100008.38042756042,-0.12648500000000001,108026.83376006043,63394.5
1786650398940,100008.38059313974,-0.12648500000000001,108026.83392563974,63394.5
1786650404309,100008.38073643766,-0.12648500000000001,108026.83406893765,63394.5
1786650409685,100008.38087720153,-0.12648500000000001,108026.83420970153,63394.5
1786650415072,100008.38101735277,-0.12648500000000001,108026.83434985277,63394.5
1786650420519,100008.38118499113,-0.12648500000000001,108026.83451749112,63394.5
1786650425873,100005.34568982745,-0.12648500000000001,108026.83466232744,63418.5
1786650431270,100005.3458340295,-0.12648500000000001,108026.8348065295,63418.5
1786650436724,100005.34600207492,-0.12648500000000001,108026.83497457491,63418.5
1786650442095,100005.34614427146,-0.12648500000000001,108026.83511677146,63418.5
1786650447472,100005.34628287479,-0.12648500000000001,108026.83525537478,63418.5
1786650452836,100005.34645105946,-0.12648500000000001,108026.83542355946,63418.5
1786650458245,100005.34659437017,-0.12648500000000001,108026.83556687017,63418.5
1786650463789,100005.3467360375,-0.12648500000000001,108026.8357085375,63418.5
1786650469220,100005.97933066999,-0.12648500000000001,108026.83587817,63413.5
1786650474252,100005.97947367009,-0.12648500000000001,108026.8360211701,63413.5
1786650479685,100005.97961491514,-0.12648500000000001,108026.83616241514,63413.5
1786650485119,100008.13000226358,-0.12648500000000001,108026.83630476358,63396.5
1786650490478,100008.13017088376,-0.12648500000000001,108026.83647338375,63396.5
1786650495844,100006.3595214954,-0.12648500000000001,108026.8366139954,63410.5
1786650501220,100006.35966231153,-0.12648500000000001,108026.83675481153,63410.5
1786650506589,100006.35982966998,-0.12648500000000001,108026.83692216998,63410.5
1786650511981,100006.3599729649,-0.12648500000000001,108026.8370654649,63410.5
1786650517335,100006.36011467226,-0.12648500000000001,108026.83720717227,63410.5
1786650522732,100007.62510629446,-0.12648500000000001,108026.83734879446,63400.5
1786650528126,100007.62527876339,-0.12648500000000001,108026.83752126338,63400.5
1786650533172,100007.62539555827,-0.12648500000000001,108026.83763805826,63400.5
1786650538204,100007.62553685946,-0.12648500000000001,108026.83777935946,63400.5
1786650543594,100007.62570542688,-0.12648500000000001,108026.83794792688,63400.5
1786650548967,100007.62584556574,-0.12648500000000001,108026.83808806574,63400.5
1786650554393,100007.62598779333,-0.12648500000000001,108026.83823029333,63400.5
1786650559769,100007.62616012627,-0.12648500000000001,108026.83840262626,63400.5
1786650564893,100007.62630246517,-0.12648500000000001,108026.83854496517,63400.5
1786650570271,100007.62644511009,-0.12648500000000001,108026.83868761008,63400.5
1786650575645,100007.62658613996,-0.12648500000000001,108026.83882863996,63400.5
1786650581014,100007.62675318147,-0.12648500000000001,108026.83899568146,63400.5
1786650586409,100007.62689719144,-0.12648500000000001,108026.83913969144,63400.5
1786650591781,100005.72976390849,-0.12648500000000001,108026.83928140848,63415.5
1786650597186,100005.7299047161,-0.12648500000000001,108026.83942221612,63415.5
1786650602622,100005.73008070965,-0.12648500000000001,108026.83959820966,63415.5
1786650607653,100005.7301940282,-0.12648500000000001,108026.8397115282,63415.5
1786650613052,100005.73036442549,-0.12648500000000001,108026.83988192548,63415.5
1786650618112,100005.73050685384,-0.12648500000000001,108026.84002435385,63415.5
1786650623136,100005.73065045342,-0.12648500000000001,108026.84016795341,63415.5
1786650628497,100004.97188071307,-0.12648500000000001,108026.84030821307,63421.5
1786650633554,100004.97202451328,-0.12648500000000001,108026.84045201328,63421.5
1786650638949,100004.97216550005,-0.12648500000000001,108026.84059300004,63421.5
1786650644405,100004.97233406578,-0.12648500000000001,108026.84076156578,63421.5
1786650649856,100004.97247859066,-0.12648500000000001,108026.84090609066,63421.5
1786650655098,100004.97262172266,-0.12648500000000001,108026.84104922265,63421.5
1786650660472,100004.97276329463,-0.12648500000000001,108026.84119079463,63421.5
1786650665859,100004.97290731777,-0.12648500000000001,108026.84133481777,63421.5
1786650671275,100004.97307878088,-0.12648500000000001,108026.84150628088,63421.5
1786650676711,100004.97322021332,-0.12648500000000001,108026.84164771331,63421.5
1786650682149,100004.97336373458,-0.12648500000000001,108026.84179123458,63421.5
1786650687666,100004.97353383213,-0.12648500000000001,108026.84196133213,63421.5
1786650692768,100004.97367980513,-0.12648500000000001,108026.84210730513,63421.5
1786650698160,100005.73273435558,-0.12648500000000001,108026.84225185557,63415.5
1786650703524,100005.73287418907,-0.12648500000000001,108026.84239168906,63415.5
1786650708909,100005.73304288043,-0.12648500000000001,108026.84256038042,63415.5
1786650714269,100005.73318268827,-0.12648500000000001,108026.84270018828,63415.5
1786650719597,100005.73332383484,-0.12648500000000001,108026.84284133483,63415.5
1786650725024,100005.73346790625,-0.12648500000000001,108026.84298540626,63415.5
1786650730433,100005.73364025156,-0.12648500000000001,108026.84315775156,63415.5
1786650735857,100005.73378212238,-0.12648500000000001,108026.84329962237,63415.5
1786650741230,100005.60743860318,-0.12648500000000001,108026.84344110318,63416.5
1786650746591,100006.99891828743,-0.12648500000000001,108026.84358578743,63405.5
1786650751963,100007.7580007498,-0.12648500000000001,108026.8437582498,63399.5
1786650757369,100007.75814168938,-0.12648500000000001,108026.84389918938,63399.5
1786650762750,100007.75828215513,-0.12648500000000001,108026.84403965513,63399.5
1786650767943,100007.88490734149,-0.12648500000000001,108026.84417984149,63398.5
1786650773317,100008.89696060636,-0.12648500000000001,108026.84435310637,63390.5
1786650778741,100008.89710242036,-0.12648500000000001,108026.84449492037,63390.5
1786650784281,100008.89724370441,-0.12648500000000001,108026.84463620442,63390.5
1786650789771,100008.89741353014,-0.12648500000000001,108026.84480603015,63390.5
1786650795036,100008.89756019053,-0.12648500000000001,108026.84495269053,63390.5
1786650800394,100008.89770768637,-0.12648500000000001,108026.84510018637,63390.5
1786650805791,100008.89784858652,-0.12648500000000001,108026.84524108653,63390.5
1786650810833,100008.89798957093,-0.12648500000000001,108026.84538207094,63390.5
1786650816246,100008.89815544969,-0.12648500000000001,108026.84554794969,63390.5
1786650821301,100008.8982959859,-0.12648500000000001,108026.8456884859,63390.5
1786650826843,100008.898435323,-0.12648500000000001,108026.84582782301,63390.5
1786650832101,100008.89857685988,-0.12648500000000001,108026.84596935989,63390.5
1786650837594,100008.89874727216,-0.12648500000000001,108026.84613977217,63390.5
1786650843194,100008.89888914318,-0.12648500000000001,108026.84628164319,63390.5
1786650848555,100008.89903210016,-0.12648500000000001,108026.84642460017,63390.5
1786650853626,100007.76081111835,-0.12648500000000001,108026.84656861835,63399.5
1786650859021,100007.76098180014,-0.12648500000000001,108026.84673930013,63399.5
1786650864503,100007.76112747405,-0.12648500000000001,108026.84688497405,63399.5
1786650869823,100007.7612695529,-0.12648500000000001,108026.84702705289,63399.5
1786650875194,100007.76141204863,-0.12648500000000001,108026.84716954862,63399.5
1786650880240,100007.76155379247,-0.12648500000000001,108026.84731129247,63399.5
1786650885723,100007.76172778376,-0.12648500000000001,108026.84748528375,63399.5
1786650890776,100007.76186991748,-0.12648500000000001,108026.84762741748,63399.5
1786650895815,100007.7619821708,-0.12648500000000001,108026.8477396708,63399.5
1786650901221,100007.76215499277,-0.12648500000000001,108026.84791249277,63399.5
1786650906779,100007.7622972671,-0.12648500000000001,108026.84805476709,63399.5
1786650912063,100007.76243792624,-0.12648500000000001,108026.84819542624,63399.5
1786650917514,100007.76260724076,-0.12648500000000001,108026.84836474076,63399.5
1786650922977,100007.76275021126,-0.12648500000000001,108026.84850771126,63399.5
1786650928319,100007.7628923185,-0.12648500000000001,108026.8486498185,63399.5
1786650933799,100007.76306202286,-0.12648500000000001,108026.84881952286,63399.5
1786650939177,100007.76320407439,-0.12648500000000001,108026.84896157439,63399.5
1786650944528,100007.76334554159,-0.12648500000000001,108026.84910304159,63399.5
1786650949924,100007.76351485976,-0.12648500000000001,108026.84927235976,63399.5
1786650955299,100007.76365583323,-0.12648500000000001,108026.84941333323,63399.5
1786650960662,100007.76379781016,-0.12648500000000001,108026.84955531015,63399.5
1786650966024,100007.76394014913,-0.12648500000000001,108026.84969764913,63399.5
1786650971394,100007.76411365173,-0.12648500000000001,108026.84987115173,63399.5
1786650976817,100007.76425877567,-0.12648500000000001,108026.85001627567,63399.5
1786650982243,100007.76440195015,-0.12648500000000001,108026.85015945014,63399.5
1786650987317,100007.76454345364,-0.12648500000000001,108026.85030095364,63399.5
1786650992526,100007.76468651672,-0.12648500000000001,108026.85044401672,63399.5
1786650998057,100007.76485425448,-0.12648500000000001,108026.85061175447,63399.5
1786651003494,100007.76499478324,-0.12648500000000001,108026.85075228324,63399.5
1786651008829,100007.132714267,-0.12648500000000001,108026.850896767,63404.5
1786651014127,100007.1328557157,-0.12648500000000001,108026.8510382157,63404.5
1786651019618,100008.1449047585,-0.12648500000000001,108026.8512072585,63396.5
1786651025039,100008.5245051164,-0.12648500000000001,108026.8513526164,63393.5
1786651030448,100008.52464751611,-0.12648500000000001,108026.8514950161,63393.5
1786651035494,100008.52479002305,-0.12648500000000001,108026.85163752305,63393.5
1786651040879,100008.52493216805,-0.12648500000000001,108026.85177966804,63393.5
1786651046257,100008.52510650101,-0.12648500000000001,108026.851954001,63393.5
1786651051692,100008.52524911932,-0.12648500000000001,108026.85209661933,63393.5
1786651057180,100008.65187498346,-0.12648500000000001,108026.85223748347,63392.5
1786651062534,100008.90501706068,-0.12648500000000001,108026.85240956068,63390.5
1786651067928,100009.03164450997,-0.12648500000000001,108026.85255200998,63389.5
1786651073010,100009.03178743063,-0.12648500000000001,108026.85269493064,63389.5
1786651078076,100009.41138356879,-0.12648500000000001,108026.85283606879,63386.5
1786651083566,100009.53801187438,-0.12648500000000001,108026.85297937438,63385.5
1786651088916,100009.53815200171,-0.12648500000000001,108026.85311950171,63385.5
1786651094280,100009.53832167662,-0.12648500000000001,108026.85328917662,63385.5
1786651099642,100009.53846345494,-0.12648500000000001,108026.85343095494,63385.5
1786651105026,100009.53860612423,-0.12648500000000001,108026.85357362423,63385.5
1786651110403,100009.53877432589,-0.12648500000000001,108026.8537418259,63385.5
1786651115962,100009.5389159093,-0.12648500000000001,108026.8538834093,63385.5
1786651121496,100009.53905699153,-0.12648500000000001,108026.85402449153,63385.5
1786651127065,100009.66571021911,-0.12648500000000001,108026.85419271911,63384.5
1786651132442,100009.66585366508,-0.12648500000000001,108026.85433616508,63384.5
1786651137896,100008.31109009939,-0.13648500000000002,108660.7094225994,63394.5
1786651142958,100008.31121250539,-0.13648500000000002,108660.70954500539,63394.5
1786651148160,100007.35597752903,-0.13648500000000002,108660.70970502903,63401.5
1786651153485,100007.3561595302,-0.13648500000000002,108660.7098870302,63401.5
1786651158856,100007.76577150828,-0.13648500000000002,108660.71004400827,63398.5
1786651164232,100007.76592253537,-0.13648500000000002,108660.71019503537,63398.5
1786651169600,100007.90256096619,-0.13648500000000002,108660.7103484662,63397.5
1786651174978,100007.90274354389,-0.13648500000000002,108660.7105310439,63397.5
1786651180294,100007.9028948708,-0.13648500000000002,108660.7106823708,63397.5
1786651185384,100008.17602392078,-0.13648500000000002,108660.71084142078,63395.5
1786651190743,100008.17617815721,-0.13648500000000002,108660.71099565721,63395.5
1786651196126,100008.17633164085,-0.13648500000000002,108660.71114914084,63395.5
1786651201368,100008.17650693908,-0.13648500000000002,108660.71132443908,63395.5
1786651206665,100006.94830426348,-0.13648500000000002,108660.71148676348,63404.5
1786651212027,100006.4025240715,-0.13648500000000002,108660.7116465715,63408.5
1786651217407,100006.40267273226,-0.13648500000000002,108660.71179523226,63408.5
1786651222806,100006.40282726054,-0.13648500000000002,108660.71194976053,63408.5
1786651228201,100006.40301148222,-0.13648500000000002,108660.71213398222,63408.5
1786651233591,100007.49505379361,-0.13648500000000002,108660.71229629361,63400.5
1786651238976,100007.49520223195,-0.13648500000000002,108660.71244473195,63400.5
1786651244349,100007.49535448515,-0.13648500000000002,108660.71259698515,63400.5
1786651249796,100010.49820648468,-0.13648500000000002,108660.71277898469,63378.5
1786651255199,100010.49836065872,-0.13648500000000002,108660.71293315872,63378.5
1786651260619,100011.72687708543,-0.13648500000000002,108660.71308458543,63369.5
1786651265898,100010.49866976026,-0.13648500000000002,108660.71324226026,63378.5
1786651271297,100010.49885648707,-0.13648500000000002,108660.71342898707,63378.5
1786651276590,100010.3625238445,-0.13648500000000002,108660.71358134449,63379.5
1786651281905,100010.36268257075,-0.13648500000000002,108660.71374007074,63379.5
1786651287292,100010.36283751299,-0.13648500000000002,108660.71389501299,63379.5
1786651292820,100010.36299398725,-0.13648500000000002,108660.71405148724,63379.5
1786651298284,100010.36317800746,-0.13648500000000002,108660.71423550746,63379.5
1786651303541,100010.3633336166,-0.13648500000000002,108660.71439111659,63379.5
1786651309135,100010.36348505024,-0.13648500000000002,108660.71454255024,63379.5
1786651314365,100010.36364041918,-0.13648500000000002,108660.71469791917,63379.5
1786651319864,100011.45570456679,-0.13648500000000002,108660.7148820668,63371.5
1786651324894,100012.68422302647,-0.13648500000000002,108660.71503552647,63362.5
1786651330277,100013.50328640663,-0.13648500000000002,108660.71518890663,63356.5
1786651335670,100013.50343981384,-0.13648500000000002,108660.71534231384,63356.5
1786651341060,100013.5036262549,-0.13648500000000002,108660.7155287549,63356.5
1786651346493,100013.50377926696,-0.13648500000000002,108660.71568176696,63356.5
1786651351879,100013.50393062542,-0.13648500000000002,108660.71583312542,63356.5
1786651357250,100013.50411264828,-0.13648500000000002,108660.71601514828,63356.5
1786651362665,100013.50426475942,-0.13648500000000002,108660.71616725942,63356.5
1786651367982,100011.86659822201,-0.13648500000000002,108660.71632072201,63368.5
1786651373354,100011.8667539222,-0.13648500000000002,108660.7164764222,63368.5
1786651378783,100011.59396788749,-0.13648500000000002,108660.7166603875,63370.5
1786651384109,100010.63872421336,-0.13648500000000002,108660.71681171337,63377.5
1786651389509,100010.6388748538,-0.13648500000000002,108660.7169623538,63377.5
1786651394750,100010.63902829088,-0.13648500000000002,108660.71711579089,63377.5
1786651399885,100010.63918130774,-0.13648500000000002,108660.71726880774,63377.5
1786651405342,100010.63936685643,-0.13648500000000002,108660.71745435643,63377.5
1786651410816,100010.63952140522,-0.13648500000000002,108660.71760890522,63377.5
1786651416285,100012.14101377351,-0.13648500000000002,108660.7177662735,63366.5
1786651421687,100012.14119565721,-0.13648500000000002,108660.71794815721,63366.5
1786651427072,100012.14134798685,-0.13648500000000002,108660.71810048685,63366.5
1786651432083,100013.50635013438,-0.13648500000000002,108660.71825263438,63356.5
1786651437181,100010.91328706557,-0.13648500000000002,108660.71840456557,63375.5
1786651442522,100010.09453286146,-0.13648500000000002,108660.71856036146,63381.5
1786651448045,100009.82171540619,-0.13648500000000002,108660.7187129062,63383.5
1786651453554,100009.82189938838,-0.13648500000000002,108660.71889688839,63383.5
1786651458918,100009.82205095323,-0.13648500000000002,108660.71904845323,63383.5
1786651464266,100009.8222036293,-0.13648500000000002,108660.71920112931,63383.5
1786651469689,100009.82238604754,-0.13648500000000002,108660.71938354755,63383.5
1786651475132,100009.82253773132,-0.13648500000000002,108660.71953523133,63383.5
1786651480573,100008.73081296748,-0.13648500000000002,108660.71969046748,63391.5
1786651485814,100007.17960995394,-0.14148500000000003,108977.68232245394,63402.5
1786651490850,100007.17976663713,-0.14148500000000003,108977.68247913713,63402.5
1786651496378,100008.45328944213,-0.14148500000000003,108977.68263694213,63393.5
1786651501778,100008.45345148076,-0.14148500000000003,108977.68279898076,63393.5
1786651507139,100008.45364332625,-0.14148500000000003,108977.68299082626,63393.5
1786651512508,100008.31231958362,-0.14148500000000003,108977.68315208363,63394.5
1786651517875,100004.49238498483,-0.14148500000000003,108977.68331248483,63421.5
1786651523217,100004.20957390625,-0.14148500000000003,108977.68347140626,63423.5
1786651528606,100003.07788207219,-0.14148500000000003,108977.6836595722,63431.5
1786651534013,100004.20992057769,-0.14148500000000003,108977.6838180777,63423.5
1786651539399,100004.21007969927,-0.14148500000000003,108977.68397719928,63423.5
1786651544845,100005.48360321946,-0.14148500000000003,108977.68413571946,63414.5
1786651549887,100005.48376281958,-0.14148500000000003,108977.68429531959,63414.5
1786651555276,100005.48395358883,-0.14148500000000003,108977.68448608884,63414.5
1786651560887,100005.48411242302,-0.14148500000000003,108977.68464492302,63414.5
1786651565915,100005.48426860894,-0.14148500000000003,108977.68480110895,63414.5
