timestamp_ms,equity,inventory,cash,mid
1786636440652,100000.0,0.0,100000.0,63574.5
1786636443404,100000.0,0.0,100000.0,63584.5
1786636448858,100000.0,0.0,100000.0,63584.5
1786636454309,100000.0,0.0,100000.0,63584.5
1786636459745,100000.0,0.0,100000.0,63584.5
1786636465262,100000.0,0.0,100000.0,63584.5
1786636470702,100000.0,0.0,100000.0,63584.5
1786636476161,100000.0,0.0,100000.0,63593.5
1786636481447,100000.0,0.0,100000.0,63596.5
1786636486469,100000.0,0.0,100000.0,63596.5
1786636491892,100000.0,0.0,100000.0,63596.5
1786636497322,100000.0,0.0,100000.0,63597.5
1786636502755,100000.0,0.0,100000.0,63580.5
1786636507794,100000.0,0.0,100000.0,63574.5
1786636512871,100000.0,0.0,100000.0,63574.5
1786636517949,100000.0,0.0,100000.0,63589.5
1786636523390,99999.81960700217,-0.01,100635.90460700217,63608.5
1786636528761,99999.81961848967,-0.01,100635.90461848967,63608.5
1786636534109,99999.919631996,-0.01,100635.904631996,63598.5
1786636539519,99999.91964328033,-0.01,100635.90464328033,63598.5
1786636544546,99999.92965473027,-0.01,100635.90465473027,63597.5
1786636549932,99999.91966584377,-0.01,100635.90466584377,63598.5
1786636555351,99999.91967714096,-0.01,100635.90467714096,63598.5
1786636560754,99999.91968858233,-0.01,100635.90468858233,63598.5
1786636566142,99999.9097021449,-0.01,100635.9047021449,63599.5
1786636571469,99999.769713371,-0.01,100635.904713371,63613.5
1786636576846,99999.76972463599,-0.01,100635.90472463598,63613.5
1786636582285,99999.93973789728,-0.01,100635.90473789728,63596.5
1786636587665,99999.93474910916,-0.01,100635.90474910916,63597.0
1786636593082,99999.98976017583,-0.01,100635.90476017582,63591.5
1786636598412,99999.98977358399,-0.01,100635.90477358398,63591.5
1786636603856,99999.99978489359,-0.01,100635.90478489359,63590.5
1786636609273,100000.14979621206,-0.01,100635.90479621207,63575.5
1786636614712,100000.14980956209,-0.01,100635.9048095621,63575.5
1786636620033,100000.09982084554,-0.01,100635.90482084554,63580.5
1786636625433,100000.48862122497,-0.00861,100547.52927622497,63535.5
1786636630922,100000.4628027591,-0.00861,100547.5292877591,63538.5
1786636636359,100000.38532277844,-0.00861,100547.52929777844,63547.5
1786636641327,100000.33367234048,-0.00861,100547.52930734048,63553.5
1786636646702,100000.37673209506,-0.00861,100547.52931709506,63548.5
1786636652182,100000.46284212664,-0.00861,100547.52932712664,63538.5
1786636657593,100000.58339348121,-0.00861,100547.52933848121,63524.5
1786636662984,100000.54035318054,-0.00861,100547.52934818054,63529.5
1786636668322,100000.54897276228,-0.00861,100547.52935776228,63528.5
1786636673637,100000.77284243796,-0.00861,100547.52936743796,63502.5
1786636678987,100000.7631471902,0.0013900000000000006,99912.5141321902,63488.5
1786636683991,100000.75897594153,0.0013900000000000006,99912.51413094153,63485.5
1786636689427,100000.75341405213,0.0013900000000000006,99912.51412905213,63481.5
1786636694798,100000.76036251328,0.0013900000000000006,99912.51412751328,63486.5
1786636700189,100000.76453094844,0.0013900000000000006,99912.51412594844,63489.5
1786636705562,100000.71726907209,0.0013900000000000006,99912.51412407208,63455.5
1786636711100,100000.71726747934,0.0013900000000000006,99912.51412247933,63455.5
1786636716445,100000.7103159453,0.0013900000000000006,99912.5141209453,63450.5
1786636721726,100000.7103143629,0.0013900000000000006,99912.51411936291,63450.5
1786636727275,100000.71031242455,0.0013900000000000006,99912.51411742455,63450.5
1786636732438,100000.71865082756,0.0013900000000000006,99912.51411582757,63456.5
1786636737768,100000.71864925556,0.0013900000000000006,99912.51411425557,63456.5
1786636743153,100000.71030766793,0.0013900000000000006,99912.51411266794,63450.5
1786636748189,100000.7089161181,0.0013900000000000006,99912.5141111181,63449.5
1786636753593,100000.70335458215,0.0013900000000000006,99912.51410958215,63445.5
1786636758956,100000.70335269731,0.0013900000000000006,99912.51410769731,63445.5
1786636764271,100000.70335111633,0.0013900000000000006,99912.51410611633,63445.5
1786636769752,100000.69500954547,0.0013900000000000006,99912.51410454547,63439.5
1786636775272,100000.66164767678,0.0013900000000000006,99912.51410267678,63415.5
1786636780707,100000.66442610913,0.0013900000000000006,99912.51410110913,63417.5
1786636786003,100000.66998456584,0.0013900000000000006,99912.51409956584,63421.5
1786636791422,100000.64913298946,0.0013900000000000006,99912.51409798946,63406.5
1786636796792,100000.64079112122,0.0013900000000000006,99912.51409612122,63400.5
1786636802218,100000.63383955057,0.0013900000000000006,99912.51409455057,63395.5
1786636807573,100000.6143780204,0.0013900000000000006,99912.5140930204,63381.5
1786636812718,100000.53680455955,-0.00861,100546.32900955956,63390.5
1786636818076,100000.45932431823,-0.00861,100546.32901931823,63399.5
1786636823504,100000.58848233504,-0.00861,100546.32902733503,63384.5
1786636828859,100000.62292877586,-0.00861,100546.32903377587,63380.5
1786636834243,100000.45934575384,-0.00861,100546.32904075384,63399.5
1786636839586,100000.41630338698,-0.00861,100546.32904838698,63404.5
1786636845029,100000.41631225846,-0.00861,100546.32905725845,63404.5
1786636850443,100000.39910142425,-0.00861,100546.32906642425,63406.5
1786636855832,100000.37950367903,-0.01097,100695.97074867903,63408.5
1786636861271,100000.24239301406,-0.01097,100695.97076301406,63421.0
1786636866632,100000.11625014724,-0.01097,100695.97077514725,63432.5
1786636871955,100000.1258213311,-0.0009700000000000004,100061.64564633109,63422.5
1786636877346,100000.12582241713,-0.0009700000000000004,100061.64564741713,63422.5
1786636882707,100000.12194371958,-0.0009700000000000004,100061.64564871958,63426.5
1786636888093,100000.12388481246,-0.0009700000000000004,100061.64564981246,63424.5
1786636893508,100000.123885885,-0.0009700000000000004,100061.645650885,63424.5
1786636898848,100000.11515698404,-0.0009700000000000004,100061.64565198404,63433.5
1786636904251,100000.11515830463,-0.0009700000000000004,100061.64565330463,63433.5
1786636909653,100000.11515939144,-0.0009700000000000004,100061.64565439144,63433.5
1786636915006,100000.13262048423,-0.0009700000000000004,100061.64565548423,63415.5
1786636920397,100000.13844158655,-0.0009700000000000004,100061.64565658655,63409.5
1786636925906,100000.15687290384,-0.0009700000000000004,100061.64565790383,63390.5
1786636931268,100000.16657400633,-0.0009700000000000004,100061.64565900633,63380.5
1786636936873,100000.03202893723,0.00903,99427.85059393723,63364.5
1786636942255,100000.27582658757,0.00903,99427.85058158757,63391.5
1786636947642,100000.34805633244,0.00903,99427.85057133244,63399.5
1786636953016,100000.42028579173,0.00903,99427.85056079173,63407.5
1786636958429,100000.420275657,0.00903,99427.850550657,63407.5
1786636963939,100000.46541516359,0.00903,99427.85054016359,63412.5
1786636969318,100000.51055267834,0.00903,99427.85052767834,63417.5
1786636974674,100000.51054266884,0.00903,99427.85051766883,63417.5
1786636980104,100000.51053266929,0.00903,99427.85050766928,63417.5
1786636985339,100000.67306244466,0.00903,99427.85049744467,63435.5
1786636990840,100000.7272302298,0.00903,99427.85048522979,63441.5
1786636996382,100000.6730398881,0.00903,99427.85047488811,63435.5
1786637001695,100000.67302973208,0.00903,99427.85046473208,63435.5
1786637007030,100000.7362292878,0.00903,99427.85045428779,63442.5
1786637012493,100000.75427709168,0.00903,99427.85044209167,63444.5
1786637017854,100000.7542668489,0.00903,99427.8504318489,63444.5
1786637023204,100000.81746661558,0.00903,99427.85042161559,63451.5
1786637028582,100000.86260646937,0.00903,99427.85041146936,63456.5
1786637033643,100000.86259630082,0.00903,99427.85040130082,63456.5
1786637038667,100000.88064598462,0.00903,99427.85039098462,63458.5
1786637043927,100000.84903060869,0.00903,99427.8503806087,63455.0
1786637049331,100000.80838343796,0.00903,99427.85036843797,63450.5
1786637054767,100000.80837300532,0.00903,99427.85035800532,63450.5
1786637060133,100000.80836239952,0.00903,99427.85034739952,63450.5
1786637065506,100000.808352361,0.00903,99427.850337361,63450.5
1786637070979,100000.78125039414,0.00903,99427.85032539415,63447.5
1786637076172,100000.7812400657,0.00903,99427.8503150657,63447.5
1786637081557,100000.7631698612,0.00903,99427.85030486119,63445.5
1786637086884,100000.71800977623,0.00903,99427.85029477623,63440.5
1786637092201,100000.64575969211,0.00903,99427.8502846921,63432.5
1786637097226,100000.68186948515,0.00903,99427.85027448516,63436.5
1786637102619,100000.69991729603,0.00903,99427.85026229604,63438.5
1786637108036,100000.66378685916,0.00903,99427.85025185917,63434.5
1786637113413,100000.60056686297,0.00903,99427.85024186297,63427.5
1786637118815,100000.672796869,0.00903,99427.850231869,63435.5
1786637124203,100000.67278479936,0.00903,99427.85021979937,63435.5
1786637129567,100000.67277434777,0.00903,99427.85020934777,63435.5
1786637134878,100000.64567417673,0.00903,99427.85019917673,63432.5
1786637140339,100000.62760365753,0.00903,99427.85018865752,63430.5
1786637145725,100000.69080166203,0.00903,99427.85017666203,63437.5
1786637151148,100000.84430138487,0.00903,99427.85016638487,63454.5
1786637156556,100000.92556125688,0.00903,99427.85015625689,63463.5
1786637161953,100000.96167085839,0.00903,99427.85014585839,63467.5
1786637167323,100000.99777883469,0.00903,99427.85013383468,63471.5
1786637172826,100001.02485854832,0.00903,99427.85012354833,63474.5
1786637178329,100001.1332085076,0.00903,99427.8501135076,63486.5
1786637183768,100000.90744611403,0.00903,99427.85010111403,63461.5
1786637189144,100000.90743580126,0.00903,99427.85009080126,63461.5
1786637194180,100000.82615531457,0.00903,99427.85008031457,63452.5
1786637199661,100000.8261453729,0.00903,99427.85007037291,63452.5
1786637205046,100000.73583498721,0.00903,99427.8500599872,63442.5
1786637210447,100000.7087329485,0.00903,99427.8500479485,63439.5
1786637215823,100000.71775282115,0.00903,99427.85003782115,63440.5
1786637221201,100000.67259273258,0.00903,99427.85002773258,63435.5
1786637226668,100000.50101054386,0.00903,99427.85001554385,63416.5
1786637231982,100000.66354040598,0.00903,99427.85000540598,63434.5
1786637237496,100000.6996501379,0.00903,99427.8499951379,63438.5
1786637242529,100000.69963984984,0.00903,99427.84998484985,63438.5
1786637247960,100000.69962989083,0.00903,99427.84997489084,63438.5
1786637252984,100000.56416974874,0.00903,99427.84996474875,63423.5
1786637258411,100000.46482746977,0.00903,99427.84995246977,63412.5
1786637263673,100000.44675733053,0.00903,99427.84994233053,63410.5
1786637269065,100000.46480713719,0.00903,99427.8499321372,63412.5
1786637274511,100000.48285701132,0.00903,99427.84992201132,63414.5
1786637279873,100000.4647848625,0.00903,99427.8499098625,63412.5
1786637285161,100000.28417480599,0.00903,99427.84989980598,63392.5
1786637290484,100000.229984655,0.00903,99427.849889655,63386.5
1786637295821,100000.31124461234,0.00903,99427.84987961235,63395.5
1786637301270,100000.32026212143,0.00903,99427.84986712143,63396.5
1786637306827,100000.39249193773,0.00903,99427.84985693773,63404.5
1786637312198,100000.44666190485,0.00903,99427.84984690485,63410.5
1786637317557,100000.3924696339,0.00903,99427.84983463389,63404.5
1786637323071,100000.43760944509,0.00903,99427.84982444509,63409.5
1786637328563,100000.57304949478,0.00903,99427.84981449478,63424.5
1786637333934,100000.58206714,0.00903,99427.84980214,63425.5
1786637339339,100000.86650145943,0.00903,99427.84979145943,63457.0
1786637344717,100000.95227604639,0.00903,99427.84978104639,63466.5
1786637350082,100000.88002577129,0.00903,99427.84977077128,63458.5
1786637355481,100000.89807580278,0.00903,99427.84976080277,63460.5
1786637360808,100000.89806367454,0.00903,99427.84974867453,63460.5
1786637366134,100000.9522335387,0.00903,99427.8497385387,63466.5
1786637371509,100000.78065310778,0.00903,99427.84972810779,63447.5
1786637376943,100000.8348229911,0.00903,99427.8497179911,63453.5
1786637382424,100000.69936079656,0.00903,99427.84970579656,63438.5
1786637387713,100000.64517050901,0.00903,99427.84969550901,63432.5
1786637392798,100000.64516028814,0.00903,99427.84968528814,63432.5
1786637397824,100000.64515014518,0.00903,99427.84967514517,63432.5
1786637403229,100000.58192999872,0.00903,99427.84966499872,63425.5
1786637408666,100000.5819196597,0.00903,99427.8496546597,63425.5
1786637414029,100000.46451935905,0.00903,99427.84964435906,63412.5
1786637419494,100000.47805208454,0.00903,99427.84963208454,63414.0
1786637424799,100000.47352691038,0.00903,99427.84962191038,63413.5
1786637430154,100000.45545692358,0.00903,99427.84961192358,63411.5
1786637435191,100000.44688582579,-0.0009700000000000004,100061.9744708258,63430.5
1786637440620,100000.44688690365,-0.0009700000000000004,100061.97447190365,63430.5
1786637446050,100000.44688820494,-0.0009700000000000004,100061.97447320494,63430.5
1786637451421,100000.44009930089,-0.0009700000000000004,100061.97447430089,63437.5
1786637456786,100000.43816036548,-0.0009700000000000004,100061.97447536548,63439.5
1786637462144,100000.42943169233,-0.0009700000000000004,100061.97447669234,63448.5
1786637467499,100000.43040278358,-0.0009700000000000004,100061.97447778357,63447.5
1786637473065,100000.42264387099,-0.0009700000000000004,100061.974478871,63455.5
1786637478110,100000.42264494611,-0.0009700000000000004,100061.97447994612,63455.5
1786637483490,100000.41197605425,-0.0009700000000000004,100061.97448105425,63466.5
1786637488548,100000.43331720373,-0.0009700000000000004,100061.97448220373,63444.5
1786637493924,100000.43331847907,-0.0009700000000000004,100061.97448347908,63444.5
1786637499311,100000.43331957009,-0.0009700000000000004,100061.97448457009,63444.5
1786637504680,100000.43332065704,-0.0009700000000000004,100061.97448565705,63444.5
1786637510060,100000.4333217378,-0.0009700000000000004,100061.9744867378,63444.5
1786637515446,100000.43041302422,-0.0009700000000000004,100061.97448802422,63447.5
1786637520822,100000.42847409498,-0.0009700000000000004,100061.97448909498,63449.5
1786637526198,100000.4284751899,-0.0009700000000000004,100061.9744901899,63449.5
1786637531575,100000.42847650031,-0.0009700000000000004,100061.97449150031,63449.5
1786637536915,100000.42847759117,-0.0009700000000000004,100061.97449259117,63449.5
1786637542295,100000.42847869205,-0.0009700000000000004,100061.97449369205,63449.5
1786637547635,100000.42847978546,-0.0009700000000000004,100061.97449478546,63449.5
1786637552994,100000.42848108668,-0.0009700000000000004,100061.97449608668,63449.5
1786637558378,100000.42848224213,-0.0009700000000000004,100061.97449724213,63449.5
1786637563755,100000.44012331647,-0.0009700000000000004,100061.97449831647,63437.5
1786637569163,100000.44012458698,-0.0009700000000000004,100061.97449958698,63437.5
1786637574459,100000.42848566391,-0.0009700000000000004,100061.97450066391,63449.5
1786637579854,100000.42848676148,-0.0009700000000000004,100061.97450176148,63449.5
1786637585415,100000.43430786756,-0.0009700000000000004,100061.97450286755,63443.5
1786637590830,100000.43818918496,-0.0009700000000000004,100061.97450418497,63439.5
1786637596193,100000.44401026863,-0.0009700000000000004,100061.97450526863,63433.5
1786637601648,100000.44498137056,-0.0009700000000000004,100061.97450637056,63432.5
1786637607162,100000.44498269407,-0.0009700000000000004,100061.97450769407,63432.5
1786637612617,100000.4459537654,-0.0009700000000000004,100061.9745087654,63431.5
1786637617935,100000.44692484546,-0.0009700000000000004,100061.97450984546,63430.5
1786637623233,100000.44692593534,-0.0009700000000000004,100061.97451093534,63430.5
1786637628610,100000.45177725251,-0.0009700000000000004,100061.97451225252,63425.5
1786637634108,100000.45177833631,-0.0009700000000000004,100061.97451333632,63425.5
1786637639513,100000.43431944236,-0.0009700000000000004,100061.97451444235,63443.5
1786637644965,100000.437230738,-0.0009700000000000004,100061.974515738,63440.5
1786637650407,100000.4372318392,-0.0009700000000000004,100061.9745168392,63440.5
1786637655843,100000.4372329417,-0.0009700000000000004,100061.9745179417,63440.5
1786637661357,100000.43723428874,-0.0009700000000000004,100061.97451928873,63440.5
1786637666726,100000.43529538847,-0.0009700000000000004,100061.97452038847,63442.5
1786637672161,100000.43335648926,-0.0009700000000000004,100061.97452148926,63444.5
1786637677551,100000.43335759325,-0.0009700000000000004,100061.97452259326,63444.5
1786637683008,100000.43432871418,-0.0009700000000000004,100061.97452371418,63443.5
1786637688380,100000.43239002084,-0.0009700000000000004,100061.97452502084,63445.5
1786637693728,100000.42948112701,-0.0009700000000000004,100061.97452612701,63448.5
1786637699146,100000.4294822146,-0.0009700000000000004,100061.97452721461,63448.5
1786637704598,100000.42948331246,-0.0009700000000000004,100061.97452831246,63448.5
1786637709904,100000.423664626,-0.0009700000000000004,100061.974529626,63454.5
1786637715357,100000.4294857113,-0.0009700000000000004,100061.9745307113,63448.5
1786637720716,100000.4372467985,-0.0009700000000000004,100061.97453179849,63440.5
1786637726106,100000.4372481125,-0.0009700000000000004,100061.9745331125,63440.5
1786637731508,100000.4372492195,-0.0009700000000000004,100061.9745342195,63440.5
1786637736914,100000.43725034955,-0.0009700000000000004,100061.97453534955,63440.5
1786637742281,100000.44016141824,-0.0009700000000000004,100061.97453641825,63437.5
1786637747697,100000.44016272287,-0.0009700000000000004,100061.97453772287,63437.5
1786637753143,100000.44016381673,-0.0009700000000000004,100061.97453881674,63437.5
1786637758501,100000.4401648869,-0.0009700000000000004,100061.9745398869,63437.5
1786637763846,100000.44016598247,-0.0009700000000000004,100061.97454098247,63437.5
1786637769224,100000.4401673104,-0.0009700000000000004,100061.9745423104,63437.5
1786637774526,100000.43143840515,-0.0009700000000000004,100061.97454340516,63446.5
1786637779914,100000.42561949641,-0.0009700000000000004,100061.9745444964,63452.5
1786637785273,100000.41349560636,-0.0009700000000000004,100061.97454560637,63465.0
1786637790628,100000.41689192389,-0.0009700000000000004,100061.97454692388,63461.5
1786637796019,100000.43144299935,-0.0009700000000000004,100061.97454799936,63446.5
1786637801382,100000.43144412409,-0.0009700000000000004,100061.97454912409,63446.5
1786637806822,100000.43144520788,-0.0009700000000000004,100061.97455020789,63446.5
1786637812202,100000.43144651761,-0.0009700000000000004,100061.97455151762,63446.5
1786637817568,100000.43047760679,-0.0009700000000000004,100061.97455260679,63447.5
1786637823085,100000.44017870403,-0.0009700000000000004,100061.97455370403,63437.5
1786637828476,100000.43435980477,-0.0009700000000000004,100061.97455480476,63443.5
1786637833865,100000.43436109941,-0.0009700000000000004,100061.9745560994,63443.5
1786637839226,100000.42369219233,-0.0009700000000000004,100061.97455719233,63454.5
1786637844627,100000.42369326703,-0.0009700000000000004,100061.97455826703,63454.5
1786637850092,100000.41884457934,-0.0009700000000000004,100061.97455957934,63459.5
1786637855457,100000.41884566548,-0.0009700000000000004,100061.97456066548,63459.5
1786637860816,100000.41399675036,-0.0009700000000000004,100061.97456175036,63464.5
1786637866203,100000.4139980538,-0.0009700000000000004,100061.97456305381,63464.5
1786637871633,100000.39653915049,-0.0009700000000000004,100061.97456415049,63482.5
1786637877133,100000.3965402721,-0.0009700000000000004,100061.97456527209,63482.5
1786637882397,100000.39654134536,-0.0009700000000000004,100061.97456634535,63482.5
1786637887773,100000.39654264163,-0.0009700000000000004,100061.97456764162,63482.5
1786637893182,100000.3994537281,-0.0009700000000000004,100061.9745687281,63479.5
1786637898541,100000.3994548103,-0.0009700000000000004,100061.97456981029,63479.5
1786637903920,100000.39945610375,-0.0009700000000000004,100061.97457110375,63479.5
1786637909293,100000.39557718895,-0.0009700000000000004,100061.97457218895,63483.5
1786637914689,100000.29564853534,-0.01097,100696.81934353533,63493.5
1786637920201,100000.2956635602,-0.01097,100696.8193585602,63493.5
1786637925556,100000.29567575718,-0.01097,100696.81937075718,63493.5
1786637930898,100000.29568847179,-0.01097,100696.81938347178,63493.5
1786637936320,100000.29570067099,-0.01097,100696.81939567099,63493.5
1786637941495,100000.29571320885,-0.01097,100696.81940820884,63493.5
1786637946866,100000.38348782931,-0.01097,100696.81942282931,63485.5
1786637951923,100000.40544053068,-0.01097,100696.81943553068,63483.5
1786637957282,100000.44933267758,-0.01097,100696.81944767758,63479.5
1786637962591,100000.44934532481,-0.01097,100696.81946032481,63479.5
1786637967998,100000.44935762887,-0.01097,100696.81947262886,63479.5
1786637973459,100000.44937263508,-0.01097,100696.81948763508,63479.5
1786637978826,100000.46035500232,-0.01097,100696.81950000231,63478.5
1786637984328,100000.44939760106,-0.01097,100696.81951260105,63479.5
1786637989730,100000.42746971158,-0.01097,100696.81952471158,63481.5
1786637995085,100000.42748469625,-0.01097,100696.81953969625,63481.5
1786638000453,100000.42749725249,-0.01097,100696.81955225249,63481.5
1786638005821,100000.4275096152,-0.01097,100696.8195646152,63481.5
1786638011216,100000.42752184224,-0.01097,100696.81957684224,63481.5
1786638016686,100000.42753657245,-0.01097,100696.81959157245,63481.5
1786638021877,100000.41657877534,-0.01097,100696.81960377535,63482.5
1786638027180,100000.41659121292,-0.01097,100696.81961621293,63482.5
1786638032791,100000.40563610803,-0.01097,100696.81963110802,63483.5
1786638038180,100000.96511872376,-0.01097,100696.81964372376,63432.5
1786638043642,100000.88834091768,-0.01097,100696.81965591767,63439.5
1786638049031,100000.69089295177,-0.01097,100696.81966795177,63457.5
1786638054470,100000.69090780978,-0.01097,100696.81968280979,63457.5
1786638059904,100000.62510045076,-0.01097,100696.81969545076,63463.5
1786638065298,100000.49347283485,-0.01097,100696.81970783485,63475.5
1786638070668,100000.55930504372,-0.01097,100696.81972004371,63469.5
1786638076172,100000.55931991925,-0.01097,100696.81973491925,63469.5
1786638081497,100000.55933229894,-0.01097,100696.81974729894,63469.5
1786638086868,100000.55934481467,-0.01097,100696.81975981467,63469.5
1786638092434,100000.51547954818,-0.01097,100696.81977454817,63473.5
1786638097762,100000.51549257665,-0.01097,100696.81978757665,63473.5
1786638103220,100000.30707508067,-0.01097,100696.81980008066,63492.5
1786638108659,100000.23029930735,-0.01097,100696.81981430735,63499.5
1786638114057,100000.21934154551,-0.01097,100696.81982654551,63500.5
1786638119258,100000.07674391437,-0.01097,100696.81983891437,63513.5
1786638124624,99999.9670560188,-0.01097,100696.8198510188,63523.5
1786638130088,100000.07677077086,-0.01097,100696.81986577086,63513.5
1786638135442,100000.01096303189,-0.01097,100696.81987803189,63519.5
1786638140784,99999.93418528332,-0.01097,100696.81989028331,63526.5
1786638146255,99999.92323012088,-0.01097,100696.81990512088,63527.5
1786638151773,99999.92324238835,-0.01097,100696.81991738835,63527.5
1786638157211,99999.90679985732,-0.01097,100696.81992985732,63529.0
1786638162721,99999.89035970863,-0.01097,100696.81994470864,63530.5
1786638168103,99999.89037186644,-0.01097,100696.81995686644,63530.5
1786638173503,99999.86844409244,-0.01097,100696.81996909244,63532.5
1786638178879,99999.86845878811,-0.01097,100696.81998378811,63532.5
1786638184212,99999.86847110157,-0.01097,100696.81999610156,63532.5
1786638189606,99999.86848347311,-0.01097,100696.8200084731,63532.5
1786638194997,99999.79170811102,-0.01097,100696.82002311102,63539.5
1786638200390,99999.71493029039,-0.01097,100696.82003529038,63546.5
1786638205772,99999.71494280879,-0.01097,100696.82004780878,63546.5
1786638211140,99999.71495747007,-0.01097,100696.82006247007,63546.5
1786638216517,99999.82466954053,-0.01097,100696.82007454052,63536.5
1786638221965,99999.86856195048,-0.01097,100696.82008695048,63532.5
1786638227305,99999.86857673449,-0.01097,100696.82010173448,63532.5
1786638232711,99999.780829049,-0.01097,100696.82011404901,63540.5
1786638238096,99999.78084153665,-0.01097,100696.82012653665,63540.5
1786638243126,99999.71503375388,-0.01097,100696.82013875387,63546.5
1786638248461,99999.72601626664,-0.01097,100696.82015126664,63545.5
1786638253791,99999.72602885934,-0.01097,100696.82016385935,63545.5
1786638258920,99999.75895135001,-0.01097,100696.82017635001,63542.5
1786638264280,99999.75896585916,-0.01097,100696.82019085916,63542.5
1786638269675,99999.75897813331,-0.01097,100696.8202031333,63542.5
1786638275071,99999.7589906591,-0.01097,100696.8202156591,63542.5
1786638280429,99999.75900311948,-0.01097,100696.82022811948,63542.5
1786638285828,99999.79192784606,-0.01097,100696.82024284606,63539.5
1786638291342,99999.79194049547,-0.01097,100696.82025549548,63539.5
1786638296561,99999.89068309868,-0.01097,100696.82026809869,63530.5
1786638301584,99999.89069539611,-0.01097,100696.82028039612,63530.5
1786638307072,99999.89070749261,-0.01097,100696.82029249262,63530.5
1786638312536,100000.00042228581,-0.01097,100696.82030728582,63520.5
1786638317901,100000.00043475375,-0.01097,100696.82031975375,63520.5
1786638323389,100000.00044715342,-0.01097,100696.82033215342,63520.5
1786638328621,100000.00046208792,-0.01097,100696.82034708792,63520.5
1786638334010,99999.91819917352,-0.01097,100696.82035917352,63528.0
1786638339455,99999.89078644344,-0.01097,100696.82037144345,63530.5
1786638344856,99999.86885877459,-0.01097,100696.82038377458,63532.5
1786638350334,99999.86887395996,-0.01097,100696.82039895996,63532.5
1786638355519,99999.86888616075,-0.01097,100696.82041116075,63532.5
1786638361013,99999.86889819687,-0.01097,100696.82042319687,63532.5
1786638366448,99999.86891302906,-0.01097,100696.82043802906,63532.5
1786638371771,99999.93474553179,-0.01097,100696.82045053178,63526.5
1786638377233,99999.9676677746,-0.01097,100696.8204627746,63523.5
1786638382685,100000.00059293324,-0.01097,100696.82047793324,63520.5
1786638388159,100000.00060507831,-0.01097,100696.82049007832,63520.5
1786638393590,100000.00061715762,-0.01097,100696.82050215763,63520.5
1786638399086,100000.00063198632,-0.01097,100696.82051698632,63520.5
1786638404373,100000.00064459087,-0.01097,100696.82052959087,63520.5
1786638409834,100000.00065682513,-0.01097,100696.82054182513,63520.5
1786638415193,100000.00067158612,-0.01097,100696.82055658613,63520.5
1786638420638,100000.00068444238,-0.01097,100696.82056944238,63520.5
1786638425944,100000.08845694528,-0.01097,100696.82058194527,63512.5
1786638431323,100000.11373149752,-0.0009700000000000004,100061.70533649751,63496.5
1786638436694,100000.12149257914,-0.0009700000000000004,100061.70533757914,63488.5
1786638442055,100000.12149386387,-0.0009700000000000004,100061.70533886387,63488.5
1786638447397,100000.11761496784,-0.0009700000000000004,100061.70533996784,63492.5
1786638452910,100000.11761606629,-0.0009700000000000004,100061.70534106629,63492.5
1786638458423,100000.11373736776,-0.0009700000000000004,100061.70534236776,63496.5
1786638463427,100000.11276848233,-0.0009700000000000004,100061.70534348233,63497.5
1786638468555,100000.11276956547,-0.0009700000000000004,100061.70534456547,63497.5
1786638473929,100000.14478063965,-0.0009700000000000004,100061.70534563965,63464.5
1786638479364,100000.168061734,-0.0009700000000000004,100061.705346734,63440.5
1786638484508,100000.1729128338,-0.0009700000000000004,100061.7053478338,63435.5
1786638489885,100000.17582413537,-0.0009700000000000004,100061.70534913537,63432.5
1786638495249,100000.17582522593,-0.0009700000000000004,100061.70535022594,63432.5
1786638500512,100000.17582630666,-0.0009700000000000004,100061.70535130666,63432.5
1786638505898,100000.17873739572,-0.0009700000000000004,100061.70535239571,63429.5
1786638511262,100000.18455847661,-0.0009700000000000004,100061.70535347662,63423.5
1786638516684,100000.19328983458,-0.0009700000000000004,100061.70535483459,63414.5
1786638522173,100000.20202092762,-0.0009700000000000004,100061.70535592762,63405.5
1786638527539,100000.20202201685,-0.0009700000000000004,100061.70535701685,63405.5
1786638532859,100000.19620334647,-0.0009700000000000004,100061.70535834647,63411.5
1786638538171,100000.19523442857,-0.0009700000000000004,100061.70535942857,63412.5
1786638543615,100000.19329552093,-0.0009700000000000004,100061.70536052094,63414.5
1786638548984,100000.2223966082,-0.0009700000000000004,100061.7053616082,63384.5
1786638554446,100000.23112793024,-0.0009700000000000004,100061.70536293024,63375.5
1786638559842,100000.2311290207,-0.0009700000000000004,100061.7053640207,63375.5
1786638565219,100000.23404010497,-0.0009700000000000004,100061.70536510498,63372.5
1786638570600,100000.27866141094,-0.0009700000000000004,100061.70536641094,63326.5
1786638575788,99999.98262897787,0.00903,99428.46038397787,63291.5
1786638580824,100000.29867060925,0.00903,99428.46037560925,63326.5
1786638586182,100000.30768852019,0.00903,99428.4603635202,63327.5
1786638591540,100000.31670833488,0.00903,99428.46035333489,63328.5
1786638596917,100000.31408208581,-0.0009700000000000004,100061.75533708581,63341.5
1786638602259,100000.29759340464,-0.0009700000000000004,100061.75533840465,63358.5
1786638607554,100000.29371446767,-0.0009700000000000004,100061.75533946767,63362.5
1786638612943,100000.29371556044,-0.0009700000000000004,100061.75534056044,63362.5
1786638618321,100000.29371663083,-0.0009700000000000004,100061.75534163082,63362.5
1786638623830,100000.28013793334,-0.0009700000000000004,100061.75534293333,63376.5
1786638629229,100000.269469026,-0.0009700000000000004,100061.755344026,63387.5
1786638634233,100000.26074015915,-0.0009700000000000004,100061.75534515915,63396.5
1786638639610,100000.25686123749,-0.0009700000000000004,100061.75534623749,63400.5
1786638644980,100000.25686236737,-0.0009700000000000004,100061.75534736738,63400.5
1786638650367,100000.25686368227,-0.0009700000000000004,100061.75534868227,63400.5
1786638655719,100000.25686474939,-0.0009700000000000004,100061.7553497494,63400.5
1786638661100,100000.25492587205,-0.0009700000000000004,100061.75535087206,63402.5
1786638666466,100000.25783695356,-0.0009700000000000004,100061.75535195356,63399.5
1786638671881,100000.26656825896,-0.0009700000000000004,100061.75535325895,63390.5
1786638677296,100000.27723938055,-0.0009700000000000004,100061.75535438056,63379.5
1786638682682,100000.28694046021,-0.0009700000000000004,100061.7553554602,63369.5
1786638688037,100000.29373153501,-0.0009700000000000004,100061.75535653501,63362.5
1786638693456,100000.29373283859,-0.0009700000000000004,100061.75535783859,63362.5
1786638698780,100000.32778712435,0.0033099999999999996,99790.56812212434,63371.5
1786638704096,100000.4204633732,0.0033099999999999996,99790.5681183732,63399.5
1786638709413,100000.42045970012,0.0033099999999999996,99790.56811470012,63399.5
1786638714735,100000.42045515134,0.0033099999999999996,99790.56811015133,63399.5
1786638720103,100000.39066143887,0.0033099999999999996,99790.56810643886,63390.5
1786638725507,100000.35755766276,0.0033099999999999996,99790.56810266276,63380.5
1786638730900,100000.35424390459,0.0033099999999999996,99790.56809890458,63379.5
1786638736390,100000.35423947898,0.0033099999999999996,99790.56809447898,63379.5
1786638741751,100000.34430568962,0.0033099999999999996,99790.56809068962,63376.5
1786638747189,100000.35423192856,0.0033099999999999996,99790.56808692856,63379.5
1786638752576,100000.34760827248,0.0033099999999999996,99790.56808327248,63377.5
1786638757934,100000.35422381129,0.0033099999999999996,99790.56807881128,63379.5
1786638763431,100000.35422006791,0.0033099999999999996,99790.5680750679,63379.5
1786638768805,100000.38069631418,0.0033099999999999996,99790.56807131418,63387.5
1786638774178,100000.37738192035,0.0033099999999999996,99790.56806692034,63386.5
1786638779589,100000.37737828218,0.0033099999999999996,99790.56806328217,63386.5
1786638784970,100000.34096460999,0.0033099999999999996,99790.56805960998,63375.5
1786638790344,100000.30786016499,0.0033099999999999996,99790.56805516499,63365.5
1786638795722,100000.3111664325,0.0033099999999999996,99790.56805143249,63366.5
1786638801174,100000.32771275249,0.0033099999999999996,99790.56804775249,63371.5
1786638806629,100000.34756829476,0.0033099999999999996,99790.56804329476,63377.5
1786638812124,100000.3508744853,0.0033099999999999996,99790.5680394853,63378.5
1786638817500,100000.35087081483,0.0033099999999999996,99790.56803581482,63378.5
1786638822865,100000.35086711947,0.0033099999999999996,99790.56803211947,63378.5
1786638828249,100000.38727267704,0.0033099999999999996,99790.56802767703,63389.5
1786638833629,100000.4005089965,0.0033099999999999996,99790.5680239965,63393.5
1786638839022,100000.40050527653,0.0033099999999999996,99790.56802027652,63393.5
1786638844419,100000.40050079486,0.0033099999999999996,99790.56801579485,63393.5
1786638849808,100000.40049702006,0.0033099999999999996,99790.56801202006,63393.5
1786638855123,100000.40049327369,0.0033099999999999996,99790.56800827368,63393.5
1786638860571,100000.39883450123,0.0033099999999999996,99790.56800450123,63393.0
1786638865895,100000.29622072673,0.0033099999999999996,99790.56800072672,63362.0
1786638871275,100000.29125127482,0.0033099999999999996,99790.56799627481,63360.5
1786638876676,100000.31110761473,0.0033099999999999996,99790.56799261473,63366.5
1786638882107,100000.31110321144,0.0033099999999999996,99790.56798821143,63366.5
1786638887509,100000.37398945645,0.0033099999999999996,99790.56798445644,63385.5
1786638893118,100000.3739856958,0.0033099999999999996,99790.56798069579,63385.5
1786638898444,100000.3640520302,0.0033099999999999996,99790.5679770302,63382.5
1786638903872,100000.34749749603,0.0033099999999999996,99790.56797249602,63377.5
1786638909178,100000.3474937615,0.0033099999999999996,99790.56796876149,63377.5
1786638914525,100000.35080006781,0.0033099999999999996,99790.5679650678,63378.5
1786638919960,100000.39382631403,0.0033099999999999996,99790.56796131402,63391.5
1786638925328,100000.4203017937,0.0033099999999999996,99790.56795679369,63399.5
1786638930716,100000.4202981047,0.0033099999999999996,99790.56795310469,63399.5
1786638935745,100000.4302243996,0.0033099999999999996,99790.5679493996,63402.5
1786638941070,100000.43022065714,0.0033099999999999996,99790.56794565714,63402.5
1786638946462,100000.43352698465,0.0033099999999999996,99790.56794198464,63403.5
1786638951895,100000.36981824205,-0.006690000000000001,100424.61282324205,63414.5
1786638957286,100000.3698257438,-0.006690000000000001,100424.61283074379,63414.5
1786638962294,100000.44342332371,-0.006690000000000001,100424.61283832371,63403.5
1786638967700,100000.45012088951,-0.006690000000000001,100424.61284588951,63402.5
1786638973138,100000.45012974241,-0.006690000000000001,100424.61285474242,63402.5
1786638978479,100000.45013723825,-0.006690000000000001,100424.61286223825,63402.5
1786638983764,100000.55718500075,-0.006690000000000001,100424.61287000075,63386.5
1786638989149,100000.63078244451,-0.006690000000000001,100424.61287744451,63375.5
1786638994519,100000.65086142192,-0.006690000000000001,100424.61288642192,63372.5
1786639000036,100000.73783876296,-0.006690000000000001,100424.61289376295,63359.5
1786639005396,100000.73784626412,-0.006690000000000001,100424.61290126412,63359.5
1786639010776,100000.76461538418,-0.006690000000000001,100424.61291038418,63355.5
1786639016142,100000.76462268809,-0.006690000000000001,100424.6129176881,63355.5
1786639021537,100000.79808015496,-0.006690000000000001,100424.61292515496,63350.5
1786639026934,100000.93188914844,-0.006690000000000001,100424.61293414845,63330.5
1786639032334,100000.97203652808,-0.006690000000000001,100424.61294152807,63324.5
1786639037724,100000.96535395268,-0.006690000000000001,100424.61294895268,63325.5
1786639043144,100001.00550298546,-0.006690000000000001,100424.61295798546,63319.5
1786639048459,100001.06572045495,-0.006690000000000001,100424.61296545494,63310.5
1786639053855,100001.09917797323,-0.006690000000000001,100424.61297297323,63305.5
1786639059229,100001.32999049158,-0.006690000000000001,100424.61298049158,63271.0
1786639064621,100001.31996315773,-0.006690000000000001,100424.61298815774,63272.5
1786639070019,100001.29990214495,-0.006690000000000001,100424.61299714496,63275.5
1786639075402,100001.29990970618,-0.006690000000000001,100424.61300470619,63275.5
1786639080802,100001.50061737666,-0.006690000000000001,100424.61301237666,63245.5
1786639086185,100001.5140048426,-0.006690000000000001,100424.6130198426,63243.5
1786639091551,100001.48725375265,-0.006690000000000001,100424.61302875265,63247.5
1786639096997,100001.56754151049,-0.006690000000000001,100424.61303651049,63235.5
1786639102493,100001.62775887674,-0.006690000000000001,100424.61304387674,63226.5
1786639107514,100001.60769646612,-0.006690000000000001,100424.61305146612,63229.5
1786639112980,100001.62108540547,-0.006690000000000001,100424.61306040546,63227.5
1786639118408,100001.62109287811,-0.006690000000000001,100424.6130678781,63227.5
1786639123750,100001.62110043288,-0.006690000000000001,100424.61307543288,63227.5
1786639129148,100001.62110949193,-0.006690000000000001,100424.61308449192,63227.5
1786639134282,100001.62111680824,-0.006690000000000001,100424.61309180823,63227.5
1786639139793,100001.62112431579,-0.006690000000000001,100424.61309931579,63227.5
1786639145244,100001.6077520041,-0.006690000000000001,100424.6131070041,63229.5
1786639150639,100001.60776103845,-0.006690000000000001,100424.61311603845,63229.5
1786639156012,100001.68135846191,-0.006690000000000001,100424.61312346191,63218.5
1786639161375,100002.75176615747,-0.006690000000000001,100424.61313115747,63058.5
1786639166805,100002.72909944688,0.0033099999999999996,99794.03856444688,63048.5
1786639172276,100002.72909571422,0.0033099999999999996,99794.03856071422,63048.5
1786639177643,100002.65296146667,0.0033099999999999996,99794.03855646666,63025.5
1786639182902,100002.65295777754,0.0033099999999999996,99794.03855277754,63025.5
1786639188196,100002.71915411168,0.0033099999999999996,99794.03854911168,63045.5
1786639193568,100002.74231968693,0.0033099999999999996,99794.03854468693,63052.5
1786639198920,100002.72907595584,0.0033099999999999996,99794.03854095584,63048.5
1786639204279,100002.72907222586,0.0033099999999999996,99794.03853722586,63048.5
1786639209659,100002.6628685635,0.0033099999999999996,99794.0385335635,63028.5
1786639215057,100002.65293482013,0.0033099999999999996,99794.03852982013,63025.5
1786639220370,100002.57641074802,-0.006690000000000001,100424.30397574801,63038.5
1786639225770,100002.58979839197,-0.006690000000000001,100424.30398339198,63036.5
1786639231182,100002.56046635286,0.0033099999999999996,99793.93944135286,63027.5
1786639236566,100002.59025264143,0.0033099999999999996,99793.93943764143,63036.5
1786639241929,100002.54721898446,0.0033099999999999996,99793.93943398446,63023.5
1786639247296,100002.55052450964,0.0033099999999999996,99793.93942950964,63024.5
1786639252325,100002.57700074952,0.0033099999999999996,99793.93942574952,63032.5
1786639257914,100002.45783702508,0.0033099999999999996,99793.93942202508,62996.5
1786639262992,100002.51158604065,0.013309999999999999,99163.97493104065,63000.5
1786639268379,100002.44502137539,0.013309999999999999,99163.97491637539,62995.5
1786639273777,100002.23204321803,0.013309999999999999,99163.97489821803,62979.5
1786639279166,100002.28526858537,0.013309999999999999,99163.97488358537,62983.5
1786639284635,100001.91257360912,0.013309999999999999,99163.97486860912,62955.5
1786639289984,100001.65966860416,0.013309999999999999,99163.97485360416,62936.5
1786639295331,100002.11314324547,0.023309999999999997,98534.62043824547,62955.5
1786639300674,100001.97379604774,0.03331,97905.07598604774,62951.0
1786639306115,100001.52407346407,0.03331,97905.07594846407,62937.5
1786639311480,100000.3219469482,0.04331,97275.7115019482,62909.5
1786639316904,99997.72035598061,0.05331,96646.62710098061,62860.5
1786639322085,99997.93353547607,0.05331,96646.62704047607,62864.5
1786639327487,99998.09340528265,0.05331,96646.62698028264,62867.5
1786639332855,99995.58777590469,0.05331,96646.62692090469,62820.5
1786639338226,99995.6410142524,0.05331,96646.6268492524,62821.5
1786639343480,99995.45437027083,0.05331,96646.62679027084,62818.0
1786639348836,99996.86702557238,0.05331,96646.62673057239,62844.5
1786639354180,99996.92027719897,0.05331,96646.62667219897,62845.5
1786639359679,99996.86689665478,0.05331,96646.62660165479,62844.5
1786639365054,99997.1333873651,0.05331,96646.6265423651,62849.5
1786639370470,99998.78593824216,0.05331,96646.62648324216,62880.5
1786639375795,99997.04592183248,0.05441,96577.45903683249,62848.5
1786639381195,99997.75319127689,0.05441,96577.45897627689,62861.5
1786639386569,99998.73251193012,0.05441,96577.45891693012,62879.5
1786639391932,99997.69866199407,0.05441,96577.45885699407,62860.5
1786639397288,99997.06520760145,0.06441,95948.86450260146,62850.5
1786639402655,99994.87519577832,0.06441,95948.86443077833,62816.5
1786639408042,99995.19717427944,0.06441,95948.86435927944,62821.5
1786639413461,99995.26151162061,0.06441,95948.86428662062,62822.5
1786639418757,99995.45465504241,0.06441,95948.86420004242,62825.5
1786639424124,99996.61396292207,0.06441,95948.86412792208,62843.5
1786639429687,99996.54948161825,0.06441,95948.86405661824,62842.5
1786639435136,99996.74262452882,0.06441,95948.86396952883,62845.5
1786639440506,99997.45106309028,0.06441,95948.86389809028,62856.5
1786639445938,99998.22391233315,0.06441,95948.86382733316,62868.5
1786639451297,99998.57808031801,0.06441,95948.863740318,62874.0
1786639456757,99999.0610838119,0.06441,95948.8636688119,62881.5
1786639462038,100000.96110541024,0.06441,95948.86359541025,62911.0
1786639467373,100000.38134175906,0.06441,95948.86352175906,62902.0
1786639472736,100001.41183055137,0.06441,95948.86345055138,62918.0
1786639478097,100000.60662060209,0.06441,95948.8633656021,62905.5
1786639483474,100000.73536814726,0.06441,95948.86329314725,62907.5
1786639488863,100001.39884464194,0.05440999999999999,96577.94884964194,62919.5
1786639494178,100003.52077341653,0.05440999999999999,96577.94878841653,62958.5
1786639499559,100003.80770892154,0.04440999999999999,97207.55426392154,62964.5
1786639504825,100003.80765962554,0.04440999999999999,97207.55421462555,62964.5
1786639510105,100002.96382029416,0.04440999999999999,97207.55416529416,62945.5
1786639515423,100003.23022906901,0.04440999999999999,97207.55411406902,62951.5
1786639520780,100003.5410490349,0.04440999999999999,97207.5540640349,62958.5
1786639526146,100003.23012873027,0.04440999999999999,97207.55401373027,62951.5
1786639531522,100003.23006937985,0.04440999999999999,97207.55395437985,62951.5
1786639536853,100002.74151024253,0.04440999999999999,97207.55390524253,62940.5
1786639542239,100002.47500042402,0.04440999999999999,97207.55385542402,62934.5
1786639547641,100002.3861305865,0.04440999999999999,97207.5538055865,62932.5
1786639553103,100002.0308101773,0.04440999999999999,97207.55376517729,62924.5
1786639558560,100001.85317017729,0.04440999999999999,97207.55376517729,62920.5
1786639563904,100001.32013099521,0.04440999999999999,97207.55364599521,62908.5
1786639569238,100001.4089307273,0.04440999999999999,97207.55362572729,62910.5
1786639574688,100001.4088411391,0.04440999999999999,97207.5535361391,62910.5
1786639580103,100001.80848232209,0.04440999999999999,97207.55348732209,62919.5
1786639585490,100002.07489278216,0.04440999999999999,97207.55343778216,62925.5
1786639590920,100002.2524729565,0.04440999999999999,97207.5533779565,62929.5
1786639596331,100002.47447329153,0.04440999999999999,97207.55332829153,62934.5
1786639601736,100003.14057408726,0.04440999999999999,97207.55327908725,62949.5
1786639607118,100004.47282357608,0.04440999999999999,97207.55322857609,62979.5
1786639612156,100005.10267860025,0.03440999999999999,97837.35870360024,62997.5
1786639617629,100005.1714529582,0.03440999999999999,97837.35865795819,62999.5
1786639622991,100005.17141445757,0.03440999999999999,97837.35861945756,62999.5
1786639628434,100004.96490898535,0.03440999999999999,97837.35857398534,62993.5
1786639633758,100005.24015099769,0.03440999999999999,97837.35853599769,63001.5
1786639639118,100005.75626271927,0.03440999999999999,97837.35849771927,63016.5
1786639644488,100005.85945430514,0.03440999999999999,97837.35845930515,63019.5
1786639649891,100005.8594084514,0.03440999999999999,97837.35841345141,63019.5
1786639655341,100005.85936833062,0.03440999999999999,97837.35837333063,63019.5
1786639660753,100006.78839966445,0.03440999999999999,97837.35833466446,63046.5
1786639666182,100007.23568497451,0.03440999999999999,97837.35828997451,63059.5
1786639671505,100007.23564660852,0.03440999999999999,97837.35825160852,63059.5
1786639676835,100007.09796848161,0.03440999999999999,97837.35821348161,63055.5
1786639682208,100006.85705980612,0.03440999999999999,97837.35817480613,63048.5
1786639687532,100007.23552429464,0.03440999999999999,97837.35812929463,63059.5
1786639692913,100007.44194508808,0.03440999999999999,97837.35809008808,63065.5
1786639698396,100007.4763169276,0.03440999999999999,97837.3580519276,63066.5
1786639703730,100007.47627069334,0.03440999999999999,97837.35800569334,63066.5
1786639709187,100007.68269206562,0.03440999999999999,97837.35796706562,63072.5
1786639714758,100008.33644406806,0.03440999999999999,97837.35792906806,63091.5
1786639720189,100008.12993759135,0.03440999999999999,97837.35788259136,63085.5
1786639725554,100008.16430973461,0.03440999999999999,97837.35784473461,63086.5
1786639730912,100008.37073144113,0.03440999999999999,97837.35780644113,63092.5
1786639736273,100008.40509519099,0.03440999999999999,97837.357760191,63093.5
1786639741602,100009.02443654723,0.03440999999999999,97837.35772154723,63111.5
1786639746902,100008.95557769098,0.03440999999999999,97837.35768269098,63109.5
1786639752315,100010.0333349863,0.03161499999999999,98013.75158248631,63143.5
1786639757762,100009.84904028251,0.02161499999999999,98645.19682278251,63134.5
1786639763055,100009.82739572186,0.02161499999999999,98645.19679322187,63133.5
1786639768445,100010.21644149907,0.02161499999999999,98645.19676899907,63151.5
1786639773835,100010.19480206474,0.02161499999999999,98645.19674456475,63150.5
1786639779224,100010.06508766912,0.02161499999999999,98645.19672016911,63144.5
1786639784598,100010.19474870332,0.02161499999999999,98645.19669120332,63150.5
1786639790102,100010.21633919296,0.02161499999999999,98645.19666669297,63151.5
1786639795446,100010.21631409922,0.02161499999999999,98645.19664159922,63151.5
1786639800665,100010.21628950819,0.02161499999999999,98645.19661700819,63151.5
1786639806087,100010.62695025885,0.02161499999999999,98645.19659275886,63170.5
1786639811300,100010.8430760603,0.02161499999999999,98645.19656856029,63180.5
1786639816305,100010.92951202916,0.02161499999999999,98645.19654452917,63184.5
1786639821716,100010.92948319332,0.02161499999999999,98645.19651569333,63184.5
1786639827182,100010.92945875987,0.02161499999999999,98645.19649125988,63184.5
1786639832566,100011.03751002457,0.02161499999999999,98645.19646752457,63189.5
1786639837632,100011.12394597942,0.02161499999999999,98645.19644347942,63193.5
1786639843120,100010.95099729308,0.02161499999999999,98645.19641479308,63185.5
1786639848514,100011.21035283561,0.02161499999999999,98645.19639033561,63197.5
1786639853948,100010.92933377544,0.02161499999999999,98645.19636627544,63184.5
1786639859267,100011.10222443315,0.02161499999999999,98645.19633693315,63192.5
1786639864573,100011.49126986331,0.02161499999999999,98645.19631236332,63210.5
1786639869897,100011.46963099076,0.02161499999999999,98645.19628849076,63209.5
1786639875208,100011.08053697101,0.02161499999999999,98645.19626447101,63191.5
1786639880589,100011.23181786943,0.02161499999999999,98645.19624036942,63198.5
1786639886005,100011.23178824525,0.02161499999999999,98645.19621074524,63198.5
1786639891370,100011.23176430051,0.02161499999999999,98645.1961868005,63198.5
1786639896785,100010.92912996803,0.02161499999999999,98645.19616246804,63184.5
1786639902143,100010.92910162873,0.02161499999999999,98645.19613412874,63184.5
1786639907410,100010.62646695349,0.02161499999999999,98645.19610945349,63170.5
1786639912468,100010.51836764811,0.02161499999999999,98645.19608514811,63165.5
1786639917477,100010.38865693957,0.02161499999999999,98645.19606443957,63159.5
1786639922983,100010.51831877675,0.02161499999999999,98645.19603627676,63165.5
1786639928363,100010.5182944253,0.02161499999999999,98645.1960119253,63165.5
1786639933813,100010.32373071018,0.02161499999999999,98645.19598321019,63156.5
1786639938859,100010.28048079144,0.02161499999999999,98645.19596329144,63154.5
1786639944092,100009.95623155822,0.02161499999999999,98645.19593905822,63139.5
1786639949392,100009.28613757875,0.02161499999999999,98645.19591007875,63108.5
1786639954464,100009.65357269975,0.02161499999999999,98645.19589019976,63125.5
1786639959887,100009.54546910482,0.02161499999999999,98645.19586160482,63120.5
1786639965247,100009.19960529658,0.02161499999999999,98645.19583779658,63104.5
1786639970700,100009.15634662524,0.02161499999999999,98645.19580912525,63102.5
1786639976118,100008.76725244062,0.02161499999999999,98645.19578494062,63084.5
1786639981457,100008.18362314068,0.02161499999999999,98645.19576064068,63057.5
1786639986834,100008.05390897843,0.02161499999999999,98645.19573647843,63051.5
1786639992188,100007.83772982897,0.02161499999999999,98645.19570732897,63041.5
1786639997502,100007.64317124026,0.02161499999999999,98645.19568374025,63032.5
1786640002987,100007.49184071382,0.02161499999999999,98645.19565821382,63025.5
1786640008116,100007.77281179313,0.02161499999999999,98645.19563429312,63038.5
1786640013465,100007.8592478258,0.02161499999999999,98645.19561032581,63042.5
1786640018943,100007.96729376298,0.02161499999999999,98645.19558126297,63047.5
1786640023980,100008.09695992051,0.02161499999999999,98645.19555742052,63053.5
1786640029371,100008.22349203845,0.01161499999999999,99275.74093953845,63063.5
1786640034802,100008.3628592338,0.01161499999999999,99275.74092673381,63075.5
1786640040035,100008.25831114737,0.01161499999999999,99275.74091364737,63066.5
1786640045410,100008.03761040117,0.01161499999999999,99275.74089790117,63047.5
1786640050828,100008.07244248265,0.01161499999999999,99275.74088498265,63050.5
1786640056187,100008.31634460177,0.01161499999999999,99275.74087210177,63071.5
1786640061586,100008.20017900088,0.01161499999999999,99275.74085650088,63061.5
1786640066991,100008.20016616875,0.01161499999999999,99275.74084366875,63061.5
1786640072359,100008.03754301553,0.01161499999999999,99275.74083051553,63047.5
1786640077738,100008.03752992328,0.01161499999999999,99275.74081742328,63047.5
1786640083139,100007.72372891913,0.021614999999999992,98645.27624141912,63032.5
1786640088520,100007.59401514013,0.021614999999999992,98645.27621764013,63026.5
1786640093885,100007.55076141492,0.021614999999999992,98645.27619391492,63024.5
1786640099270,100007.55073234733,0.021614999999999992,98645.27616484732,63024.5
1786640104587,100007.78847267957,0.021614999999999992,98645.27614017957,63035.5
1786640109975,100007.61552866305,0.021614999999999992,98645.27611616305,63027.5
1786640115403,100007.61550481869,0.021614999999999992,98645.27609231869,63027.5
1786640120777,100007.61547610922,0.021614999999999992,98645.27606360921,63027.5
1786640126078,100008.11259673318,0.021614999999999992,98645.27603923317,63050.5
1786640131441,100008.11257264513,0.021614999999999992,98645.27601514512,63050.5
1786640136786,100008.11254878416,0.021614999999999992,98645.27599128416,63050.5
1786640142146,100008.11251934111,0.021614999999999992,98645.27596184111,63050.5
1786640147275,100008.11249500581,0.021614999999999992,98645.27593750581,63050.5
1786640152419,100008.11247130421,0.021614999999999992,98645.2759138042,63050.5
1786640157838,100008.02598690154,0.021614999999999992,98645.27588940154,63046.5
1786640163205,100008.03800488853,0.011614999999999992,99275.74129238853,63047.5
1786640168571,100007.9683019603,0.011614999999999992,99275.7412794603,63041.5
1786640173916,100007.92182630359,0.011614999999999992,99275.74126380359,63037.5
1786640179244,100007.95665819872,0.011614999999999992,99275.74125069872,63040.5
1786640184575,100008.30509511149,0.011614999999999992,99275.74123761148,63070.5
1786640190079,100008.42123230603,0.011614999999999992,99275.74122480603,63080.5
1786640195396,100008.47711318318,0.0016149999999999914,99906.56657568319,63102.5
1786640200731,100008.48034139046,0.0016149999999999914,99906.56657389046,63104.5
1786640206104,100008.4754945739,0.0016149999999999914,99906.56657207389,63101.5
1786640211469,100008.4738777556,0.0016149999999999914,99906.5665702556,63100.5
1786640216910,100008.47387558453,0.0016149999999999914,99906.56656808453,63100.5
1786640222250,100008.47387377989,0.0016149999999999914,99906.56656627989,63100.5
1786640227600,100008.25774226827,0.011614999999999992,99275.57192726826,63081.0
1786640232980,100008.22869159278,0.011614999999999992,99275.57191409278,63078.5
1786640238392,100008.11252623223,0.011614999999999992,99275.57189873223,63068.5
1786640243802,100008.10089833828,0.011614999999999992,99275.57188583828,63067.5
1786640249187,100008.10088550387,0.011614999999999992,99275.57187300386,63067.5
1786640254568,100008.10087008245,0.011614999999999992,99275.57185758244,63067.5
1786640259933,100008.06601227408,0.011614999999999992,99275.57184477408,63064.5
1786640265251,100007.97307917576,0.011614999999999992,99275.57183167576,63056.5
1786640270652,100007.97306337372,0.011614999999999992,99275.57181587371,63056.5
1786640276002,100008.01951059626,0.011614999999999992,99275.57180309626,63060.5
1786640281391,100008.03111261255,0.011614999999999992,99275.57179011255,63061.5
1786640286691,100008.03109994183,0.011614999999999992,99275.57177744183,63061.5
1786640292212,100008.08335173584,0.011614999999999992,99275.57176173585,63066.0
1786640297315,100008.12399121684,0.011614999999999992,99275.57174871684,63069.5
1786640302677,100008.12397828918,0.011614999999999992,99275.57173578918,63069.5
1786640308102,100008.12396301274,0.011614999999999992,99275.57172051274,63069.5
1786640313441,100008.0774901262,0.011614999999999992,99275.57170762621,63065.5
1786640318813,100008.12393722066,0.011614999999999992,99275.57169472067,63069.5
1786640324205,100008.12392415562,0.011614999999999992,99275.57168165562,63069.5
1786640329579,100008.1355259889,0.011614999999999992,99275.57166848889,63070.5
1786640334945,100008.13551014256,0.011614999999999992,99275.57165264255,63070.5
1786640340373,100008.2981071894,0.011614999999999992,99275.5716396894,63084.5
1786640345831,100008.29809409147,0.011614999999999992,99275.57162659147,63084.5
1786640350931,100008.29808104393,0.011614999999999992,99275.57161354393,63084.5
1786640356041,100008.29806785128,0.011614999999999992,99275.57160035128,63084.5
1786640361059,100008.56519968134,0.011614999999999992,99275.57158718134,63107.5
1786640366441,100008.72779678149,0.011614999999999992,99275.5715742815,63121.5
1786640371796,100008.72778133018,0.011614999999999992,99275.57155883018,63121.5
1786640377155,100008.7277682907,0.011614999999999992,99275.5715457907,63121.5
1786640382582,100008.84390537052,0.011614999999999992,99275.57153287053,63131.5
1786640387965,100008.8322747769,0.011614999999999992,99275.5715172769,63130.5
1786640393362,100008.84387695481,0.011614999999999992,99275.57150445481,63131.5
1786640398741,100008.75094420969,0.011614999999999992,99275.57149170969,63123.5
1786640404114,100008.22825596544,0.011614999999999992,99275.57147846544,63078.5
1786640409708,100008.03078620753,0.011614999999999992,99275.57146370753,63061.5
1786640414771,100008.29792578057,0.011614999999999992,99275.57145828057,63084.5
1786640420245,100008.48375344908,0.011614999999999992,99275.57144594908,63100.5
1786640425760,100008.48374180374,0.011614999999999992,99275.57143430374,63100.5
1786640431140,100008.5069561765,0.011614999999999992,99275.5714186765,63102.5
1786640436470,100008.55340316166,0.011614999999999992,99275.57140566166,63106.5
1786640441577,100008.55339009747,0.011614999999999992,99275.57139259747,63106.5
1786640446940,100008.48368713977,0.011614999999999992,99275.57137963978,63100.5
1786640452421,100008.55336154852,0.011614999999999992,99275.57136404852,63106.5
1786640457458,100008.57657863054,0.011614999999999992,99275.57135113054,63108.5
1786640462888,100008.5765655899,0.011614999999999992,99275.5713380899,63108.5
1786640468270,100008.57655254599,0.011614999999999992,99275.57132504598,63108.5
1786640473725,100008.55330964696,0.011614999999999992,99275.57131214696,63106.5
1786640479164,100008.4836041826,0.011614999999999992,99275.57129668261,63100.5
1786640484520,100008.48359103967,0.011614999999999992,99275.57128353967,63100.5
1786640489997,100008.40747685997,0.021614999999999992,98644.57662935997,63096.5
1786640495387,100008.40744777412,0.021614999999999992,98644.57660027413,63096.5
1786640500772,100008.53711383155,0.021614999999999992,98644.57657633156,63102.5
1786640506155,100008.53708999121,0.021614999999999992,98644.57655249121,63102.5
1786640511541,100008.53706122772,0.021614999999999992,98644.57652372772,63102.5
1786640516917,100008.53703732148,0.021614999999999992,98644.57649982149,63102.5
1786640522297,100008.91778396048,0.019949999999999964,98749.64385896048,63121.5
1786640527676,100008.91775702828,0.019949999999999964,98749.64383202828,63121.5
1786640533052,100008.91773461233,0.019949999999999964,98749.64380961233,63121.5
1786640538430,100008.75811279095,0.019949999999999964,98749.64378779095,63113.5
1786640543830,100008.75809023209,0.019949999999999964,98749.64376523209,63113.5
1786640549194,100008.75806323544,0.019949999999999964,98749.64373823543,63113.5
1786640554642,100008.75804092703,0.019949999999999964,98749.64371592703,63113.5
1786640560022,100008.21936850052,0.019949999999999964,98749.64369350052,63086.5
1786640565473,100008.01984174561,0.019949999999999964,98749.64366674561,63076.5
1786640570992,100007.70061955549,0.019949999999999964,98749.64364455549,63060.5
1786640576364,100007.700596731,0.019949999999999964,98749.643621731,63060.5
1786640581767,100007.720524405,0.019949999999999964,98749.643599405,63061.5
1786640586843,100007.86015207115,0.019949999999999964,98749.64357707115,63068.5
1786640592297,100007.91997531957,0.019949999999999964,98749.64355031957,63071.5
1786640597672,100007.72045310317,0.019949999999999964,98749.64352810317,63061.5
1786640602851,100007.700481086,0.019949999999999964,98749.643506086,63060.5
1786640608267,100007.70045873644,0.019949999999999964,98749.64348373644,63060.5
1786640613644,100007.70043227,0.019949999999999964,98749.64345727,63060.5
1786640619101,100007.78020983751,0.019949999999999964,98749.64343483752,63064.5
1786640624429,100007.78018726048,0.019949999999999964,98749.64341226048,63064.5
1786640629808,100007.80011441674,0.019949999999999964,98749.64338941674,63065.5
1786640634899,100007.99959218886,0.019949999999999964,98749.64336718887,63075.5
1786640640243,100007.99956533077,0.019949999999999964,98749.64334033077,63075.5
1786640645554,100008.21899269341,0.019949999999999964,98749.64331769341,63086.5
1786640650957,100008.47832058408,0.019949999999999964,98749.64329558409,63099.5
1786640656446,100008.4782979686,0.019949999999999964,98749.6432729686,63099.5
1786640661839,100008.27877082201,0.019949999999999964,98749.64324582202,63089.5
1786640667203,100008.2787487604,0.019949999999999964,98749.6432237604,63089.5
1786640672649,100008.13907629324,0.019949999999999964,98749.64320129325,63082.5
1786640677815,100008.2787039438,0.019949999999999964,98749.6431789438,63089.5
1786640683264,100008.27867700336,0.019949999999999964,98749.64315200337,63089.5
1786640688795,100008.27865436973,0.019949999999999964,98749.64312936974,63089.5
1786640694260,100008.31853235656,0.019949999999999964,98749.64310735656,63091.5
1786640699593,100008.31850570899,0.019949999999999964,98749.643080709,63091.5
1786640705097,100008.29853333719,0.019949999999999964,98749.6430583372,63090.5
1786640710402,100008.2985109388,0.019949999999999964,98749.6430359388,63090.5
1786640715787,100008.47803893832,0.019949999999999964,98749.64301393833,63099.5
1786640720826,100008.47801608843,0.019949999999999964,98749.64299108843,63099.5
1786640726343,100008.03908955705,0.019949999999999964,98749.64296455705,63077.5
1786640731708,100008.13881723296,0.019949999999999964,98749.64294223297,63082.5
1786640737207,100008.15874489024,0.019949999999999964,98749.64291989025,63083.5
1786640742731,100008.13876836354,0.019949999999999964,98749.64289336355,63082.5
1786640748191,100008.09884562322,0.019949999999999964,98749.64287062321,63080.5
1786640753549,100008.09882281497,0.019949999999999964,98749.64284781496,63080.5
1786640758990,100008.0987960731,0.019949999999999964,98749.6428210731,63080.5
1786640764335,100008.53767378404,0.019949999999999964,98749.64279878404,63102.5
1786640769727,100008.67730149296,0.019949999999999964,98749.64277649297,63109.5
1786640775108,100008.79697956458,0.019949999999999964,98749.64275456459,63115.5
1786640780563,100008.79695273747,0.019949999999999964,98749.64272773748,63115.5
1786640785602,100008.8567802528,0.019949999999999964,98749.6427052528,63118.5
1786640790996,100008.83680777124,0.019949999999999964,98749.64268277124,63117.5
1786640796442,100008.7769353076,0.019949999999999964,98749.6426603076,63114.5
1786640801914,100008.75695828114,0.019949999999999964,98749.64263328114,63113.5
1786640807274,100008.7569361968,0.019949999999999964,98749.6426111968,63113.5
1786640812705,100008.7569140906,0.019949999999999964,98749.6425890906,63113.5
1786640818195,100008.37783755889,0.019949999999999964,98749.64256255889,63094.5
1786640823223,100008.3778149351,0.019949999999999964,98749.6425399351,63094.5
1786640828610,100008.37779211713,0.019949999999999964,98749.64251711713,63094.5
1786640833979,100008.17826988937,0.019949999999999964,98749.64249488937,63084.5
1786640839416,100008.17824670231,0.019949999999999964,98749.64247170232,63084.5
1786640844790,100008.17822086772,0.019949999999999964,98749.64244586772,63084.5
1786640850241,100008.17819879684,0.019949999999999964,98749.64242379685,63084.5
1786640855644,100008.17817666916,0.019949999999999964,98749.64240166916,63084.5
1786640861034,100008.17815430106,0.019949999999999964,98749.64237930106,63084.5
1786640866406,100008.17812775858,0.019949999999999964,98749.64235275859,63084.5
1786640871779,100008.05840577105,0.019949999999999964,98749.64233077105,63078.5
1786640877081,100007.97858324219,0.019949999999999964,98749.6423082422,63074.5
1786640882489,100007.93865612212,0.019949999999999964,98749.64228112213,63072.5
1786640887830,100007.89873419497,0.019949999999999964,98749.64225919497,63070.5
1786640893291,100007.83886191538,0.019949999999999964,98749.64223691539,63067.5
1786640898294,100007.69918959343,0.019949999999999964,98749.64221459343,63060.5
1786640903616,100007.69916760827,0.019949999999999964,98749.64219260827,63060.5
1786640908997,100008.07819097783,0.019949999999999964,98749.64216597783,63079.5
1786640914468,100008.51706833385,0.019949999999999964,98749.64214333385,63101.5
1786640919727,100008.69659606644,0.019949999999999964,98749.64212106644,63110.5
1786640925124,100008.57687263873,0.019949999999999964,98749.64209763873,63104.5
1786640930507,100008.15789675261,0.019949999999999964,98749.64207175262,63083.5
1786640935895,100008.1578746541,0.019949999999999964,98749.64204965411,63083.5
1786640941299,100008.27755226682,0.019949999999999964,98749.64202726683,63089.5
1786640946714,100008.39722593389,0.019949999999999964,98749.64200093389,63095.5
1786640952106,100008.67650374322,0.019949999999999964,98749.64197874322,63109.5
1786640957536,100008.67648180714,0.019949999999999964,98749.64195680714,63109.5
1786640962933,100008.676454939,0.019949999999999964,98749.64192993901,63109.5
1786640968261,100008.69638211597,0.019949999999999964,98749.64190711598,63110.5
1786640973643,100008.75620998733,0.019949999999999964,98749.64188498733,63113.5
1786640979010,100008.75618794533,0.019949999999999964,98749.64186294533,63113.5
1786640984380,100008.67636158259,0.019949999999999964,98749.6418365826,63109.5
1786640989736,100008.47683954121,0.019949999999999964,98749.64181454122,63099.5
1786640995125,100008.4768175249,0.019949999999999964,98749.64179252491,63099.5
1786641000567,100008.65633988204,0.019949999999999964,98749.64176488205,63108.5
1786641005957,100008.65631799928,0.019949999999999964,98749.64174299929,63108.5
1786641011277,100008.39694520737,0.019949999999999964,98749.64172020736,63095.5
1786641016674,100008.50671807627,0.009949999999999964,99380.59704307627,63106.5
1786641022051,100008.57635501675,0.009949999999999964,99380.59703001675,63113.5
1786641027364,100008.6459938865,0.009949999999999964,99380.5970188865,63120.5
1786641032849,100008.64598283792,0.009949999999999964,99380.59700783792,63120.5
1786641037982,100008.54647148402,0.009949999999999964,99380.59699648402,63110.5
1786641043512,100008.5464583273,0.009949999999999964,99380.5969833273,63110.5
1786641048911,100008.47679731545,0.009949999999999964,99380.59697231546,63103.5
1786641054342,100008.47678402039,0.009949999999999964,99380.59695902039,63103.5
1786641059860,100008.46682314045,0.009949999999999964,99380.59694814045,63102.5
1786641064951,100008.37726189023,0.009949999999999964,99380.59693689023,63093.5
1786641070367,100008.37725062101,0.009949999999999964,99380.59692562101,63093.5
1786641075778,100008.37723934127,0.009949999999999964,99380.59691434127,63093.5
1786641080833,100008.37722823596,0.009949999999999964,99380.59690323596,63093.5
1786641086202,100008.387164843,0.009949999999999964,99380.59688984301,63094.5
1786641091577,100008.38715351683,0.009949999999999964,99380.59687851684,63094.5
1786641096959,100008.53639226043,0.009949999999999964,99380.59686726044,63109.5
1786641102306,100008.5363811354,0.009949999999999964,99380.59685613541,63109.5
1786641107332,100008.55627001592,0.009949999999999964,99380.59684501593,63111.5
1786641112700,100008.56620897463,0.009949999999999964,99380.59683397463,63112.5
1786641118095,100008.59604540089,0.009949999999999964,99380.5968204009,63115.5
1786641123564,100008.64578414918,0.009949999999999964,99380.59680914918,63120.5
1786641128936,100008.64577296244,0.009949999999999964,99380.59679796244,63120.5
1786641134327,100008.7054596051,0.009949999999999964,99380.5967846051,63126.5
1786641139714,100008.60594867473,0.009949999999999964,99380.59677367473,63116.5
1786641145104,100008.63578731344,0.009949999999999964,99380.59676231345,63119.5
1786641150484,100008.63577622514,0.009949999999999964,99380.59675122515,63119.5
1786641155881,100008.60591298596,0.009949999999999964,99380.59673798596,63116.5
1786641161237,100008.6059014878,0.009949999999999964,99380.5967264878,63116.5
1786641166629,100008.60091533432,0.009949999999999964,99380.59671533432,63116.0
1786641172028,100008.6456771878,0.009949999999999964,99380.5967021878,63120.5
1786641177469,100008.71531636757,0.009949999999999964,99380.59669136757,63127.5
1786641182839,100008.71530530902,0.009949999999999964,99380.59668030901,63127.5
1786641188233,100008.71529192662,0.009949999999999964,99380.59666692662,63127.5
1786641193625,100008.71528106825,0.009949999999999964,99380.59665606824,63127.5
1786641198991,100008.72522010515,0.009949999999999964,99380.59664510515,63128.5
1786641204417,100008.64560670091,0.009949999999999964,99380.59663170092,63120.5
1786641209785,100008.62569582876,0.009949999999999964,99380.59662082876,63118.5
1786641215150,100008.62568483922,0.009949999999999964,99380.59660983922,63118.5
1786641220563,100008.57592141816,0.009949999999999964,99380.59659641817,63113.5
1786641225913,100008.64556019899,0.009949999999999964,99380.59658519899,63120.5
1786641231278,100008.68534910955,0.009949999999999964,99380.59657410956,63124.5
1786641236671,100008.6853381433,0.009949999999999964,99380.5965631433,63124.5
1786641242057,100008.6853248341,0.009949999999999964,99380.59654983411,63124.5
1786641247462,100008.6853137151,0.009949999999999964,99380.59653871511,63124.5
1786641252838,100008.6853028185,0.009949999999999964,99380.5965278185,63124.5
1786641258232,100008.764889565,0.009949999999999964,99380.59651456501,63132.5
1786641263616,100008.76487839004,0.009949999999999964,99380.59650339004,63132.5
1786641269008,100008.77481738933,0.009949999999999964,99380.59649238933,63133.5
1786641274367,100008.64545612903,0.009949999999999964,99380.59648112903,63120.5
1786641279752,100008.64544278037,0.009949999999999964,99380.59646778037,63120.5
1786641285117,100008.6454317682,0.009949999999999964,99380.5964567682,63120.5
1786641290495,100008.64542079967,0.009949999999999964,99380.59644579967,63120.5
1786641295612,100008.64540962614,0.009949999999999964,99380.59643462615,63120.5
1786641300945,100008.64539610363,0.009949999999999964,99380.59642110363,63120.5
1786641306312,100008.6453849999,0.009949999999999964,99380.5964099999,63120.5
1786641311733,100008.64537390739,0.009949999999999964,99380.5963989074,63120.5
1786641317200,100008.64536288303,0.009949999999999964,99380.59638788304,63120.5
1786641322488,100008.70504945646,0.009949999999999964,99380.59637445647,63126.5
1786641327849,100008.64533828749,0.009949999999999964,99380.59636328749,63120.5
1786641332856,100008.64532712463,0.009949999999999964,99380.59635212463,63120.5
1786641338278,100008.64531626533,0.009949999999999964,99380.59634126534,63120.5
1786641343536,100008.54580508625,0.009949999999999964,99380.59633008625,63110.5
1786641348951,100008.54579162116,0.009949999999999964,99380.59631662116,63110.5
1786641354252,100008.5457803783,0.009949999999999964,99380.5963053783,63110.5
1786641359623,100008.63531918563,0.009949999999999964,99380.59629418564,63119.5
1786641364983,100008.66515815535,0.009949999999999964,99380.59628315535,63122.5
1786641370447,100008.66514475722,0.009949999999999964,99380.59626975722,63122.5
1786641375811,100008.67508364907,0.009949999999999964,99380.59625864906,63123.5
1786641381189,100008.8243227281,0.009949999999999964,99380.59624772811,63138.5
1786641386544,100008.99843645858,0.009949999999999964,99380.59623645859,63156.0
1786641391940,100009.0531482368,0.009949999999999964,99380.5962232368,63161.5
1786641397325,100009.05273288004,-0.00005000000000003613,100012.21145788004,63174.5
1786641402780,100009.05273293509,-0.00005000000000003613,100012.21145793509,63174.5
1786641408183,100009.05308300315,-0.00005000000000003613,100012.21145800315,63167.5
1786641413298,100009.053083059,-0.00005000000000003613,100012.211458059,63167.5
1786641418699,100008.8120708232,-0.010050000000000036,100643.8966958232,63192.5
1786641424128,100008.56162999115,-0.020050000000000037,101275.83190499115,63205.5
1786641429386,100008.5616521727,-0.020050000000000037,101275.83192717271,63205.5
1786641434787,100008.66192920516,-0.020050000000000037,101275.83195420516,63200.5
1786641440169,100008.68200147094,-0.020050000000000037,101275.83197647094,63199.5
1786641445523,100008.78227373866,-0.020050000000000037,101275.83199873866,63194.5
1786641450895,100009.20335075127,-0.020050000000000037,101275.83202575127,63173.5
1786641456273,100009.32367317965,-0.020050000000000037,101275.83204817965,63167.5
1786641461650,100009.34374563623,-0.020050000000000037,101275.83207063623,63166.5
1786641467011,100009.4640718119,-0.020050000000000037,101275.83209681191,63160.5
1786641472378,100009.6445439412,-0.020050000000000037,101275.83211894121,63151.5
1786641477779,100009.64456646529,-0.020050000000000037,101275.83214146529,63151.5
1786641483358,100009.8450933374,-0.020050000000000037,101275.8321683374,63141.5
1786641488732,100009.84511526952,-0.020050000000000037,101275.83219026952,63141.5
1786641494104,100009.82508742136,-0.020050000000000037,101275.83221242136,63142.5
1786641499542,100009.82511457772,-0.020050000000000037,101275.83223957772,63142.5
1786641505029,100009.82513695896,-0.020050000000000037,101275.83226195896,63142.5
1786641510458,100009.76500909397,-0.020050000000000037,101275.83228409398,63145.5
1786641515760,100009.76503168652,-0.020050000000000037,101275.83230668653,63145.5
1786641520816,100009.76505399325,-0.020050000000000037,101275.83232899326,63145.5
1786641526184,100009.72498119413,-0.020050000000000037,101275.83235619414,63147.5
1786641531643,100009.92550361133,-0.020050000000000037,101275.83237861133,63137.5
1786641537019,100010.04582589294,-0.020050000000000037,101275.83240089295,63131.5
1786641542414,100010.16615242831,-0.020050000000000037,101275.83242742831,63125.5
1786641547877,100010.48697560534,-0.020050000000000037,101275.83245060535,63109.5
1786641553188,100010.66744797486,-0.020050000000000037,101275.83247297487,63100.5
1786641558576,100010.66747021527,-0.020050000000000037,101275.83249521528,63100.5
1786641563960,100010.66749684751,-0.020050000000000037,101275.83252184752,63100.5
1786641568991,100010.66751561005,-0.020050000000000037,101275.83254061006,63100.5
1786641574327,100010.66754296291,-0.020050000000000037,101275.83256796292,63100.5
1786641579712,100010.66756511763,-0.020050000000000037,101275.83259011764,63100.5
1786641585082,100010.6675872479,-0.020050000000000037,101275.8326122479,63100.5
1786641590465,100010.66761358101,-0.020050000000000037,101275.83263858102,63100.5
1786641595577,100010.66763653133,-0.020050000000000037,101275.83266153134,63100.5
1786641601035,100010.69773419171,-0.020050000000000037,101275.83268419172,63099.0
1786641606461,100010.78798201903,-0.020050000000000037,101275.83270701903,63094.5
1786641611879,100010.78800433248,-0.020050000000000037,101275.83272933248,63094.5
1786641617255,100010.78803127288,-0.020050000000000037,101275.83275627288,63094.5
1786641622615,100010.78805361825,-0.020050000000000037,101275.83277861825,63094.5
1786641628050,100010.7279259864,-0.020050000000000037,101275.8328009864,63097.5
1786641633434,100010.66780285032,-0.020050000000000037,101275.83282785033,63100.5
1786641638852,100010.66782529984,-0.020050000000000037,101275.83285029985,63100.5
1786641644220,100010.66784796941,-0.020050000000000037,101275.83287296942,63100.5
1786641649649,100010.64782036305,-0.020050000000000037,101275.83289536306,63101.5
1786641655033,100010.62779787969,-0.020050000000000037,101275.8329228797,63102.5
1786641660463,100010.62781981129,-0.020050000000000037,101275.83294481129,63102.5
1786641665856,100009.54514261901,-0.020050000000000037,101275.83296761902,63156.5
1786641671321,100009.54516932907,-0.020050000000000037,101275.83299432907,63156.5
1786641676797,100009.44494182945,-0.020050000000000037,101275.83301682945,63161.5
1786641682195,100009.40486408075,-0.020050000000000037,101275.83303908075,63163.5
1786641687583,100009.40489099047,-0.020050000000000037,101275.83306599048,63163.5
1786641692962,100008.78411078115,-0.030050000000000035,101907.47833578115,63184.5
1786641698319,100008.54374385897,-0.030050000000000035,101907.47836885898,63192.5
1786641703747,100008.51373463802,-0.030050000000000035,101907.47840963802,63193.5
1786641709146,100008.51376756873,-0.030050000000000035,101907.47844256872,63193.5
1786641714604,100008.51380157433,-0.030050000000000035,101907.47847657432,63193.5
1786641719847,100008.51383529018,-0.030050000000000035,101907.47851029018,63193.5
1786641725185,100008.51387578678,-0.030050000000000035,101907.47855078678,63193.5
1786641730665,100008.51390896902,-0.030050000000000035,101907.47858396902,63193.5
1786641735973,100008.87454244147,-0.030050000000000035,101907.47861744146,63181.5
1786641741369,100008.53436433474,-0.04005000000000004,102539.29386433474,63190.0
1786641746750,100008.15394372196,-0.04005000000000004,102539.29391872196,63199.5
1786641752098,100008.15398803705,-0.04005000000000004,102539.29396303705,63199.5
1786641757459,100008.35428218255,-0.04005000000000004,102539.29400718256,63194.5
1786641762855,100008.35433563293,-0.04005000000000004,102539.29406063294,63194.5
1786641768285,100008.35438029359,-0.04005000000000004,102539.2941052936,63194.5
1786641773770,100008.3544252358,-0.04005000000000004,102539.2941502358,63194.5
1786641779126,100008.3544804538,-0.04005000000000004,102539.2942054538,63194.5
1786641784602,100008.35452600294,-0.04005000000000004,102539.29425100294,63194.5
1786641789784,100008.39462158708,-0.04005000000000004,102539.29429658709,63193.5
1786641795145,100008.39466637246,-0.04005000000000004,102539.29434137247,63193.5
1786641800522,100008.35466170312,-0.04005000000000004,102539.29438670313,63194.5
1786641805941,100008.59501591147,-0.04005000000000004,102539.29444091147,63188.5
1786641811369,100008.87540968144,-0.04005000000000004,102539.29448468144,63181.5
1786641816317,100007.99435495393,-0.04005000000000004,102539.29452995393,63203.5
1786641821702,100007.99439981287,-0.04005000000000004,102539.29457481287,63203.5
1786641827122,100007.99445282956,-0.04005000000000004,102539.29462782956,63203.5
1786641832534,100008.19474736323,-0.04005000000000004,102539.29467236323,63198.5
1786641837714,100008.19479173819,-0.04005000000000004,102539.2947167382,63198.5
1786641843151,100008.23488623521,-0.04005000000000004,102539.29476123521,63197.5
1786641848353,100008.23493139996,-0.04005000000000004,102539.29480639996,63197.5
1786641853413,100008.23497625768,-0.04005000000000004,102539.29485125768,63197.5
1786641858907,100008.23502977517,-0.04005000000000004,102539.29490477518,63197.5
1786641864374,100008.235074713,-0.04005000000000004,102539.294949713,63197.5
1786641869835,100008.01485281083,-0.04005000000000004,102539.29500281083,63203.0
1786641875204,100007.754571794,-0.04005000000000004,102539.295046794,63209.5
1786641880631,100007.75461611283,-0.04005000000000004,102539.29509111283,63209.5
1786641886161,100007.83477095526,-0.04005000000000004,102539.29514595526,63207.5
1786641891486,100007.87486513339,-0.04005000000000004,102539.29519013339,63206.5
1786641896868,100007.87490932904,-0.04005000000000004,102539.29523432904,63206.5
1786641902267,100007.87495455283,-0.04005000000000004,102539.29527955283,63206.5
1786641907584,100007.554608146,-0.04005000000000004,102539.295333146,63214.5
1786641913004,100007.55465297824,-0.04005000000000004,102539.29537797824,63214.5
1786641918335,100007.55469747062,-0.04005000000000004,102539.29542247062,63214.5
1786641923713,100006.11295155865,-0.04005000000000004,102539.29547655865,63250.5
1786641929112,100006.11299505309,-0.04005000000000004,102539.29552005309,63250.5
1786641934510,100006.11303971236,-0.04005000000000004,102539.29556471236,63250.5
1786641939924,100006.87404369471,-0.04005000000000004,102539.29561869471,63231.5
1786641945327,100007.27458913797,-0.04005000000000004,102539.29566413797,63221.5
1786641950851,100007.59503431061,-0.04005000000000004,102539.29570931061,63213.5
1786641956203,100008.23587958374,-0.04005000000000004,102539.29575458374,63197.5
1786641961650,100008.23593325316,-0.04005000000000004,102539.29580825317,63197.5
1786641967037,100008.35612880638,-0.04005000000000004,102539.29585380638,63194.5
1786641972472,100008.55642340827,-0.04005000000000004,102539.29589840827,63189.5
1786641977859,100008.55646894794,-0.04005000000000004,102539.29594394793,63189.5
1786641983446,100008.55652327495,-0.04005000000000004,102539.29599827496,63189.5
1786641988799,100008.5565677225,-0.04005000000000004,102539.29604272249,63189.5
1786641994182,100008.55662079234,-0.04005000000000004,102539.29609579234,63189.5
1786641999630,100008.95716529252,-0.04005000000000004,102539.29614029253,63179.5
1786642005069,100008.95721093913,-0.04005000000000004,102539.29618593914,63179.5
1786642010575,100008.95726472372,-0.04005000000000004,102539.29623972373,63179.5
1786642015784,100008.95730952607,-0.04005000000000004,102539.29628452608,63179.5
1786642020907,100009.27775382737,-0.04005000000000004,102539.29632882737,63171.5
1786642026277,100009.27779835503,-0.04005000000000004,102539.29637335504,63171.5
1786642031723,100009.27785092982,-0.04005000000000004,102539.29642592983,63171.5
1786642037103,100009.43809652554,-0.04005000000000004,102539.29647152554,63167.5
1786642042504,100009.43814125031,-0.04005000000000004,102539.29651625031,63167.5
1786642048028,100009.43818780566,-0.04005000000000004,102539.29656280566,63167.5
1786642053330,100009.4382330072,-0.04005000000000004,102539.2966080072,63167.5
1786642058727,100009.9188880855,-0.04005000000000004,102539.29666308551,63155.5
1786642063822,100009.91893266179,-0.04005000000000004,102539.2967076618,63155.5
1786642069251,100009.6786767477,-0.04005000000000004,102539.29675174771,63161.5
1786642074584,100009.67872076499,-0.04005000000000004,102539.296795765,63161.5
1786642079684,100009.67876526696,-0.04005000000000004,102539.29684026696,63161.5
1786642084733,100009.65878496316,-0.04005000000000004,102539.29688496316,63162.0
1786642090119,100009.71891384706,-0.04005000000000004,102539.29693884707,63160.5
1786642095366,100009.7189576567,-0.04005000000000004,102539.29698265671,63160.5
1786642100497,100009.71900294203,-0.04005000000000004,102539.29702794203,63160.5
1786642105509,100009.83919745471,-0.04005000000000004,102539.29707245472,63157.5
1786642110910,100009.83924190624,-0.04005000000000004,102539.29711690625,63157.5
1786642116228,100009.8392863144,-0.04005000000000004,102539.2971613144,63157.5
1786642121608,100009.51893927949,-0.04005000000000004,102539.29721427949,63165.5
1786642126978,100009.51898358876,-0.04005000000000004,102539.29725858876,63165.5
1786642132384,100009.51902865397,-0.04005000000000004,102539.29730365398,63165.5
1786642137884,100009.35888343691,-0.04005000000000004,102539.29735843692,63169.5
1786642143032,100009.3188793825,-0.04005000000000004,102539.2974043825,63170.5
1786642148190,100009.278874091,-0.04005000000000004,102539.29744909101,63171.5
1786642153679,100009.15876882777,-0.04005000000000004,102539.29749382776,63174.5
1786642159043,100009.15881353884,-0.04005000000000004,102539.29753853884,63174.5
1786642164414,100009.11880776694,-0.04005000000000004,102539.29758276694,63175.5
1786642169811,100009.11886212729,-0.04005000000000004,102539.2976371273,63175.5
1786642175212,100009.11890645046,-0.04005000000000004,102539.29768145047,63175.5
1786642180679,100009.11895965456,-0.04005000000000004,102539.29773465457,63175.5
1786642185731,100009.07894619026,-0.04005000000000004,102539.29777119026,63176.5
1786642191225,100009.11904929036,-0.04005000000000004,102539.29782429036,63175.5
1786642196285,100009.11909401353,-0.04005000000000004,102539.29786901354,63175.5
1786642201618,100009.11913915827,-0.04005000000000004,102539.29791415828,63175.5
1786642206682,100009.07913394392,-0.04005000000000004,102539.29795894392,63176.5
1786642212060,100009.03912881161,-0.04005000000000004,102539.29800381161,63177.5
1786642217101,100008.95907393617,-0.04005000000000004,102539.29804893618,63179.5
1786642222128,100008.19816887689,-0.04005000000000004,102539.29809387689,63198.5
1786642227504,100008.19821330563,-0.04005000000000004,102539.29813830563,63198.5
1786642232880,100008.19826662324,-0.04005000000000004,102539.29819162324,63198.5
1786642238271,100007.91796138257,-0.04005000000000004,102539.29823638257,63205.5
1786642243650,100007.9180058737,-0.04005000000000004,102539.2982808737,63205.5
1786642249097,100007.91805917285,-0.04005000000000004,102539.29833417285,63205.5
1786642254459,100007.79795324145,-0.04005000000000004,102539.29837824145,63208.5
1786642259820,100007.83804788621,-0.04005000000000004,102539.29842288622,63207.5
1786642265268,100007.95825298925,-0.04005000000000004,102539.29847798926,63204.5
1786642270660,100008.11849767904,-0.04005000000000004,102539.29852267905,63200.5
1786642276106,100008.11854185897,-0.04005000000000004,102539.29856685898,63200.5
1786642281614,100008.15864456551,-0.04005000000000004,102539.29861956551,63199.5
1786642286999,100008.55918947331,-0.04005000000000004,102539.2986644733,63189.5
1786642292494,100008.55924256126,-0.04005000000000004,102539.29871756125,63189.5
1786642297953,100008.55928671834,-0.04005000000000004,102539.29876171835,63189.5
1786642302985,100008.5593309711,-0.04005000000000004,102539.2988059711,63189.5
1786642308214,100008.55937597092,-0.04005000000000004,102539.29885097092,63189.5
1786642313830,100008.9198799524,-0.04005000000000004,102539.2989049524,63180.5
1786642319073,100008.91992428053,-0.04005000000000004,102539.29894928054,63180.5
1786642324456,100008.91996952215,-0.04005000000000004,102539.29899452215,63180.5
1786642329837,100009.12026348007,-0.04005000000000004,102539.29903848008,63175.5
1786642335195,100009.120316468,-0.04005000000000004,102539.29909146801,63175.5
1786642340587,100009.08031122231,-0.04005000000000004,102539.29913622231,63176.5
1786642345984,100009.08035568049,-0.04005000000000004,102539.2991806805,63176.5
1786642351494,100009.04036098374,-0.04005000000000004,102539.29923598374,63177.5
1786642356876,100007.4784565993,-0.04005000000000004,102539.2992815993,63216.5
1786642362290,100006.9178023412,-0.04005000000000004,102539.2993273412,63230.5
1786642367784,100006.83774792665,-0.04005000000000004,102539.29937292665,63232.5
1786642373243,100006.27709429822,-0.04005000000000004,102539.29941929822,63246.5
1786642378728,100006.27715010819,-0.04005000000000004,102539.29947510819,63246.5
1786642384212,100006.79784453465,-0.04005000000000004,102539.29951953466,63233.5
1786642389631,100007.47873911729,-0.04005000000000004,102539.29956411729,63216.5
1786642395009,100007.91933464931,-0.04005000000000004,102539.29960964932,63205.5
1786642400415,100007.39873871405,-0.04005000000000004,102539.29966371406,63218.5
1786642405738,100007.59903312658,-0.04005000000000004,102539.29970812658,63213.5
1786642411127,100007.63912779343,-0.04005000000000004,102539.29975279343,63212.5
1786642416618,100007.8394330182,-0.04005000000000004,102539.2998080182,63207.5
1786642422005,100007.91957717024,-0.04005000000000004,102539.29985217024,63205.5
1786642427377,100007.9196213294,-0.04005000000000004,102539.29989632941,63205.5
1786642432772,100007.91967560617,-0.04005000000000004,102539.29995060618,63205.5
1786642438134,100007.91971968517,-0.04005000000000004,102539.29999468518,63205.5
1786642443663,100007.83966413341,-0.04005000000000004,102539.3000391334,63207.5
1786642449137,100007.83971808889,-0.04005000000000004,102539.3000930889,63207.5
1786642454506,100007.91986242706,-0.04005000000000004,102539.30013742707,63205.5
1786642459595,100007.91990759679,-0.04005000000000004,102539.3001825968,63205.5
1786642464698,100007.91995321063,-0.04005000000000004,102539.30022821063,63205.5
1786642470077,100007.98007328788,-0.04005000000000004,102539.30027328788,63204.0
1786642475597,100008.36059299481,-0.04005000000000004,102539.30031799481,63194.5
1786642480989,100008.36064697368,-0.04005000000000004,102539.30037197369,63194.5
1786642486422,100008.36069122363,-0.04005000000000004,102539.30041622363,63194.5
1786642491927,100008.48088622134,-0.04005000000000004,102539.30046122134,63191.5
1786642497287,100008.4809406836,-0.04005000000000004,102539.3005156836,63191.5
1786642502637,100009.12178555559,-0.04005000000000004,102539.3005605556,63175.5
1786642508019,100009.121829885,-0.04005000000000004,102539.30060488501,63175.5
1786642513492,100009.12188321615,-0.04005000000000004,102539.30065821616,63175.5
1786642518870,100009.16197814498,-0.04005000000000004,102539.30070314498,63174.5
1786642524238,100009.60257322915,-0.04005000000000004,102539.30074822914,63163.5
1786642529616,100009.6827265165,-0.04005000000000004,102539.30080151651,63161.5
1786642535010,100009.7628716311,-0.04005000000000004,102539.3008466311,63159.5
1786642540422,100010.48381653441,-0.04005000000000004,102539.30089153441,63141.5
1786642545765,100010.64406101078,-0.04005000000000004,102539.30093601078,63137.5
1786642551114,100010.68416470234,-0.04005000000000004,102539.30098970234,63136.5
1786642556491,100010.68420858038,-0.04005000000000004,102539.30103358038,63136.5
1786642561821,100010.6842532572,-0.04005000000000004,102539.30107825721,63136.5
1786642567166,100010.68430685536,-0.04005000000000004,102539.30113185536,63136.5
1786642572519,100010.68435110193,-0.04005000000000004,102539.30117610193,63136.5
1786642577918,100010.68439613876,-0.04005000000000004,102539.30122113877,63136.5
1786642583295,100010.68444039412,-0.04005000000000004,102539.30126539413,63136.5
1786642588666,100010.80464396594,-0.04005000000000004,102539.30131896594,63133.5
1786642594041,100010.8046882125,-0.04005000000000004,102539.30136321251,63133.5
1786642599432,100010.04378255767,-0.04005000000000004,102539.30140755766,63152.5
1786642604809,100010.48438712621,-0.04005000000000004,102539.30146212621,63141.5
1786642610263,100010.48443178451,-0.04005000000000004,102539.30150678451,63141.5
1786642615637,100010.48447663465,-0.04005000000000004,102539.30155163465,63141.5
1786642621085,100010.64473031026,-0.04005000000000004,102539.30160531026,63137.5
1786642626604,100010.88507490228,-0.04005000000000004,102539.30164990228,63131.5
1786642632123,100011.2455690571,-0.04005000000000004,102539.3016940571,63122.5
1786642637455,100011.58650336861,-0.030050000000000035,101908.08707836861,63111.5
1786642642798,100011.82693621493,-0.030050000000000035,101908.08711121493,63103.5
1786642648061,100011.97721983404,-0.030050000000000035,101908.08714483403,63098.5
1786642653490,100011.70680358238,-0.030050000000000035,101908.08717858238,63107.5
1786642658870,100011.70684346983,-0.030050000000000035,101908.08721846984,63107.5
1786642664316,100011.10587757015,-0.030050000000000035,101908.08725257016,63127.5
1786642669664,100011.0758615138,-0.030050000000000035,101908.08728651381,63128.5
1786642675057,100010.4748941792,-0.030050000000000035,101908.0873191792,63148.5
1786642680427,100010.35473460003,-0.030050000000000035,101908.08735960003,63152.5
1786642685792,100010.53506844219,-0.030050000000000035,101908.08739344218,63146.5
1786642691176,100010.20455190758,-0.030050000000000035,101908.08742690757,63157.5
1786642696596,100010.20459274563,-0.030050000000000035,101908.08746774563,63157.5
1786642702042,100010.20462572156,-0.030050000000000035,101908.08750072155,63157.5
1786642707447,100010.17460902713,-0.030050000000000035,101908.08753402713,63158.5
1786642712814,100010.17464894448,-0.030050000000000035,101908.08757394447,63158.5
1786642718266,100009.90423232358,-0.030050000000000035,101908.08760732358,63167.5
1786642723673,100009.72396590217,-0.030050000000000035,101908.08764090217,63173.5
1786642729031,100009.72400606536,-0.030050000000000035,101908.08768106536,63173.5
1786642734419,100009.7240393724,-0.030050000000000035,101908.0877143724,63173.5
1786642739814,100010.08467279813,-0.030050000000000035,101908.08774779813,63161.5
1786642745187,100010.32511322507,-0.030050000000000035,101908.08778822508,63153.5
1786642750554,100010.80594661352,-0.030050000000000035,101908.08782161352,63137.5
1786642755918,100009.87443043481,-0.030050000000000035,101908.08785543482,63168.5
1786642761291,100010.11486403343,-0.030050000000000035,101908.08788903343,63160.5
1786642766589,100010.11490459813,-0.030050000000000035,101908.08792959813,63160.5
1786642771972,100010.11493842654,-0.030050000000000035,101908.08796342654,63160.5
1786642777306,100010.11497266383,-0.030050000000000035,101908.08799766382,63160.5
1786642782742,100010.11500694724,-0.030050000000000035,101908.08803194723,63160.5
1786642788172,100010.11503987951,-0.030050000000000035,101908.08806487951,63160.5
1786642793521,100009.8349895245,-0.04005000000000004,102539.6933645245,63167.5
1786642798683,100009.83503442009,-0.04005000000000004,102539.69340942008,63167.5
1786642803996,100008.19366877581,-0.05005000000000004,103171.37869377581,63200.5
1786642809362,100008.19372752028,-0.05005000000000004,103171.37875252028,63200.5
1786642814774,100008.14373454545,-0.05005000000000004,103171.37880954545,63201.5
1786642820159,100008.14380114501,-0.05005000000000004,103171.37887614501,63201.5
1786642825541,100008.14385712422,-0.05005000000000004,103171.37893212422,63201.5
1786642830861,100008.14391335608,-0.05005000000000004,103171.37898835608,63201.5
1786642836236,100008.14396945613,-0.05005000000000004,103171.37904445613,63201.5
1786642841745,100008.14403819984,-0.05005000000000004,103171.37911319984,63201.5
1786642847142,100008.74469431088,-0.05005000000000004,103171.37916931088,63189.5
1786642852552,100008.94495098665,-0.05005000000000004,103171.37922598666,63185.5
1786642858053,100008.94501782826,-0.05005000000000004,103171.37929282826,63185.5
1786642863456,100008.94507336851,-0.05005000000000004,103171.37934836851,63185.5
1786642868972,100009.19537900685,-0.05005000000000004,103171.37940400686,63180.5
1786642874043,100009.19543544494,-0.05005000000000004,103171.37946044494,63180.5
1786642879586,100009.14545339996,-0.05005000000000004,103171.37952839996,63181.5
1786642884938,100009.14551021293,-0.05005000000000004,103171.37958521293,63181.5
1786642890413,100009.1455666327,-0.05005000000000004,103171.3796416327,63181.5
1786642895530,100008.16779499232,-0.05154500000000004,103265.83756749232,63200.5
1786642900888,100008.11630731364,-0.05154500000000004,103265.83762481365,63201.5
1786642906201,100008.11637587428,-0.05154500000000004,103265.83769337428,63201.5
1786642911585,100008.11643251534,-0.05154500000000004,103265.83775001534,63201.5
1786642917051,100008.11648998299,-0.05154500000000004,103265.837807483,63201.5
1786642922427,100008.11655858572,-0.05154500000000004,103265.83787608573,63201.5
1786642927788,100008.11661543239,-0.05154500000000004,103265.8379329324,63201.5
1786642933151,100007.85894860292,-0.05154500000000004,103265.83799110293,63206.5
1786642938538,100007.85901816408,-0.05154500000000004,103265.83806066409,63206.5
1786642943828,100008.16834645276,-0.05154500000000004,103265.83811895276,63200.5
1786642949221,100008.16840335366,-0.05154500000000004,103265.83817585366,63200.5
1786642954602,100008.16846052484,-0.05154500000000004,103265.83823302484,63200.5
1786642960057,100008.16852965415,-0.05154500000000004,103265.83830215415,63200.5
1786642965400,100008.16858758157,-0.05154500000000004,103265.83836008157,63200.5
1786642970477,100008.16864615389,-0.05154500000000004,103265.83841865389,63200.5
1786642975743,100008.6326086382,-0.05154500000000004,103265.8384761382,63191.5
1786642981117,100008.63266638677,-0.05154500000000004,103265.83853388677,63191.5
1786642986627,100008.63273558322,-0.05154500000000004,103265.83860308322,63191.5
1786642992071,100007.8596200083,-0.05154500000000004,103265.8386625083,63206.5
1786642997481,100008.47821655724,-0.05154500000000004,103265.83871905724,63194.5
1786643002860,100008.78755535718,-0.05154500000000004,103265.83878785718,63188.5
1786643008223,100008.16907254694,-0.05154500000000004,103265.83884504694,63200.5
1786643013665,100008.16912940072,-0.05154500000000004,103265.83890190072,63200.5
1786643019040,100008.16919889349,-0.05154500000000004,103265.83897139349,63200.5
1786643024493,100008.16925670118,-0.05154500000000004,103265.83902920118,63200.5
1786643029962,100008.16931462217,-0.05154500000000004,103265.83908712216,63200.5
1786643035337,100008.16938313186,-0.05154500000000004,103265.83915563185,63200.5
1786643040701,100008.16944089449,-0.05154500000000004,103265.83921339449,63200.5
1786643046066,100008.1694986345,-0.05154500000000004,103265.8392711345,63200.5
1786643051529,100008.16955553736,-0.05154500000000004,103265.83932803736,63200.5
1786643056869,100008.16962414887,-0.05154500000000004,103265.83939664887,63200.5
1786643062316,100008.16968208118,-0.05154500000000004,103265.83945458118,63200.5
1786643067759,100008.16973990036,-0.05154500000000004,103265.83951240036,63200.5
1786643073206,100008.16980972231,-0.05154500000000004,103265.83958222231,63200.5
1786643078709,100008.16986757545,-0.05154500000000004,103265.83964007544,63200.5
1786643084082,100007.03593469324,-0.05154500000000004,103265.83969719324,63222.5
1786643089460,100006.3659178204,-0.05154500000000004,103265.8397653204,63235.5
1786643094837,100006.36597594417,-0.05154500000000004,103265.83982344417,63235.5
1786643100214,100006.36603297088,-0.05154500000000004,103265.83988047088,63235.5
1786643105718,100006.4691927973,-0.05154500000000004,103265.8399502973,63233.5
1786643111152,100006.46924984468,-0.05154500000000004,103265.84000734468,63233.5
1786643116442,100006.21158236855,-0.05154500000000004,103265.84006486855,63238.5
1786643121810,100006.21163997782,-0.05154500000000004,103265.84012247782,63238.5
1786643127369,100006.21171035824,-0.05154500000000004,103265.84019285825,63238.5
1786643132760,100006.21176724373,-0.05154500000000004,103265.84024974373,63238.5
1786643138116,100005.07784602867,-0.05154500000000004,103265.84031852867,63260.5
1786643143452,100004.66554381442,-0.05154500000000004,103265.84037631443,63268.5
1786643148959,100003.86559848586,-0.061545000000000044,103898.52551598586,63281.5
1786643154347,100003.68104710583,-0.061545000000000044,103898.52559960583,63284.5
1786643159712,100003.68111547884,-0.061545000000000044,103898.52566797884,63284.5
1786643165146,100003.68118333883,-0.061545000000000044,103898.52573583883,63284.5
1786643170546,100003.68126580789,-0.061545000000000044,103898.52581830788,63284.5
1786643175932,100003.68133379024,-0.061545000000000044,103898.52588629024,63284.5
1786643181300,100004.41994381385,-0.061545000000000044,103898.52595631385,63272.5
1786643186672,100003.61992678663,-0.061545000000000044,103898.52602428664,63285.5
1786643192094,100003.62000915024,-0.061545000000000044,103898.52610665024,63285.5
1786643197439,100004.42016429194,-0.061545000000000044,103898.52617679194,63272.5
1786643202816,100004.66641184287,-0.061545000000000044,103898.52624434288,63268.5
1786643208194,100004.72803926305,-0.061545000000000044,103898.52632676305,63267.5
1786643213578,100004.72810684779,-0.061545000000000044,103898.52639434779,63267.5
1786643218961,100004.85126609467,-0.061545000000000044,103898.52646359468,63265.5
1786643224328,100005.15907295447,-0.061545000000000044,103898.52654545447,63260.5
1786643229708,100005.28223106086,-0.061545000000000044,103898.52661356087,63258.5
1786643235087,100005.28230056049,-0.061545000000000044,103898.5266830605,63258.5
1786643240464,100005.28236934512,-0.061545000000000044,103898.52675184513,63258.5
1786643245907,100005.28245281495,-0.061545000000000044,103898.52683531496,63258.5
1786643251360,100005.28252126479,-0.061545000000000044,103898.5269037648,63258.5
1786643256886,100005.28260331204,-0.061545000000000044,103898.52698581204,63258.5
1786643262262,100005.28267306733,-0.061545000000000044,103898.52705556733,63258.5
1786643267650,100005.28274105035,-0.061545000000000044,103898.52712355036,63258.5
1786643273055,100005.34435485373,-0.061545000000000044,103898.52719235374,63257.5
1786643278426,100005.34443717504,-0.061545000000000044,103898.52727467504,63257.5
1786643283805,100005.34450616555,-0.061545000000000044,103898.52734366556,63257.5
1786643289196,100005.34457511774,-0.061545000000000044,103898.52741261774,63257.5
1786643294564,100005.34465707625,-0.061545000000000044,103898.52749457625,63257.5
1786643299894,100006.69871487537,-0.061545000000000044,103898.52756237537,63235.5
1786643305345,100007.12960144154,-0.061545000000000044,103898.52763394154,63228.5
1786643310746,100007.12967073533,-0.061545000000000044,103898.52770323533,63228.5
1786643316119,100007.31438857777,-0.061545000000000044,103898.52778607777,63225.5
1786643321280,100007.31445587818,-0.061545000000000044,103898.52785337818,63225.5
1786643326364,100007.9299779204,-0.061545000000000044,103898.5279254204,63215.5
1786643331730,100007.93004611625,-0.061545000000000044,103898.52799361626,63215.5
1786643337165,100007.93011432435,-0.061545000000000044,103898.52806182436,63215.5
1786643342554,100006.9454763294,-0.061545000000000044,103898.5281438294,63231.5
1786643347926,100006.94554504781,-0.061545000000000044,103898.52821254781,63231.5
1786643353287,100006.94561343211,-0.061545000000000044,103898.5282809321,63231.5
1786643358354,100006.69950181832,-0.061545000000000044,103898.52834931832,63235.5
1786643363808,100006.69956973396,-0.061545000000000044,103898.52841723396,63235.5
1786643369254,100006.69965348988,-0.061545000000000044,103898.52850098988,63235.5
1786643374624,100006.69972140556,-0.061545000000000044,103898.52856890556,63235.5
1786643380001,100006.69980284038,-0.061545000000000044,103898.52865034038,63235.5
1786643385361,100006.69987437985,-0.061545000000000044,103898.52872187985,63235.5
1786643390591,100006.69994167481,-0.061545000000000044,103898.52878917482,63235.5
1786643396035,100006.45383335382,-0.061545000000000044,103898.52886085382,63239.5
1786643401448,100006.45390270778,-0.061545000000000044,103898.52893020779,63239.5
1786643406509,100007.23730371613,-0.05154500000000004,103266.14415621613,63224.5
1786643411953,100007.39199612258,-0.05154500000000004,103266.14421362258,63221.5
1786643417456,100007.3920649354,-0.05154500000000004,103266.1442824354,63221.5
1786643422814,100007.39212205398,-0.05154500000000004,103266.14433955398,63221.5
1786643428199,100007.39217885557,-0.05154500000000004,103266.14439635558,63221.5
1786643433595,100007.03143282329,-0.05154500000000004,103266.14446532329,63228.5
1786643438957,100006.87685614696,-0.05154500000000004,103266.14452364696,63231.5
1786643444333,100006.87691310838,-0.05154500000000004,103266.14458060838,63231.5
1786643449738,100007.75323794503,-0.05154500000000004,103266.14464044503,63214.5
1786643455257,100008.42339246714,-0.05154500000000004,103266.14470996715,63201.5
1786643460718,100008.42345055753,-0.05154500000000004,103266.14476805754,63201.5
1786643466142,100008.42351909138,-0.05154500000000004,103266.14483659138,63201.5
1786643471505,100008.42357666093,-0.05154500000000004,103266.14489416094,63201.5
1786643476893,100008.42363375599,-0.05154500000000004,103266.14495125599,63201.5
1786643482250,100008.32060139526,-0.05154500000000004,103266.14500889526,63203.5
1786643487581,100008.32067080226,-0.05154500000000004,103266.14507830226,63203.5
1786643492951,100008.47536308639,-0.05154500000000004,103266.14513558638,63200.5
1786643498330,100008.47542085712,-0.05154500000000004,103266.14519335712,63200.5
1786643503746,100007.65075864141,-0.05154500000000004,103266.14525114141,63216.5
1786643509180,100007.96009823766,-0.05154500000000004,103266.14532073766,63210.5
1786643514346,100007.96015569828,-0.05154500000000004,103266.14537819829,63210.5
1786643519709,100007.96021293066,-0.05154500000000004,103266.14543543066,63210.5
1786643524944,100007.9602702762,-0.05154500000000004,103266.14549277621,63210.5
1786643530447,100007.96034027205,-0.05154500000000004,103266.14556277206,63210.5
1786643535930,100007.96039727803,-0.05154500000000004,103266.14561977804,63210.5
1786643541307,100007.96045452068,-0.05154500000000004,103266.14567702069,63210.5
1786643546763,100008.63060816529,-0.05154500000000004,103266.14574566529,63197.5
1786643552134,100008.32139514155,-0.05154500000000004,103266.14580264155,63203.5
1786643557506,100008.32145208615,-0.05154500000000004,103266.14585958615,63203.5
1786643562885,100008.2699754016,-0.05154500000000004,103266.14592790161,63204.5
1786643568264,100008.27003294899,-0.05154500000000004,103266.145985449,63204.5
1786643573658,100008.27009067897,-0.05154500000000004,103266.14604317897,63204.5
1786643579183,100008.27016084119,-0.05154500000000004,103266.1461133412,63204.5
1786643584555,100008.4248535671,-0.05154500000000004,103266.14617106711,63201.5
1786643589944,100008.63109072206,-0.05154500000000004,103266.14622822206,63197.5
1786643595332,100008.83733991624,-0.05154500000000004,103266.14629741624,63193.5
1786643600733,100008.83739651479,-0.05154500000000004,103266.1463540148,63193.5
1786643606128,100008.88899878916,-0.05154500000000004,103266.14641128916,63192.5
1786643611541,100009.4560634479,-0.05154500000000004,103266.14648094791,63181.5
1786643616920,100009.71384559115,-0.05154500000000004,103266.14653809115,63176.5
1786643622307,100009.76544744625,-0.05154500000000004,103266.14659494624,63175.5
1786643627753,100009.76551668145,-0.05154500000000004,103266.14666418145,63175.5
1786643633234,100009.71402991278,-0.05154500000000004,103266.14672241278,63176.5
1786643638663,100009.7140870054,-0.05154500000000004,103266.1467795054,63176.5
1786643644069,100009.71415614524,-0.05154500000000004,103266.14684864525,63176.5
1786643649436,100009.714212346,-0.05154500000000004,103266.14690484601,63176.5
1786643654460,100009.71427110245,-0.05154500000000004,103266.14696360246,63176.5
1786643659831,100009.7143282521,-0.05154500000000004,103266.1470207521,63176.5
1786643665190,100009.7143853892,-0.05154500000000004,103266.14707788921,63176.5
1786643670617,100009.66290952571,-0.05154500000000004,103266.14714702571,63177.5
1786643676081,100009.66296641759,-0.05154500000000004,103266.14720391759,63177.5
1786643681444,100009.66302402203,-0.05154500000000004,103266.14726152203,63177.5
1786643686882,100009.40536990526,-0.05154500000000004,103266.14733240526,63182.5
1786643692242,100009.40542668792,-0.05154500000000004,103266.14738918793,63182.5
1786643697681,100009.40548416135,-0.05154500000000004,103266.14744666136,63182.5
1786643703124,100009.40555383985,-0.05154500000000004,103266.14751633986,63182.5
1786643708419,100009.19943090613,-0.05154500000000004,103266.14757340612,63186.5
1786643713858,100009.19948819929,-0.05154500000000004,103266.14763069928,63186.5
1786643719184,100008.83873085534,-0.05154500000000004,103266.14768835534,63193.5
1786643724538,100008.73570929535,-0.05154500000000004,103266.14775679536,63195.5
1786643729987,100009.16142828752,-0.04154500000000004,102634.20302578753,63185.5
1786643735367,100009.16147452182,-0.04154500000000004,102634.20307202183,63185.5
1786643740725,100009.16152969048,-0.04154500000000004,102634.20312719049,63185.5
1786643746122,100009.16157598788,-0.04154500000000004,102634.20317348788,63185.5
1786643751487,100009.1616230876,-0.04154500000000004,102634.2032205876,63185.5
1786643756893,100009.16166918442,-0.04154500000000004,102634.20326668443,63185.5
1786643762288,100009.16172611249,-0.04154500000000004,102634.2033236125,63185.5
1786643767691,100009.1617719175,-0.04154500000000004,102634.2033694175,63185.5
1786643773041,100009.16182668557,-0.04154500000000004,102634.20342418557,63185.5
1786643778368,100009.16187240931,-0.04154500000000004,102634.20346990932,63185.5
1786643783736,100009.16191880776,-0.04154500000000004,102634.20351630777,63185.5
1786643789093,100009.16196703879,-0.04154500000000004,102634.2035645388,63185.5
1786643794421,100009.28664899338,-0.04154500000000004,102634.20361149339,63182.5
1786643799789,100011.0315951278,-0.04154500000000004,102634.20366762781,63140.5
1786643805168,100010.45001238091,-0.04154500000000004,102634.20371488092,63154.5
1786643810540,100010.45005878966,-0.04154500000000004,102634.20376128967,63154.5
1786643815593,100010.69937542622,-0.04154500000000004,102634.20380792623,63148.5
1786643820975,100010.69942264332,-0.04154500000000004,102634.20385514332,63148.5
1786643826416,100010.2840194244,-0.04154500000000004,102634.20390192441,63158.5
1786643831789,100010.28407491244,-0.04154500000000004,102634.20395741245,63158.5
1786643837116,100010.28412145215,-0.04154500000000004,102634.20400395215,63158.5
1786643842448,100010.24262352042,-0.04154500000000004,102634.20405102042,63159.5
1786643847844,100010.24267003428,-0.04154500000000004,102634.20409753428,63159.5
1786643853285,100010.24272471321,-0.04154500000000004,102634.20415221322,63159.5
1786643858671,100010.24277129055,-0.04154500000000004,102634.20419879055,63159.5
1786643863696,100010.24281719272,-0.04154500000000004,102634.20424469272,63159.5
1786643869085,100010.24286307702,-0.04154500000000004,102634.20429057702,63159.5
1786643874579,100010.24291803828,-0.04154500000000004,102634.20434553828,63159.5
1786643879673,100010.24296503491,-0.04154500000000004,102634.20439253491,63159.5
1786643885111,100010.03528707725,-0.04154500000000004,102634.20443957725,63164.5
1786643890511,100010.03533325739,-0.04154500000000004,102634.2044857574,63164.5
1786643895588,100010.03537924515,-0.04154500000000004,102634.20453174516,63164.5
1786643901097,100010.03543525624,-0.04154500000000004,102634.20458775625,63164.5
1786643906285,100010.03548298549,-0.04154500000000004,102634.2046354855,63164.5
1786643911652,100010.03552949397,-0.04154500000000004,102634.20468199397,63164.5
1786643916733,100009.99403047588,-0.04154500000000004,102634.20472797588,63165.5
1786643922111,100009.99407622083,-0.04154500000000004,102634.20477372083,63165.5
1786643927506,100009.99413141735,-0.04154500000000004,102634.20482891735,63165.5
1786643932863,100009.99417797347,-0.04154500000000004,102634.20487547347,63165.5
1786643938240,100010.65894414678,-0.04154500000000004,102634.20492164679,63149.5
1786643943633,100010.65900049126,-0.04154500000000004,102634.20497799126,63149.5
1786643949003,100010.65904670763,-0.04154500000000004,102634.20502420764,63149.5
1786643954425,100010.9083623113,-0.04154500000000004,102634.2050698113,63143.5
1786643959793,100011.07459781424,-0.04154500000000004,102634.20512531424,63139.5
1786643965264,100011.32391406759,-0.04154500000000004,102634.20517156759,63133.5
1786643970626,100011.32395953553,-0.04154500000000004,102634.20521703553,63133.5
1786643976133,100011.32401647983,-0.04154500000000004,102634.20527397984,63133.5
1786643981448,100011.32406134464,-0.04154500000000004,102634.20531884464,63133.5
1786643986846,100011.44874263056,-0.04154500000000004,102634.20536513056,63130.5
1786643992254,100011.44879829025,-0.04154500000000004,102634.20542079025,63130.5
1786643997602,100011.53193396582,-0.04154500000000004,102634.20546646582,63128.5
1786644003121,100011.78125061451,-0.04154500000000004,102634.20551311452,63122.5
1786644008592,100012.20171294043,-0.03154500000000004,102002.99089044043,63109.5
1786644014051,100012.20174877513,-0.03154500000000004,102002.99092627513,63109.5
1786644019420,100012.20178400307,-0.03154500000000004,102002.99096150308,63109.5
1786644024751,100012.20181968373,-0.03154500000000004,102002.99099718373,63109.5
1786644030129,100012.20185049289,-0.03154500000000004,102002.99102799289,63109.5
1786644035546,100012.20187295931,-0.03154500000000004,102002.99105045931,63109.5
1786644040900,100012.2018971692,-0.03154500000000004,102002.9910746692,63109.5
1786644046268,100012.2019256335,-0.03154500000000004,102002.9911031335,63109.5
1786644051765,100012.23351034484,-0.03154500000000004,102002.99114284484,63108.5
1786644056813,100012.23354541342,-0.03154500000000004,102002.99117791341,63108.5
1786644062202,100012.23358152529,-0.03154500000000004,102002.99121402529,63108.5
1786644067737,100012.23361713905,-0.03154500000000004,102002.99124963905,63108.5
1786644072761,100012.23365198527,-0.03154500000000004,102002.99128448527,63108.5
1786644078143,100012.23369405002,-0.03154500000000004,102002.99132655002,63108.5
1786644083503,100011.72900872806,-0.03154500000000004,102002.99136122807,63124.5
1786644088908,100011.69749862653,-0.03154500000000004,102002.99139612653,63125.5
1786644094216,100011.63445050392,-0.03154500000000004,102002.99143800391,63127.5
1786644099579,100011.4452151825,-0.03154500000000004,102002.9914726825,63133.5
1786644104992,100010.05727043386,-0.03154500000000004,102002.99150793385,63177.5
1786644110384,100009.11199806444,-0.04154500000000005,102634.77677056445,63200.5
1786644115891,100009.11204366149,-0.04154500000000005,102634.7768161615,63200.5
1786644121332,100009.11209161415,-0.04154500000000005,102634.77686411416,63200.5
1786644126408,100009.11213766137,-0.04154500000000005,102634.77691016138,63200.5
1786644131877,100009.1121927995,-0.04154500000000005,102634.7769652995,63200.5
1786644137378,100008.5721546947,-0.04154500000000005,102634.77701219471,63213.5
1786644142695,100008.57220072795,-0.04154500000000005,102634.77705822796,63213.5
1786644148009,100008.57225738223,-0.04154500000000005,102634.77711488224,63213.5
1786644153392,100008.53075787844,-0.04154500000000005,102634.77716037845,63214.5
1786644158421,100008.53080355712,-0.04154500000000005,102634.77720605713,63214.5
1786644163652,100008.53084987155,-0.04154500000000005,102634.77725237155,63214.5
1786644169016,100008.53089605577,-0.04154500000000005,102634.77729855578,63214.5
1786644174418,100008.53095123348,-0.04154500000000005,102634.77735373349,63214.5
1786644179842,100008.53099770211,-0.04154500000000005,102634.77740020212,63214.5
1786644185302,100008.53104466325,-0.04154500000000005,102634.77744716326,63214.5
1786644190739,100008.53110200516,-0.04154500000000005,102634.77750450517,63214.5
1786644196161,100008.5311484387,-0.04154500000000005,102634.77755093871,63214.5
1786644201517,100008.15729049509,-0.04154500000000005,102634.7775979951,63223.5
1786644206923,100008.15733651696,-0.04154500000000005,102634.77764401697,63223.5
1786644212313,100008.15739196447,-0.04154500000000005,102634.77769946448,63223.5
1786644217682,100007.82507912898,-0.04154500000000005,102634.77774662898,63231.5
1786644223080,100007.61740039152,-0.04154500000000005,102634.77779289153,63236.5
1786644228531,100007.617456281,-0.04154500000000005,102634.77784878101,63236.5
1786644234073,100007.6175020003,-0.04154500000000005,102634.77789450031,63236.5
1786644239535,100004.95866892683,-0.04154500000000005,102634.77794142683,63300.5
1786644244896,100004.95872539385,-0.04154500000000005,102634.77799789385,63300.5
1786644250240,100004.95877238346,-0.04154500000000005,102634.77804488345,63300.5
1786644255631,100004.95881886414,-0.04154500000000005,102634.77809136413,63300.5
1786644260985,100004.95886502526,-0.04154500000000005,102634.77813752525,63300.5
1786644266411,100005.24973632993,-0.04154500000000005,102634.77819382993,63293.5
1786644271797,100005.74832323959,-0.04154500000000005,102634.77824073959,63281.5
1786644277159,100005.7483688249,-0.04154500000000005,102634.7782863249,63281.5
1786644282543,100005.74842457638,-0.04154500000000005,102634.77834207637,63281.5
1786644287986,100005.91465096004,-0.04154500000000005,102634.77838846004,63277.5
1786644293379,100005.99778700512,-0.04154500000000005,102634.77843450512,63275.5
1786644298766,100006.08093302675,-0.04154500000000005,102634.77849052675,63273.5
1786644304208,100006.08098012964,-0.04154500000000005,102634.77853762964,63273.5
1786644309600,100006.08102655607,-0.04154500000000005,102634.77858405607,63273.5
1786644314623,100006.08107278097,-0.04154500000000005,102634.77863028097,63273.5
1786644320201,100006.20576297754,-0.04154500000000005,102634.77868547755,63270.5
1786644325237,100006.20580900938,-0.04154500000000005,102634.77873150937,63270.5
1786644330725,100006.20585599894,-0.04154500000000005,102634.77877849895,63270.5
1786644336189,100006.49671899204,-0.04154500000000005,102634.77882649204,63263.5
1786644341207,100006.4967653401,-0.04154500000000005,102634.77887284009,63263.5
1786644346702,100006.87071640436,-0.04154500000000005,102634.77891890437,63254.5
1786644352062,100007.03695394674,-0.04154500000000005,102634.77897644675,63250.5
1786644357536,100007.03700017721,-0.04154500000000005,102634.77902267722,63250.5
1786644362575,100007.03704607837,-0.04154500000000005,102634.77906857838,63250.5
1786644368088,100007.16172697951,-0.04154500000000005,102634.77911447952,63247.5
1786644373213,100007.16177448543,-0.04154500000000005,102634.77916198544,63247.5
1786644378648,100007.16183123285,-0.04154500000000005,102634.77921873286,63247.5
1786644384012,100007.49423807021,-0.04154500000000005,102634.77926557022,63239.5
1786644389474,100007.49428404792,-0.04154500000000005,102634.77931154793,63239.5
1786644394840,100007.49433926457,-0.04154500000000005,102634.77936676457,63239.5
1786644400234,100007.66056605877,-0.04154500000000005,102634.77941355878,63235.5
1786644405596,100007.95142732217,-0.04154500000000005,102634.77945982218,63228.5
1786644410967,100008.0345718191,-0.04154500000000005,102634.7795143191,63226.5
1786644416339,100008.03461767515,-0.04154500000000005,102634.77956017516,63226.5
1786644421741,100008.03466407808,-0.04154500000000005,102634.77960657809,63226.5
1786644427101,100008.03471880018,-0.04154500000000005,102634.77966130018,63226.5
1786644432458,100008.03476472879,-0.04154500000000005,102634.7797072288,63226.5
1786644437825,100008.03481079421,-0.04154500000000005,102634.77975329422,63226.5
1786644443254,100008.0348662241,-0.04154500000000005,102634.77980872411,63226.5
1786644448630,100008.03491240455,-0.04154500000000005,102634.77985490455,63226.5
1786644453984,100008.24268392987,-0.04154500000000005,102634.77990142988,63221.5
1786644459388,100008.40890982948,-0.04154500000000005,102634.77994732949,63217.5
1786644464769,100008.4089650753,-0.04154500000000005,102634.78000257531,63217.5
1786644470149,100008.4090109447,-0.04154500000000005,102634.7800484447,63217.5
1786644475619,100008.40905779005,-0.04154500000000005,102634.78009529006,63217.5
1786644481053,100008.4091137291,-0.04154500000000005,102634.7801512291,63217.5
1786644486487,100008.40916051056,-0.04154500000000005,102634.78019801057,63217.5
1786644491872,100008.40920648004,-0.04154500000000005,102634.78024398004,63217.5
1786644497366,100008.40926226329,-0.04154500000000005,102634.7802997633,63217.5
1786644502727,100008.40930835991,-0.04154500000000005,102634.78034585992,63217.5
1786644508113,100008.4093542631,-0.04154500000000005,102634.78039176311,63217.5
1786644513500,100008.40941041763,-0.04154500000000005,102634.78044791764,63217.5
1786644518907,100008.40945709604,-0.04154500000000005,102634.78049459605,63217.5
1786644524438,100008.40950330932,-0.04154500000000005,102634.78054080933,63217.5
1786644529501,100008.40955015451,-0.04154500000000005,102634.78058765452,63217.5
1786644534983,100008.40960797401,-0.04154500000000005,102634.78064547402,63217.5
1786644540120,100008.40965423691,-0.04154500000000005,102634.78069173692,63217.5
1786644545457,100008.28506544507,-0.04154500000000005,102634.78073794508,63220.5
1786644550834,100008.16047750422,-0.04154500000000005,102634.78078500423,63223.5
1786644556405,100007.95279984927,-0.04154500000000005,102634.78083234928,63228.5
1786644561843,100007.95285498537,-0.04154500000000005,102634.78088748538,63228.5
1786644566916,100007.95290115476,-0.04154500000000005,102634.78093365477,63228.5
1786644572070,100007.95294702369,-0.04154500000000005,102634.7809795237,63228.5
1786644577462,100007.95299348568,-0.04154500000000005,102634.78102598569,63228.5
1786644582497,100008.4100349838,-0.04154500000000005,102634.7810724838,63217.5
1786644587607,100008.55548855377,-0.04154500000000005,102634.78111855377,63214.0
1786644593127,100009.07485737823,-0.04154500000000005,102634.78117487824,63201.5
1786644598589,100009.07490353823,-0.04154500000000005,102634.78122103824,63201.5
1786644604046,100009.07495138426,-0.04154500000000005,102634.78126888427,63201.5
1786644609321,100008.82572798079,-0.04154500000000005,102634.7813154808,63207.5
1786644614702,100008.70115013263,-0.04154500000000005,102634.78137263264,63210.5
1786644620066,100008.65982672079,-0.05154500000000005,103266.89659422079,63211.5
1786644625462,100008.65988536896,-0.05154500000000005,103266.89665286896,63211.5
1786644630914,100009.16704107844,-0.05061500000000005,103208.11096357845,63201.5
1786644636287,100009.21772478733,-0.05061500000000005,103208.11103228734,63200.5
1786644641754,100009.31901051723,-0.05061500000000005,103208.11108801723,63198.5
1786644647121,100009.31906655032,-0.05061500000000005,103208.11114405033,63198.5
1786644652508,100009.3191347057,-0.05061500000000005,103208.11121220571,63198.5
1786644657764,100009.11673150746,-0.05061500000000005,103208.11126900747,63202.5
1786644663106,100009.11678908691,-0.05061500000000005,103208.11132658692,63202.5
1786644668223,100009.1168465997,-0.05061500000000005,103208.11138409971,63202.5
1786644673595,100009.11690305712,-0.05061500000000005,103208.11144055713,63202.5
1786644678654,100009.1169597145,-0.05061500000000005,103208.11149721452,63202.5
1786644683699,100009.21824629411,-0.05061500000000005,103208.11155379412,63200.5
1786644689077,100009.21830348474,-0.05061500000000005,103208.11161098475,63200.5
1786644694522,100009.21837159575,-0.05061500000000005,103208.11167909576,63200.5
1786644700027,100009.2184278754,-0.05061500000000005,103208.11173537541,63200.5
1786644705482,100009.21848736494,-0.05061500000000005,103208.11179486495,63200.5
1786644710659,100009.21854383266,-0.05061500000000005,103208.11185133267,63200.5
1786644716089,100009.21860861,-0.05061500000000005,103208.11191611,63200.5
1786644721443,100009.4717406776,-0.05061500000000005,103208.11197317761,63195.5
1786644726842,100009.82610373168,-0.05061500000000005,103208.11203123169,63188.5
1786644732238,100009.82617089948,-0.05061500000000005,103208.11209839949,63188.5
1786644737601,100009.82622754789,-0.05061500000000005,103208.1121550479,63188.5
1786644742970,100009.8262841961,-0.05061500000000005,103208.1122116961,63188.5
1786644748361,100009.82634029989,-0.05061500000000005,103208.1122677999,63188.5
1786644753945,100009.82640827754,-0.05061500000000005,103208.11233577755,63188.5
1786644759302,100009.92769493669,-0.05061500000000005,103208.1123924367,63186.5
1786644764838,100009.92775332861,-0.05061500000000005,103208.11245082862,63186.5
1786644770334,100009.72536460569,-0.05061500000000005,103208.1125221057,63190.5
1786644775693,100009.72542024507,-0.05061500000000005,103208.11257774508,63190.5
1786644781044,100009.72547653982,-0.05061500000000005,103208.11263403983,63190.5
1786644786412,100009.7255432642,-0.05061500000000005,103208.1127007642,63190.5
1786644791906,100009.77621564579,-0.05061500000000005,103208.1127581458,63189.5
1786644797298,100009.77627254966,-0.05061500000000005,103208.11281504967,63189.5
1786644802644,100010.13063388657,-0.05061500000000005,103208.11287138658,63182.5
1786644808041,100010.13070227359,-0.05061500000000005,103208.1129397736,63182.5
1786644813330,100010.13075778728,-0.05061500000000005,103208.11299528729,63182.5
1786644818794,100009.77651045765,-0.05061500000000005,103208.11305295766,63189.5
1786644824036,100009.77656725189,-0.05061500000000005,103208.1131097519,63189.5
1786644829405,100009.77663457186,-0.05061500000000005,103208.11317707186,63189.5
1786644834758,100009.7766908053,-0.05061500000000005,103208.11323330531,63189.5
1786644840135,100009.77674738313,-0.05061500000000005,103208.11328988314,63189.5
1786644845505,100009.77680332775,-0.05061500000000005,103208.11334582776,63189.5
1786644850907,100009.77687108115,-0.05061500000000005,103208.11341358116,63189.5
1786644856235,100009.7769273146,-0.05061500000000005,103208.1134698146,63189.5
1786644861619,100009.77698433677,-0.05061500000000005,103208.11352683678,63189.5
1786644867045,100009.7770511126,-0.05061500000000005,103208.11359361261,63189.5
1786644872493,100009.7771080459,-0.05061500000000005,103208.11365054591,63189.5
1786644877854,100009.77716383498,-0.05061500000000005,103208.11370633499,63189.5
1786644883085,100009.77723132176,-0.05061500000000005,103208.11377382177,63189.5
1786644888587,100009.7772882995,-0.05061500000000005,103208.11383079951,63189.5
1786644894036,100009.77734481066,-0.05061500000000005,103208.11388731067,63189.5
1786644899499,100009.7774128529,-0.05061500000000005,103208.1139553529,63189.5
1786644904660,100008.76517041089,-0.05061500000000005,103208.1140129109,63209.5
1786644910101,100008.81584232496,-0.05061500000000005,103208.11406982497,63208.5
1786644915483,100008.81589843592,-0.05061500000000005,103208.11412593591,63208.5
1786644920996,100009.4233456892,-0.05061500000000005,103208.1141931892,63196.5
1786644926356,100009.42340221349,-0.05061500000000005,103208.1142497135,63196.5
1786644931656,100009.42345913567,-0.05061500000000005,103208.11430663567,63196.5
1786644937146,100008.8161464028,-0.05061500000000005,103208.1143739028,63208.5
1786644942453,100008.31005217228,-0.05061500000000005,103208.11442967228,63218.5
1786644947768,100008.3101086671,-0.05061500000000005,103208.11448616709,63218.5
1786644953131,100008.41139505072,-0.05061500000000005,103208.11454255071,63216.5
1786644958088,100008.41145253339,-0.05061500000000005,103208.11460003338,63216.5
1786644963526,100008.4115100917,-0.05061500000000005,103208.1146575917,63216.5
1786644968916,100008.41157713936,-0.05061500000000005,103208.11472463935,63216.5
1786644974400,100008.41163355317,-0.05061500000000005,103208.11478105317,63216.5
1786644979777,100008.25984525576,-0.05061500000000005,103208.11483775575,63219.5
1786644984798,100008.2599023603,-0.05061500000000005,103208.1148948603,63219.5
1786644990159,100008.25996895546,-0.05061500000000005,103208.11496145546,63219.5
1786644995217,100008.2600251058,-0.05061500000000005,103208.1150176058,63219.5
1786645000576,100008.26008246737,-0.05061500000000005,103208.11507496737,63219.5
1786645006105,100008.2601387955,-0.05061500000000005,103208.11513129549,63219.5
1786645011476,100008.26020700266,-0.05061500000000005,103208.11519950266,63219.5
1786645016842,100008.26026250847,-0.05061500000000005,103208.11525500847,63219.5
1786645022220,100008.26031875882,-0.05061500000000005,103208.11531125882,63219.5
1786645027542,100008.26038593253,-0.05061500000000005,103208.11537843253,63219.5
1786645032938,100008.26044287183,-0.05061500000000005,103208.11543537183,63219.5
1786645038337,100008.26049985559,-0.05061500000000005,103208.11549235559,63219.5
1786645043850,100008.2605675981,-0.05061500000000005,103208.1155600981,63219.5
1786645049233,100007.95693540816,-0.05061500000000005,103208.11561790816,63225.5
1786645054689,100007.9569920528,-0.05061500000000005,103208.1156745528,63225.5
1786645060059,100008.15950996439,-0.05061500000000005,103208.11573246439,63221.5
1786645065451,100008.15957808793,-0.05061500000000005,103208.11580058793,63221.5
1786645070850,100008.15963411692,-0.05061500000000005,103208.11585661692,63221.5
1786645076338,100008.15968983476,-0.05061500000000005,103208.11591233476,63221.5
1786645081770,100008.15975845435,-0.05061500000000005,103208.11598095435,63221.5
1786645087240,100008.1598141064,-0.05061500000000005,103208.1160366064,63221.5
1786645092280,100008.15987211432,-0.05061500000000005,103208.11609461432,63221.5
1786645097682,100008.15992893431,-0.05061500000000005,103208.11615143431,63221.5
1786645103124,100008.15998679012,-0.05061500000000005,103208.11620929012,63221.5
1786645108435,100008.16005491484,-0.05061500000000005,103208.11627741484,63221.5
1786645113809,100007.75519306063,-0.05061500000000005,103208.11633556063,63229.5
1786645119186,100007.75524895416,-0.05061500000000005,103208.11639145415,63229.5
1786645124614,100007.755315963,-0.05061500000000005,103208.116458463,63229.5
1786645130067,100007.75537282447,-0.05061500000000005,103208.11651532447,63229.5
1786645135475,100007.75543065321,-0.05061500000000005,103208.11657315321,63229.5
1786645140939,100007.75548647359,-0.05061500000000005,103208.11662897358,63229.5
1786645146368,100007.4518643112,-0.05061500000000005,103208.1166968112,63235.5
1786645151902,100007.45192092298,-0.05061500000000005,103208.11675342298,63235.5
1786645157203,100007.45198816263,-0.05061500000000005,103208.11682066263,63235.5
1786645162687,100007.45204485228,-0.05061500000000005,103208.11687735228,63235.5
1786645168124,100007.45210216424,-0.05061500000000005,103208.11693466424,63235.5
1786645173518,100007.4521590873,-0.05061500000000005,103208.1169915873,63235.5
1786645178890,100007.45222649224,-0.05061500000000005,103208.11705899224,63235.5
1786645184290,100007.45228243714,-0.05061500000000005,103208.11711493714,63235.5
1786645189672,100007.45233892665,-0.05061500000000005,103208.11717142665,63235.5
1786645194934,100007.45240686592,-0.05061500000000005,103208.11723936592,63235.5
1786645200302,100007.45246378989,-0.05061500000000005,103208.11729628989,63235.5
1786645205626,100007.65497992412,-0.05061500000000005,103208.11735242412,63231.5
1786645210676,100007.65503610784,-0.05061500000000005,103208.11740860784,63231.5
1786645216086,100007.65509303483,-0.05061500000000005,103208.11746553483,63231.5
1786645221443,100007.65516155394,-0.05061500000000005,103208.11753405393,63231.5
1786645226903,100007.80706499242,-0.05061500000000005,103208.11759249242,63228.5
1786645232386,100007.80712149593,-0.05061500000000005,103208.11764899593,63228.5
1786645237753,100007.80717852077,-0.05061500000000005,103208.11770602077,63228.5
1786645243209,100007.80724565854,-0.05061500000000005,103208.11777315853,63228.5
1786645248678,100008.06037711549,-0.05061500000000005,103208.11782961548,63223.5
1786645254041,100008.06043324982,-0.05061500000000005,103208.11788574982,63223.5
1786645259410,100008.06050132004,-0.05061500000000005,103208.11795382004,63223.5
1786645264847,100007.45317948813,-0.05061500000000005,103208.11801198813,63235.5
1786645270237,100007.45323707307,-0.05061500000000005,103208.11806957307,63235.5
1786645275628,100007.20021848341,-0.05061500000000005,103208.11812598341,63240.5
1786645280936,100007.50397569178,-0.05061500000000005,103208.11819319178,63234.5
1786645286347,100007.50403191244,-0.05061500000000005,103208.11824941244,63234.5
1786645291658,100007.50408782132,-0.05061500000000005,103208.11830532132,63234.5
1786645297031,100007.50415627916,-0.05061500000000005,103208.11837377916,63234.5
1786645302424,100007.50421143195,-0.05061500000000005,103208.11842893195,63234.5
1786645307783,100007.75734216125,-0.05061500000000005,103208.11848466125,63229.5
1786645313170,100007.75741009209,-0.05061500000000005,103208.11855259209,63229.5
1786645318552,100007.75746630758,-0.05061500000000005,103208.11860880758,63229.5
1786645323868,100008.06121352184,-0.05061500000000005,103208.11866602184,63223.5
1786645329182,100008.0612694007,-0.05061500000000005,103208.1187219007,63223.5
1786645334551,100008.06133772568,-0.05061500000000005,103208.11879022568,63223.5
1786645340013,100008.06139337042,-0.05061500000000005,103208.11884587041,63223.5
1786645345398,100008.0614492261,-0.05061500000000005,103208.11890172609,63223.5
1786645350957,100008.06151731769,-0.05061500000000005,103208.11896981769,63223.5
1786645356374,100008.0615730624,-0.05061500000000005,103208.1190255624,63223.5
1786645361584,100008.06162946265,-0.05061500000000005,103208.11908196265,63223.5
1786645367076,100008.06169707622,-0.05061500000000005,103208.11914957622,63223.5
1786645372490,100008.41606006335,-0.05061500000000005,103208.11920756334,63216.5
1786645377934,100008.4161167025,-0.05061500000000005,103208.1192642025,63216.5
1786645383228,100008.41617418613,-0.05061500000000005,103208.11932168613,63216.5
1786645388589,100008.41624358212,-0.05061500000000005,103208.11939108212,63216.5
1786645394034,100008.41629874324,-0.05061500000000005,103208.11944624323,63216.5
1786645399078,100008.41635475912,-0.05061500000000005,103208.11950225911,63216.5
1786645404562,100008.41641274115,-0.05061500000000005,103208.11956024115,63216.5
1786645409924,100008.6695557016,-0.05061500000000005,103208.1196282016,63211.5
1786645415292,100008.66961200131,-0.05061500000000005,103208.1196845013,63211.5
1786645420740,100008.6696680881,-0.05061500000000005,103208.1197405881,63211.5
1786645426102,100008.6697263747,-0.05061500000000005,103208.1197988747,63211.5
1786645431453,100008.66979440465,-0.05061500000000005,103208.11986690464,63211.5
1786645436811,100008.87231109061,-0.05061500000000005,103208.11992359062,63207.5
1786645442182,100009.631592532,-0.05061500000000005,103208.119980032,63192.5
1786645447521,100010.18841375402,-0.05061500000000005,103208.12003625403,63181.5
1786645452931,100010.23909697002,-0.05061500000000005,103208.12010447003,63180.5
1786645458313,100010.4922277319,-0.05061500000000005,103208.1201602319,63175.5
1786645463648,100010.64413118766,-0.05061500000000005,103208.12021868766,63172.5
1786645468985,100010.69480293982,-0.05061500000000005,103208.12027543983,63171.5
1786645474343,100010.69487118305,-0.05061500000000005,103208.12034368305,63171.5
1786645479731,100010.94800322257,-0.05061500000000005,103208.12040072258,63166.5
1786645485193,100010.9480606384,-0.05061500000000005,103208.12045813841,63166.5
1786645490237,100010.9481166088,-0.05061500000000005,103208.1205141088,63166.5
1786645495608,100010.94817253531,-0.05061500000000005,103208.12057003532,63166.5
1786645500967,100010.94824166346,-0.05061500000000005,103208.12063916346,63166.5
1786645506472,100010.39153451359,-0.05061500000000005,103208.1206970136,63177.5
1786645511849,100010.3409783262,-0.05061500000000005,103208.12075582621,63178.5
1786645517224,100010.23980484289,-0.05061500000000005,103208.1208123429,63180.5
1786645522598,100010.03741257897,-0.05061500000000005,103208.12088007898,63184.5
1786645527968,100010.03746848827,-0.05061500000000005,103208.12093598828,63184.5
1786645533344,100010.03752524265,-0.05061500000000005,103208.12099274265,63184.5
1786645538720,100009.88573624236,-0.05061500000000005,103208.12104874237,63187.5
1786645544095,100009.88580449729,-0.05061500000000005,103208.1211169973,63187.5
1786645549491,100009.83524509048,-0.05061500000000005,103208.12117259049,63188.5
1786645554869,100009.83530201657,-0.05061500000000005,103208.12122951658,63188.5
1786645560308,100009.83537049423,-0.05061500000000005,103208.12129799424,63188.5
1786645565623,100010.4934219586,-0.05061500000000005,103208.1213544586,63175.5
1786645570989,100010.64532336072,-0.05061500000000005,103208.12141086072,63172.5
1786645576423,100010.6453911867,-0.05061500000000005,103208.1214786867,63172.5
1786645581785,100010.69606208609,-0.05061500000000005,103208.1215345861,63171.5
1786645587270,100010.69611981754,-0.05061500000000005,103208.12159231755,63171.5
1786645592683,100010.69617832614,-0.05061500000000005,103208.12165082614,63171.5
1786645598045,100010.69624560715,-0.05061500000000005,103208.12171810716,63171.5
1786645603544,100010.69630296095,-0.05061500000000005,103208.12177546095,63171.5
1786645608570,100010.69635854916,-0.05061500000000005,103208.12183104917,63171.5
1786645613951,100010.69641535885,-0.05061500000000005,103208.12188785886,63171.5
1786645619411,100010.69648351714,-0.05061500000000005,103208.12195601714,63171.5
1786645624769,100010.6965398937,-0.05061500000000005,103208.12201239371,63171.5
1786645630127,100011.05090083349,-0.05061500000000005,103208.1220683335,63164.5
1786645635459,100011.3040315674,-0.05061500000000005,103208.1221240674,63159.5
1786645640812,100011.30409956716,-0.05061500000000005,103208.12219206717,63159.5
1786645646417,100012.69533439082,-0.04061500000000005,102576.53751689082,63125.5
1786645651887,100012.81722452713,-0.04061500000000005,102576.53756202714,63122.5
1786645657285,100012.81727831316,-0.04061500000000005,102576.53761581317,63122.5
1786645662659,100012.81732300829,-0.04061500000000005,102576.5376605083,63122.5
1786645668052,100012.81736837946,-0.04061500000000005,102576.53770587947,63122.5
1786645673434,100012.81742220152,-0.04061500000000005,102576.53775970153,63122.5
1786645678882,100012.65500708498,-0.04061500000000005,102576.53780458498,63126.5
1786645684280,100012.65506105043,-0.04061500000000005,102576.53785855044,63126.5
1786645689676,100012.65510655733,-0.04061500000000005,102576.53790405733,63126.5
1786645695069,100012.65515152228,-0.04061500000000005,102576.53794902228,63126.5
1786645700448,100012.65519798396,-0.04061500000000005,102576.53799548396,63126.5
1786645705810,100012.85831861602,-0.04061500000000005,102576.53804111603,63121.5
1786645711275,100012.85837322134,-0.04061500000000005,102576.53809572135,63121.5
1786645716780,100012.85841985751,-0.04061500000000005,102576.53814235752,63121.5
1786645722046,100013.38924229871,-0.030615000000000045,101945.33350979871,63104.5
1786645727492,100013.23620902016,-0.030615000000000045,101945.33355152016,63109.5
1786645732522,100013.23624342226,-0.030615000000000045,101945.33358592226,63109.5
1786645737969,100012.79984123344,-0.04061500000000005,102576.43894873344,63120.5
1786645743466,100012.79988695867,-0.04061500000000005,102576.43899445867,63120.5
1786645748520,100012.79993155341,-0.04061500000000005,102576.43903905341,63120.5
1786645753921,100013.00306098453,-0.04061500000000005,102576.43909348453,63115.5
1786645759316,100013.04372127198,-0.04061500000000005,102576.43913877198,63114.5
1786645764616,100013.04376604306,-0.04061500000000005,102576.43918354306,63114.5
1786645769984,100013.16565654275,-0.04061500000000005,102576.43922904276,63111.5
1786645775444,100013.24694040859,-0.04061500000000005,102576.43928290858,63109.5
1786645781007,100013.24698593175,-0.04061500000000005,102576.43932843175,63109.5
1786645786118,100013.24703065347,-0.04061500000000005,102576.43937315347,63109.5
1786645791478,100013.24708615516,-0.04061500000000005,102576.43942865515,63109.5
1786645797075,100013.28774617075,-0.04061500000000005,102576.43947367076,63108.5
1786645802350,100013.28779191605,-0.04061500000000005,102576.43951941606,63108.5
1786645807719,100013.24722341086,-0.04061500000000005,102576.43956591086,63109.5
1786645813081,100013.2472774471,-0.04061500000000005,102576.4396199471,63109.5
1786645818518,100013.57224208099,-0.04061500000000005,102576.43966458099,63101.5
1786645824010,100013.57228733311,-0.04061500000000005,102576.43970983311,63101.5
1786645829376,100013.5723422427,-0.04061500000000005,102576.4397647427,63101.5
1786645834920,100013.69423303778,-0.04061500000000005,102576.43981053778,63098.5
1786645840362,100013.69427917087,-0.04061500000000005,102576.43985667087,63098.5
1786645845748,100013.69433301195,-0.04061500000000005,102576.43991051195,63098.5
1786645851125,100013.69437858516,-0.04061500000000005,102576.43995608516,63098.5
1786645856501,100013.3695035887,-0.04061500000000005,102576.4400010887,63106.5
1786645861885,100013.57262401066,-0.04061500000000005,102576.44004651066,63101.5
1786645866897,100013.57266893359,-0.04061500000000005,102576.44009143359,63101.5
1786645872008,100013.65395236564,-0.04061500000000005,102576.44014486564,63099.5
1786645877371,100013.0041571765,-0.04061500000000005,102576.4401896765,63115.5
1786645882751,100013.0042024532,-0.04061500000000005,102576.4402349532,63115.5
1786645888113,100013.00424790218,-0.04061500000000005,102576.44028040218,63115.5
1786645893718,100013.57291258321,-0.04061500000000005,102576.44033508321,63101.5
1786645898880,100013.65418813033,-0.04061500000000005,102576.44038063033,63099.5
1786645904212,100013.65423345286,-0.04061500000000005,102576.44042595287,63099.5
1786645909687,100012.74356178576,-0.05061500000000005,103207.43582428576,63117.5
1786645915059,100012.74361752473,-0.05061500000000005,103207.43588002473,63117.5
1786645920526,100011.78414215596,-0.06061500000000005,103838.62124465597,63133.5
1786645925920,100011.08836821055,-0.07061500000000007,104469.96662071055,63143.5
1786645931310,100011.08844609905,-0.07061500000000007,104469.96669859905,63143.5
1786645936689,100010.80606467141,-0.07061500000000007,104469.96677717142,63147.5
1786645942067,100010.52369823775,-0.07061500000000007,104469.96687073776,63151.5
1786645947454,100010.52377638487,-0.07061500000000007,104469.96694888487,63151.5
1786645952847,100010.52385471815,-0.07061500000000007,104469.96702721815,63151.5
1786645958236,100010.52394856949,-0.07061500000000007,104469.9671210695,63151.5
1786645963608,100010.5240269493,-0.07061500000000007,104469.9671994493,63151.5
1786645968969,100010.52410391979,-0.07061500000000007,104469.96727641979,63151.5
1786645974331,100010.5241976008,-0.07061500000000007,104469.9673701008,63151.5
1786645979721,100010.52427745187,-0.07061500000000007,104469.96744995187,63151.5
1786645985090,100010.52435628082,-0.07061500000000007,104469.96752878082,63151.5
1786645990482,100010.52443442833,-0.07061500000000007,104469.96760692833,63151.5
1786645995876,100009.04161533945,-0.07061500000000007,104469.96770283945,63172.5
1786646001241,100009.04169249286,-0.07061500000000007,104469.96777999286,63172.5
1786646006679,100008.47685246305,-0.07061500000000007,104469.96785996306,63180.5
1786646012039,100008.47694575498,-0.07061500000000007,104469.96795325499,63180.5
1786646017475,100008.47702352212,-0.07061500000000007,104469.96803102213,63180.5
1786646022857,100008.47710382695,-0.07061500000000007,104469.96811132696,63180.5
1786646028241,100008.68904179028,-0.07061500000000007,104469.96820429029,63177.5
1786646033619,100008.68912077551,-0.07061500000000007,104469.96828327552,63177.5
1786646038986,100008.68919998936,-0.07061500000000007,104469.96836248937,63177.5
1786646044435,100008.68927880039,-0.07061500000000007,104469.9684413004,63177.5
1786646049929,100010.03105890287,-0.07061500000000007,104469.96853640287,63158.5
1786646055307,100010.17237096246,-0.07061500000000007,104469.96861846247,63156.5
1786646060435,100010.1724481688,-0.07061500000000007,104469.96869566881,63156.5
1786646065889,100010.17252808408,-0.07061500000000007,104469.96877558409,63156.5
1786646070936,100010.17260743957,-0.07061500000000007,104469.96885493958,63156.5
1786646076435,100010.17270310743,-0.07061500000000007,104469.96895060744,63156.5
1786646081894,100010.1727827617,-0.07061500000000007,104469.96903026171,63156.5
1786646087276,100010.17286297526,-0.07061500000000007,104469.96911047527,63156.5
1786646092620,100011.16155421147,-0.07061500000000007,104469.96919171148,63142.5
1786646098073,100011.16164790594,-0.07061500000000007,104469.96928540595,63142.5
1786646103340,100012.5740272919,-0.07061500000000007,104469.9693647919,63122.5
1786646108687,100012.78595311346,-0.07061500000000007,104469.96944561346,63119.5
1786646114131,100012.78603391256,-0.07061500000000007,104469.96952641256,63119.5
1786646119576,100012.78611259288,-0.07061500000000007,104469.96960509288,63119.5
1786646124903,100012.78620741829,-0.07061500000000007,104469.96969991829,63119.5
1786646130411,100012.78628650134,-0.07061500000000007,104469.96977900135,63119.5
1786646135788,100012.7863646395,-0.07061500000000007,104469.9698571395,63119.5
1786646141179,100012.78646020642,-0.07061500000000007,104469.96995270642,63119.5
1786646146587,100011.66823829038,-0.08061500000000006,105101.17534079039,63133.5
1786646151884,100011.58771279592,-0.08061500000000006,105101.17543029593,63134.5
1786646157277,100011.58780198611,-0.08061500000000006,105101.17551948612,63134.5
1786646162644,100011.50729562188,-0.08061500000000006,105101.17562812188,63135.5
1786646168052,100010.78184963744,-0.08061500000000006,105101.17571713745,63144.5
1786646173449,100010.78193885546,-0.08061500000000006,105101.17580635547,63144.5
1786646178907,100010.78204644509,-0.08061500000000006,105101.1759139451,63144.5
1786646184283,100010.78213561226,-0.08061500000000006,105101.17600311227,63144.5
1786646189667,100010.78222820774,-0.08061500000000006,105101.17609570775,63144.5
1786646195033,100010.78233602365,-0.08061500000000006,105101.17620352366,63144.5
1786646200364,100010.78242481843,-0.08061500000000006,105101.17629231844,63144.5
1786646205750,100010.78251364858,-0.08061500000000006,105101.17638114859,63144.5
1786646211109,100010.78260601424,-0.08061500000000006,105101.17647351425,63144.5
1786646216048,100010.78269622322,-0.08061500000000006,105101.17656372323,63144.5
1786646221490,100010.78280478065,-0.08061500000000006,105101.17667228066,63144.5
1786646226993,100010.7828998136,-0.08061500000000006,105101.1767673136,63144.5
1786646232496,100010.78298876746,-0.08061500000000006,105101.17685626747,63144.5
1786646237870,100010.94430761493,-0.08061500000000006,105101.17694511493,63142.5
1786646242967,100010.94441487952,-0.08061500000000006,105101.17705237951,63142.5
1786646248453,100010.94450506568,-0.08061500000000006,105101.17714256568,63142.5
1786646253817,100010.62213458394,-0.08061500000000006,105101.17723208395,63146.5
1786646259158,100010.62222544845,-0.08061500000000006,105101.17732294845,63146.5
1786646264533,100010.62233316082,-0.08061500000000006,105101.17743066083,63146.5
1786646269896,100010.62242155748,-0.08061500000000006,105101.17751905748,63146.5
1786646275257,100010.6225107151,-0.08061500000000006,105101.1776082151,63146.5
1786646280286,100010.62260103959,-0.08061500000000006,105101.1776985396,63146.5
1786646285710,100010.62269329115,-0.08061500000000006,105101.17779079116,63146.5
1786646290734,100010.62278239576,-0.08061500000000006,105101.17787989577,63146.5
1786646296102,100010.62289154872,-0.08061500000000006,105101.17798904872,63146.5
1786646301359,100010.6229796608,-0.08061500000000006,105101.1780771608,63146.5
1786646306755,100010.62307035174,-0.08061500000000006,105101.17816785174,63146.5
1786646312121,100010.62317704191,-0.08061500000000006,105101.17827454192,63146.5
1786646317536,100010.38142206093,-0.08061500000000006,105101.17836456094,63149.5
1786646322982,100010.3815112675,-0.08061500000000006,105101.1784537675,63149.5
1786646328545,100010.38162057543,-0.08061500000000006,105101.17856307543,63149.5
1786646333924,100010.9460129605,-0.08061500000000006,105101.1786504605,63142.5
1786646339291,100010.94610223144,-0.08061500000000006,105101.17873973143,63142.5
1786646344618,100010.94621128065,-0.08061500000000006,105101.17884878065,63142.5
1786646350008,100011.02691595518,-0.08061500000000006,105101.17893845518,63141.5
1786646355478,100011.75254091862,-0.08061500000000006,105101.17902841863,63132.5
1786646360792,100011.75263142817,-0.08061500000000006,105101.17911892818,63132.5
1786646366290,100011.75273931093,-0.08061500000000006,105101.17922681094,63132.5
1786646371412,100012.15590360192,-0.08061500000000006,105101.17931610192,63127.5
1786646376825,100012.15599442649,-0.08061500000000006,105101.17940692649,63127.5
1786646382269,100012.15610200346,-0.08061500000000006,105101.17951450346,63127.5
1786646387638,100012.15619247293,-0.08061500000000006,105101.17960497293,63127.5
1786646393158,100012.15628251825,-0.08061500000000006,105101.17969501825,63127.5
1786646398631,100012.15637143224,-0.08061500000000006,105101.17978393224,63127.5
1786646403720,100011.67277340381,-0.08061500000000006,105101.17987590382,63133.5
1786646408967,100011.67288187271,-0.08061500000000006,105101.17998437272,63133.5
1786646414379,100011.18928179391,-0.08061500000000006,105101.18007429391,63139.5
1786646419758,100011.18937283345,-0.08061500000000006,105101.18016533346,63139.5
1786646425181,100011.18946438565,-0.08061500000000006,105101.18025688565,63139.5
1786646430550,100011.1895731558,-0.08061500000000006,105101.1803656558,63139.5
1786646435588,100011.18966230385,-0.08061500000000006,105101.18045480385,63139.5
1786646440936,100011.18975221203,-0.08061500000000006,105101.18054471203,63139.5
1786646446495,100011.18984195952,-0.08061500000000006,105101.18063445952,63139.5
1786646451882,100011.27056533025,-0.08061500000000006,105101.18074283026,63138.5
1786646457395,100011.27065422123,-0.08061500000000006,105101.18083172123,63138.5
1786646462773,100011.27074708923,-0.08061500000000006,105101.18092458924,63138.5
1786646468021,100011.27085273676,-0.08061500000000006,105101.18103023677,63138.5
1786646473419,100011.27094207126,-0.08061500000000006,105101.18111957127,63138.5
1786646478780,100010.78734423981,-0.08061500000000006,105101.18121173982,63144.5
1786646484282,100010.78743406427,-0.08061500000000006,105101.18130156428,63144.5
1786646489683,100010.787541162,-0.08061500000000006,105101.18140866201,63144.5
1786646495012,100010.78763208371,-0.08061500000000006,105101.18149958372,63144.5
1786646500326,100010.78772199772,-0.08061500000000006,105101.18158949773,63144.5
1786646505726,100010.78782907779,-0.08061500000000006,105101.1816965778,63144.5
1786646511270,100010.14300154241,-0.08061500000000006,105101.18178904241,63152.5
1786646516757,100010.06247428946,-0.08061500000000006,105101.18187678946,63153.5
1786646522173,100009.90135394759,-0.08061500000000006,105101.18198644758,63155.5
1786646527544,100009.09529396838,-0.08061500000000006,105101.18207646838,63165.5
1786646532992,100009.09538441365,-0.08061500000000006,105101.18216691366,63165.5
1786646538358,100009.09547595598,-0.08061500000000006,105101.18225845598,63165.5
1786646543864,100009.09558583831,-0.08061500000000006,105101.18236833831,63165.5
1786646549259,100009.09567455426,-0.08061500000000006,105101.18245705427,63165.5
1786646554628,100008.69269088731,-0.08061500000000006,105101.18254838733,63170.5
1786646560122,100008.6927998717,-0.08061500000000006,105101.1826573717,63170.5
1786646565446,100008.28981345435,-0.08061500000000006,105101.18274595436,63175.5
1786646570914,100008.28990542117,-0.08061500000000006,105101.18283792118,63175.5
1786646576379,100008.29001375141,-0.08061500000000006,105101.18294625141,63175.5
1786646581779,100008.2901045912,-0.08061500000000006,105101.1830370912,63175.5
1786646587230,100008.29019376841,-0.08061500000000006,105101.18312626841,63175.5
1786646592604,100008.29028395406,-0.08061500000000006,105101.18321645407,63175.5
1786646598045,100008.29039094366,-0.08061500000000006,105101.18332344366,63175.5
1786646603400,100008.29048079441,-0.08061500000000006,105101.18341329442,63175.5
1786646608767,100008.29057058996,-0.08061500000000006,105101.18350308997,63175.5
1786646614131,100008.5325228218,-0.08061500000000006,105101.18361032181,63172.5
1786646619495,100008.53261053856,-0.08061500000000006,105101.18369803857,63172.5
1786646624893,100008.53270119,-0.08061500000000006,105101.18378869,63172.5
1786646630280,100008.53280904859,-0.08061500000000006,105101.1838965486,63172.5
1786646635641,100008.29105363894,-0.08061500000000006,105101.18398613895,63175.5
1786646640994,100008.29114259944,-0.08061500000000006,105101.18407509945,63175.5
1786646646450,100008.2912508045,-0.08061500000000006,105101.1841833045,63175.5
1786646651745,100007.16272975747,-0.08061500000000006,105101.18427225748,63189.5
1786646657114,100007.16282079143,-0.08061500000000006,105101.18436329144,63189.5
1786646662503,100007.16291145522,-0.08061500000000006,105101.18445395523,63189.5
1786646667887,100007.16301926284,-0.08061500000000006,105101.18456176284,63189.5
1786646673268,100007.16310916745,-0.08061500000000006,105101.18465166746,63189.5
1786646678375,100007.16320004505,-0.08061500000000006,105101.18474254505,63189.5
1786646683745,100007.16329095804,-0.08061500000000006,105101.18483345804,63189.5
1786646689242,100007.16339745802,-0.08061500000000006,105101.18493995802,63189.5
1786646694702,100007.16348697484,-0.08061500000000006,105101.18502947484,63189.5
1786646700148,100007.163576244,-0.08061500000000006,105101.185118744,63189.5
1786646705595,100006.81143563682,-0.09061500000000006,105733.09043813682,63193.5
1786646710679,100006.81153987706,-0.09061500000000006,105733.09054237706,63193.5
1786646716261,100006.8116389073,-0.09061500000000006,105733.0906414073,63193.5
1786646721695,100006.81176128321,-0.09061500000000006,105733.09076378321,63193.5
1786646727098,100006.81186194406,-0.09061500000000006,105733.09086444406,63193.5
1786646732432,100006.81196359919,-0.09061500000000006,105733.09096609919,63193.5
1786646737831,100006.81206525526,-0.09061500000000006,105733.09106775526,63193.5
1786646743211,100006.81218642005,-0.09061500000000006,105733.09118892005,63193.5
1786646748692,100006.81228575011,-0.09061500000000006,105733.09128825011,63193.5
1786646754145,100006.81238909715,-0.09061500000000006,105733.09139159715,63193.5
1786646759511,100006.81251026195,-0.09061500000000006,105733.09151276195,63193.5
1786646764901,100008.08122052475,-0.09061500000000006,105733.09161302475,63179.5
1786646770397,100008.3531684197,-0.09061500000000006,105733.0917159197,63176.5
1786646775866,100008.35329019367,-0.09061500000000006,105733.09183769368,63176.5
1786646781384,100008.35338962088,-0.09061500000000006,105733.09193712089,63176.5
1786646786688,100008.35349242794,-0.09061500000000006,105733.09203992794,63176.5
1786646792073,100008.35361350715,-0.09061500000000006,105733.09216100715,63176.5
1786646797412,100008.35371379195,-0.09061500000000006,105733.09226129195,63176.5
1786646802777,100008.35381511062,-0.09061500000000006,105733.09236261062,63176.5
1786646808154,100008.35391670762,-0.09061500000000006,105733.09246420763,63176.5
1786646813470,100007.81034787145,-0.09061500000000006,105733.09258537144,63182.5
1786646818883,100007.53860438002,-0.09061500000000006,105733.09268688003,63185.5
1786646824252,100006.81378684672,-0.09061500000000006,105733.09278934672,63193.5
1786646829641,100006.81390618275,-0.09061500000000006,105733.09290868275,63193.5
1786646835143,100006.76869886843,-0.09061500000000006,105733.09300886843,63194.0
1786646840575,100006.45164733462,-0.09061500000000006,105733.09310983462,63197.5
1786646845948,100006.45176876639,-0.09061500000000006,105733.0932312664,63197.5
1786646851320,100006.45186804372,-0.09061500000000006,105733.09333054372,63197.5
1786646856690,100006.08950994619,-0.09061500000000006,105733.0934324462,63201.5
1786646862071,100006.08963035031,-0.09061500000000006,105733.09355285032,63201.5
1786646867113,100007.08649636664,-0.09061500000000006,105733.09365386664,63190.5
1786646872500,100007.08659685831,-0.09061500000000006,105733.09375435831,63190.5
1786646877879,100007.0866985776,-0.09061500000000006,105733.0938560776,63190.5
1786646883313,100007.0868190896,-0.09061500000000006,105733.0939765896,63190.5
1786646888850,100007.08692229907,-0.09061500000000006,105733.09407979908,63190.5
1786646894031,100007.08702274278,-0.09061500000000006,105733.09418024278,63190.5
1786646897775,100007.08706396553,-0.09061500000000006,105733.09422146554,63190.5
1786646899455,100007.08712527086,-0.09061500000000006,105733.09428277086,63190.5
1786646904825,100007.08724617142,-0.09061500000000006,105733.09440367142,63190.5
1786646910268,100007.08734643136,-0.09061500000000006,105733.09450393137,63190.5
1786646915462,100007.0874479441,-0.09061500000000006,105733.0946054441,63190.5
1786646920836,100007.08754943692,-0.09061500000000006,105733.09470693693,63190.5
1786646926273,100007.08767159197,-0.09061500000000006,105733.09482909198,63190.5
1786646931751,100006.54408100211,-0.09061500000000006,105733.09492850212,63196.5
1786646937121,100006.54418117748,-0.09061500000000006,105733.09502867749,63196.5
1786646942508,100006.45368956329,-0.09061500000000006,105733.0951520633,63197.5
1786646947936,100006.09132804917,-0.09061500000000006,105733.09525054917,63201.5
1786646953420,100006.09142932405,-0.09061500000000006,105733.09535182406,63201.5
1786646958826,100006.0915498712,-0.09061500000000006,105733.0954723712,63201.5
1786646964201,100006.09165118587,-0.09061500000000006,105733.09557368587,63201.5
1786646969679,100006.09175367399,-0.09061500000000006,105733.095676174,63201.5
1786646975076,100006.09187642882,-0.09061500000000006,105733.09579892883,63201.5
1786646980440,100006.09197583384,-0.09061500000000006,105733.09589833385,63201.5
1786646985809,100006.09207601481,-0.09061500000000006,105733.09599851482,63201.5
1786646991183,100006.09219729804,-0.09061500000000006,105733.09611979805,63201.5
1786646996556,100006.09229722047,-0.09061500000000006,105733.09621972048,63201.5
1786647001933,100006.09239805788,-0.09061500000000006,105733.09632055789,63201.5
1786647007337,100006.09252131156,-0.09061500000000006,105733.09644381156,63201.5
1786647012726,100006.09262187219,-0.09061500000000006,105733.0965443722,63201.5
1786647018135,100005.91149294993,-0.09061500000000006,105733.09664544994,63203.5
1786647023633,100005.45852060021,-0.09061500000000006,105733.09674810022,63208.5
1786647028633,100004.8243164665,-0.09061500000000006,105733.09684896651,63215.5
1786647034158,100004.82443664258,-0.09061500000000006,105733.09696914259,63215.5
1786647039656,100004.09962241755,-0.09061500000000006,105733.09707491755,63223.5
1786647044751,100004.09972205499,-0.09061500000000006,105733.09717455499,63223.5
1786647050128,100004.09982575114,-0.09061500000000006,105733.09727825114,63223.5
1786647055555,100004.09994808918,-0.09061500000000006,105733.09740058918,63223.5
1786647060988,100004.10005043082,-0.09061500000000006,105733.09750293082,63223.5
1786647066286,100004.10015235466,-0.09061500000000006,105733.09760485466,63223.5
1786647071694,100003.19410658884,-0.09061500000000006,105733.09770908885,63233.5
1786647077127,100003.19422830212,-0.09061500000000006,105733.09783080213,63233.5
1786647082520,100003.19433013773,-0.09061500000000006,105733.09793263774,63233.5
1786647087888,100001.74459356518,-0.09061500000000006,105733.09803606517,63249.5
1786647093242,100001.74469409333,-0.09061500000000006,105733.09813659334,63249.5
1786647098622,100002.560351455,-0.09061500000000006,105733.09825895501,63240.5
1786647104010,100001.83553160478,-0.09061500000000006,105733.09835910478,63248.5
1786647109409,100001.83563310794,-0.09061500000000006,105733.09846060794,63248.5
1786647114774,100001.74513788166,-0.09061500000000006,105733.09858038166,63249.5
1786647120163,100001.65462601709,-0.09061500000000006,105733.09868351709,63250.5
1786647125636,100001.56411145162,-0.09061500000000006,105733.09878395162,63251.5
1786647130982,99999.93314296343,-0.09061500000000006,105733.09888546343,63269.5
1786647136347,99999.93326569986,-0.09061500000000006,105733.09900819986,63269.5
1786647141847,100000.02398187954,-0.09061500000000006,105733.09910937955,63268.5
1786647147208,100000.06939019242,-0.09061500000000006,105733.09921019242,63268.0
1786647152581,100000.9303566166,-0.09061500000000006,105733.0993341166,63258.5
1786647158085,100000.93045776397,-0.09061500000000006,105733.09943526397,63258.5
1786647163444,100000.93055932959,-0.09061500000000006,105733.09953682958,63258.5
1786647168763,100000.93066228575,-0.09061500000000006,105733.09963978575,63258.5
1786647174138,100000.93078323614,-0.09061500000000006,105733.09976073614,63258.5
1786647179602,100000.47780882452,-0.09061500000000006,105733.09986132453,63263.5
1786647184994,99999.39053367705,-0.09061500000000006,105733.09996617706,63275.5
1786647190411,99995.49020176238,-0.09071000000000005,105739.11133676239,63318.5
1786647195743,99997.57665646593,-0.09071000000000005,105739.11146146593,63295.5
1786647201124,99997.57675617392,-0.09071000000000005,105739.11156117392,63295.5
1786647206649,99997.30472705267,-0.09071000000000005,105739.11166205267,63298.5
1786647212069,99997.3048501451,-0.09071000000000005,105739.1117851451,63298.5
1786647217453,99997.30495018633,-0.09071000000000005,105739.11188518633,63298.5
1786647222852,99997.30505437517,-0.09071000000000005,105739.11198937517,63298.5
1786647228223,99997.30517475569,-0.09071000000000005,105739.11210975569,63298.5
1786647233618,99997.21456916389,-0.09071000000000005,105739.11221416389,63299.5
1786647238881,99995.30976029212,-0.09071000000000005,105739.11231529212,63320.5
1786647244342,99994.85631369818,-0.09071000000000005,105739.11241869819,63325.5
1786647249404,99994.04002727171,-0.09071000000000005,105739.11252227171,63334.5
1786647254727,99991.95379697117,-0.09071000000000005,105739.11262197117,63357.5
1786647260155,99992.13533605657,-0.09071000000000005,105739.11274105657,63355.5
1786647265551,99992.1354365839,-0.09071000000000005,105739.1128415839,63355.5
1786647271029,99993.85902991882,-0.09071000000000005,105739.11294491883,63336.5
1786647276345,99994.221992418,-0.09071000000000005,105739.113067418,63332.5
1786647281745,99993.67783282584,-0.09071000000000005,105739.11316782584,63338.5
1786647287224,99993.67793382131,-0.09071000000000005,105739.11326882131,63338.5
1786647292259,99992.40809470686,-0.09071000000000005,105739.11336970686,63352.5
1786647297573,99993.58744572128,-0.09071000000000005,105739.11349072128,63339.5
1786647302617,99994.04109778724,-0.09071000000000005,105739.11359278724,63334.5
1786647307998,99993.95048796505,-0.09071000000000005,105739.11369296505,63335.5
1786647313387,99994.22272110317,-0.09071000000000005,105739.11379610318,63332.5
1786647318917,99994.58568360994,-0.09071000000000005,105739.11391860995,63328.5
1786647324315,99994.58578527623,-0.09071000000000005,105739.11402027623,63328.5
1786647329852,99994.58588676169,-0.09071000000000005,105739.1141217617,63328.5
1786647335213,99994.40458805472,-0.09071000000000005,105739.11424305472,63330.5
1786647340598,99994.40468971622,-0.09071000000000005,105739.11434471622,63330.5
1786647345961,99994.4047916566,-0.09071000000000005,105739.1144466566,63330.5
1786647351341,99994.40489443194,-0.09071000000000005,105739.11454943194,63330.5
1786647356740,99994.40501537209,-0.09071000000000005,105739.11467037209,63330.5
1786647362199,99994.405119794,-0.09071000000000005,105739.114774794,63330.5
1786647367576,99994.40522108444,-0.09071000000000005,105739.11487608444,63330.5
1786647372944,99994.40532344115,-0.09071000000000005,105739.11497844115,63330.5
1786647378330,99994.40544383856,-0.09071000000000005,105739.11509883856,63330.5
1786647383790,99994.40554459584,-0.09071000000000005,105739.11519959584,63330.5
1786647389137,99994.40564634917,-0.09071000000000005,105739.11530134917,63330.5
1786647394501,99994.40576665215,-0.09071000000000005,105739.11542165215,63330.5
1786647399963,99994.40586842259,-0.09071000000000005,105739.11552342259,63330.5
1786647405085,99994.40597342674,-0.09071000000000005,105739.11562842673,63330.5
1786647410069,99994.40607409395,-0.09071000000000005,105739.11572909394,63330.5
1786647415440,99994.40617490096,-0.09071000000000005,105739.11582990095,63330.5
1786647420900,99994.40627936389,-0.09071000000000005,105739.11593436389,63330.5
1786647426359,99994.40640022804,-0.09071000000000005,105739.11605522803,63330.5
1786647431391,99993.59011451404,-0.09071000000000005,105739.11615951404,63339.5
1786647436764,99993.59021603197,-0.09071000000000005,105739.11626103197,63339.5
1786647442129,99992.95534806864,-0.09071000000000005,105739.11636306865,63346.5
1786647447481,99992.68333845753,-0.09071000000000005,105739.11648345753,63349.5
1786647452829,99992.68343859712,-0.09071000000000005,105739.11658359712,63349.5
1786647458340,99993.13709238259,-0.09071000000000005,105739.11668738259,63344.5
1786647463717,99993.86289186435,-0.09071000000000005,105739.11680686436,63336.5
1786647469139,99993.86299270262,-0.09071000000000005,105739.11690770263,63336.5
1786647474498,99993.86309435708,-0.09071000000000005,105739.11700935708,63336.5
1786647479952,99994.4981865969,-0.09071000000000005,105739.11713159691,63329.5
1786647485416,99994.4982890995,-0.09071000000000005,105739.11723409951,63329.5
1786647490784,99993.95413242525,-0.09071000000000005,105739.11733742525,63335.5
1786647496172,99993.86352240467,-0.09071000000000005,105739.11743740468,63336.5
1786647501541,99993.86364434095,-0.09071000000000005,105739.11755934096,63336.5
1786647506990,99993.86374494422,-0.09071000000000005,105739.11765994423,63336.5
1786647512402,99993.86384582685,-0.09071000000000005,105739.11776082686,63336.5
1786647517767,99993.86396945165,-0.09071000000000005,105739.11788445165,63336.5
1786647523122,99995.58756521699,-0.09071000000000005,105739.117990217,63317.5
1786647528552,99996.22263442173,-0.09071000000000005,105739.11808942174,63310.5
1786647533925,99996.22273420272,-0.09071000000000005,105739.11818920272,63310.5
1786647539311,99996.22285500493,-0.09071000000000005,105739.11831000494,63310.5
1786647544646,99996.40437638083,-0.09071000000000005,105739.11841138083,63308.5
1786647550029,99996.67660659742,-0.09071000000000005,105739.11851159742,63305.5
1786647555488,99997.03957056088,-0.09071000000000005,105739.11863556088,63301.5
1786647560850,99997.03967230351,-0.09071000000000005,105739.1187373035,63301.5
1786647566247,99997.13048376693,-0.09071000000000005,105739.11883876694,63300.5
1786647571754,99997.31202616349,-0.09071000000000005,105739.11896116349,63298.5
1786647577113,99997.31212779997,-0.09071000000000005,105739.11906279997,63298.5
1786647582524,99997.3122297954,-0.09071000000000005,105739.1191647954,63298.5
1786647588016,99997.31233037502,-0.09071000000000005,105739.11926537502,63298.5
1786647593505,99997.31245500286,-0.09071000000000005,105739.11939000286,63298.5
1786647598953,99997.31255707802,-0.09071000000000005,105739.11949207803,63298.5
1786647604377,99997.312659552,-0.09071000000000005,105739.119594552,63298.5
1786647609799,99997.22206989261,-0.09071000000000005,105739.11971489261,63299.5
1786647615156,99996.22436382287,-0.09071000000000005,105739.11981882287,63310.5
1786647620617,99995.95233815389,-0.09071000000000005,105739.11992315389,63313.5
1786647626067,99995.5896191935,-0.09071000000000005,105739.1200441935,63317.5
1786647631446,99995.58972011768,-0.09071000000000005,105739.12014511769,63317.5
1786647636820,99996.22479313615,-0.09071000000000005,105739.12024813615,63310.5
1786647642343,99996.22491496988,-0.09071000000000005,105739.12036996988,63310.5
1786647647708,99996.22501666086,-0.09071000000000005,105739.12047166086,63310.5
1786647653065,99996.04370028757,-0.09071000000000005,105739.12057528757,63312.5
1786647658497,99995.22741150588,-0.09071000000000005,105739.12067650589,63321.5
1786647663904,99995.13682489579,-0.09071000000000005,105739.1207998958,63322.5
1786647669380,99995.13692860551,-0.09071000000000005,105739.12090360552,63322.5
1786647674661,99994.32064097871,-0.09071000000000005,105739.12100597871,63331.5
1786647680053,99994.32074177984,-0.09071000000000005,105739.12110677984,63331.5
1786647685416,99994.32086279213,-0.09071000000000005,105739.12122779213,63331.5
1786647690721,99994.32096497319,-0.09071000000000005,105739.12132997319,63331.5
1786647696105,99993.867515763,-0.09071000000000005,105739.12143076301,63336.5
1786647701490,99994.59329771285,-0.09071000000000005,105739.12153271286,63328.5
1786647706876,99994.59342108203,-0.09071000000000005,105739.12165608203,63328.5
1786647712258,99995.04707276507,-0.09071000000000005,105739.12175776507,63323.5
1786647717623,99995.04717350886,-0.09071000000000005,105739.12185850886,63323.5
1786647723072,99994.50303493829,-0.09071000000000005,105739.1219799383,63329.5
1786647728672,99994.50313558291,-0.09071000000000005,105739.12208058292,63329.5
1786647734160,99994.50325635866,-0.09071000000000005,105739.12220135867,63329.5
1786647739569,99994.77549045466,-0.09071000000000005,105739.12230545466,63326.5
1786647744622,99994.77559117561,-0.09071000000000005,105739.12240617561,63326.5
1786647750110,99994.77569221547,-0.09071000000000005,105739.12250721546,63326.5
1786647755461,99994.77581015181,-0.09071000000000005,105739.12262515181,63326.5
1786647760468,99993.9595037765,-0.09071000000000005,105739.1227087765,63335.5
1786647765498,99993.77818446608,-0.09071000000000005,105739.12280946608,63337.5
1786647770878,99993.32475677588,-0.09071000000000005,105739.12293177588,63342.5
1786647776202,99994.5040885335,-0.09071000000000005,105739.12303353351,63329.5
1786647781801,99994.50419229458,-0.09071000000000005,105739.12313729459,63329.5
1786647787221,99994.50431249393,-0.09071000000000005,105739.12325749393,63329.5
1786647792681,99994.86725246288,-0.09071000000000005,105739.12335746289,63325.5
1786647798074,99995.23019463921,-0.09071000000000005,105739.12345963922,63321.5
1786647803378,99995.2303167011,-0.09071000000000005,105739.1235817011,63321.5
1786647808880,99995.2304184157,-0.09071000000000005,105739.1236834157,63321.5
1786647814331,99996.50045915156,-0.09071000000000005,105739.12378415157,63307.5
1786647819442,99996.22842992659,-0.09071000000000005,105739.1238849266,63310.5
1786647824699,99994.68648298147,-0.09071000000000005,105739.12400798147,63327.5
1786647830284,99994.68658357287,-0.09071000000000005,105739.12410857287,63327.5
1786647835674,99994.68668908157,-0.09071000000000005,105739.12421408157,63327.5
1786647841111,99995.41248875383,-0.09071000000000005,105739.12433375383,63319.5
1786647846681,99995.41259133973,-0.09071000000000005,105739.12443633973,63319.5
1786647852163,99995.41269386532,-0.09071000000000005,105739.12453886532,63319.5
1786647857278,99995.41279493438,-0.09071000000000005,105739.12463993438,63319.5
1786647862861,99995.4129162486,-0.09071000000000005,105739.1247612486,63319.5
1786647868111,99996.41082849205,-0.09071000000000005,105739.12486349205,63308.5
1786647873353,99996.41093004541,-0.09071000000000005,105739.12496504541,63308.5
1786647878737,99996.41103083834,-0.09071000000000005,105739.12506583834,63308.5
1786647884189,99996.41115436691,-0.09071000000000005,105739.12518936691,63308.5
1786647889553,99996.41125725595,-0.09071000000000005,105739.12529225595,63308.5
1786647895005,99996.41135784982,-0.09071000000000005,105739.12539284982,63308.5
1786647900381,99996.41147986228,-0.09071000000000005,105739.12551486227,63308.5
1786647905790,99996.4115797776,-0.09071000000000005,105739.1256147776,63308.5
1786647911197,99996.41168088972,-0.09071000000000005,105739.12571588972,63308.5
1786647916566,99996.32109364016,-0.09071000000000005,105739.12583864016,63309.5
1786647921935,99996.32119437345,-0.09071000000000005,105739.12593937345,63309.5
1786647927262,99994.96064812309,-0.09071000000000005,105739.12604312309,63324.5
1786647932686,99994.77933145214,-0.09071000000000005,105739.12614645214,63326.5
1786647938080,99993.78164448908,-0.09071000000000005,105739.12626948908,63337.5
1786647943468,99993.7817447731,-0.09071000000000005,105739.1263697731,63337.5
1786647948835,99993.78184663343,-0.09071000000000005,105739.12647163343,63337.5
1786647954279,99993.78194949141,-0.09071000000000005,105739.12657449141,63337.5
1786647959646,99993.78206956887,-0.09071000000000005,105739.12669456887,63337.5
1786647965027,99992.69364991468,-0.09071000000000005,105739.12679491469,63349.5
1786647970469,99992.05878268651,-0.09071000000000005,105739.12689768651,63356.5
1786647975846,99991.9681927909,-0.09071000000000005,105739.1270177909,63357.5
1786647981271,99991.96829773678,-0.09071000000000005,105739.12712273678,63357.5
1786647986645,99991.96839941236,-0.09071000000000005,105739.12722441237,63357.5
1786647992032,99991.96851995049,-0.09071000000000005,105739.1273449505,63357.5
1786647997464,99991.96862110664,-0.09071000000000005,105739.12744610665,63357.5
1786648002745,99989.97310295021,-0.09071000000000005,105739.12754795022,63379.5
1786648008128,99989.97320519683,-0.09071000000000005,105739.12765019684,63379.5
1786648013527,99989.9733274531,-0.09071000000000005,105739.12777245311,63379.5
1786648018988,99988.79317656264,-0.09079500000000006,105744.51521406265,63392.5
1786648024358,99988.79327697605,-0.09079500000000006,105744.51531447606,63392.5
1786648029787,99989.24737457235,-0.09079500000000006,105744.51543707236,63387.5
1786648035278,99989.2474770523,-0.09079500000000006,105744.5155395523,63387.5
1786648040655,99989.79234789246,-0.09079500000000006,105744.51564039246,63381.5
1786648046085,99989.19761728427,-0.10079500000000005,106378.34067978428,63387.5
1786648051443,99988.65367015902,-0.11079500000000005,107012.22570765903,63392.5
1786648056873,99988.21061425877,-0.11079500000000005,107012.22583175877,63396.5
1786648062265,99987.5459955411,-0.11079500000000005,107012.2259830411,63402.5
1786648067705,99987.5461182906,-0.11079500000000005,107012.2261057906,63402.5
1786648073071,99983.44682880025,-0.11079500000000005,107012.22623130026,63439.5
1786648078424,99980.67852080225,-0.12079500000000004,107646.63120830225,63462.5
1786648083791,99981.88660592724,-0.12079500000000004,107646.63134342725,63452.5
1786648089229,99980.9203810747,-0.12079500000000004,107646.6314785747,63460.5
1786648094818,99981.28292912716,-0.12079500000000004,107646.63164162716,63457.5
1786648100193,99980.19590629016,-0.12079500000000004,107646.63177379016,63466.5
1786648105603,99978.11311308274,-0.13079500000000005,108281.30670058275,63482.5
1786648110982,99976.5437518321,-0.13079500000000005,108281.3068793321,63494.5
1786648116349,99976.54389875573,-0.13079500000000005,108281.30702625573,63494.5
1786648121801,99976.28245666123,-0.13079500000000005,108281.30717416122,63496.5
1786648127171,99975.10545095333,-0.13079500000000005,108281.30732345334,63505.5
1786648132238,99975.36718917082,-0.13079500000000005,108281.30747167082,63503.5
1786648137649,99976.15210502998,-0.13079500000000005,108281.30761752998,63497.5
1786648142970,99975.0256760532,-0.14079500000000006,108916.28254855321,63505.5
1786648148291,99974.32185809023,-0.14079500000000006,108916.28270559023,63510.5
1786648153631,99975.16678498188,-0.14079500000000006,108916.28286248188,63504.5
1786648158994,99976.29330500918,-0.14079500000000006,108916.28302250919,63496.5
1786648164428,99978.54621443021,-0.14079500000000006,108916.28321193022,63480.5
1786648169859,99978.96875309866,-0.14079500000000006,108916.28336559866,63477.5
1786648175277,99981.22163405648,-0.14079500000000006,108916.28352655648,63461.5
1786648180725,99982.066594365,-0.14079500000000006,108916.283716865,63455.5
1786648186074,99982.0667486856,-0.14079500000000006,108916.2838711856,63455.5
1786648191442,99982.06690750572,-0.14079500000000006,108916.28403000573,63455.5
1786648196613,99980.0959397497,-0.14079500000000006,108916.2841922497,63469.5
1786648202047,99979.25135839779,-0.14079500000000006,108916.28438089779,63475.5
1786648207357,99980.23707555278,-0.14079500000000006,108916.28453305279,63468.5
1786648212739,99981.08200251395,-0.14079500000000006,108916.28469001396,63462.5
1786648218098,99982.06775782129,-0.14079500000000006,108916.2848803213,63455.5
1786648223143,99982.06789191614,-0.14079500000000006,108916.28501441615,63455.5
1786648228658,99982.06808502944,-0.14079500000000006,108916.28520752945,63455.5
1786648234031,99982.06824007329,-0.14079500000000006,108916.2853625733,63455.5
1786648239414,99982.06839555889,-0.14079500000000006,108916.2855180589,63455.5
1786648244787,99982.06858259543,-0.14079500000000006,108916.28570509543,63455.5
1786648250170,99982.0687412771,-0.14079500000000006,108916.2858637771,63455.5
1786648255202,99980.66095026671,-0.14079500000000006,108916.28602276671,63465.5
1786648260754,99981.36508498724,-0.14079500000000006,108916.28618248724,63460.5
1786648266209,99982.069248934,-0.14079500000000006,108916.286371434,63455.5
1786648271522,99981.78781759672,-0.14079500000000006,108916.28653009672,63457.5
1786648276948,99981.92877463099,-0.14079500000000006,108916.28669213099,63456.5
1786648282322,99981.9289321335,-0.14079500000000006,108916.2868496335,63456.5
1786648287822,99981.9291229831,-0.14079500000000006,108916.2870404831,63456.5
1786648293206,99981.92927933585,-0.14079500000000006,108916.28719683585,63456.5
1786648298640,99982.07023624159,-0.14079500000000006,108916.2873587416,63455.5
1786648303814,99982.0703908881,-0.14079500000000006,108916.2875133881,63455.5
1786648308851,99982.07055015695,-0.14079500000000006,108916.28767265695,63455.5
1786648314082,99979.39560786927,-0.14079500000000006,108916.28783536928,63474.5
1786648319385,99979.39576440837,-0.14079500000000006,108916.28799190838,63474.5
1786648324706,99982.07106217174,-0.14079500000000006,108916.28818467175,63455.5
1786648330090,99982.07121689587,-0.14079500000000006,108916.28833939588,63455.5
1786648335159,99982.77535365251,-0.14079500000000006,108916.28850115252,63450.5
1786648340195,99982.77551220809,-0.14079500000000006,108916.2886597081,63450.5
1786648345561,99982.775668842,-0.14079500000000006,108916.28881634201,63450.5
1786648350937,99982.77585544807,-0.14079500000000006,108916.28900294808,63450.5
1786648356291,99982.7760132636,-0.14079500000000006,108916.28916076361,63450.5
1786648361674,99982.77616962093,-0.14079500000000006,108916.28931712094,63450.5
1786648367052,99985.4514319961,-0.14079500000000006,108916.28947449611,63431.5
1786648372389,99985.45162100861,-0.14079500000000006,108916.28966350862,63431.5
1786648377657,99985.45177712623,-0.14079500000000006,108916.28981962624,63431.5
1786648383088,99985.45193470345,-0.14079500000000006,108916.28997720346,63431.5
1786648388516,99985.4521235103,-0.14079500000000006,108916.29016601031,63431.5
1786648393945,99985.45228139516,-0.14079500000000006,108916.29032389517,63431.5
1786648399445,99985.4524429085,-0.14079500000000006,108916.2904854085,63431.5
1786648404902,99985.45262947936,-0.14079500000000006,108916.29067197937,63431.5
1786648410119,99985.45278866272,-0.14079500000000006,108916.29083116273,63431.5
1786648415504,99985.45295181517,-0.14079500000000006,108916.29099431518,63431.5
1786648420893,99988.97298425551,-0.14079500000000006,108916.29115175552,63406.5
1786648426256,99988.97316698614,-0.14079500000000006,108916.29133448614,63406.5
1786648431766,99989.81809669801,-0.14079500000000006,108916.29149419801,63400.5
1786648437168,99990.66302674018,-0.14079500000000006,108916.29165424018,63394.5
1786648442556,99990.66321413952,-0.14079500000000006,108916.29184163953,63394.5
1786648448048,99989.95939600916,-0.14079500000000006,108916.29199850916,63399.5
1786648453455,99988.35289232497,-0.14658000000000007,109283.06398232498,63410.5
1786648458856,99990.40521050751,-0.14658000000000007,109283.06418050751,63396.5
1786648464316,99990.40537421989,-0.14658000000000007,109283.06434421989,63396.5
1786648469562,99990.40553725304,-0.14658000000000007,109283.06450725305,63396.5
1786648474931,99990.40573278311,-0.14658000000000007,109283.06470278311,63396.5
1786648480433,99989.52641668865,-0.14658000000000007,109283.06486668866,63402.5
1786648485940,99989.52657959786,-0.14658000000000007,109283.06502959787,63402.5
1786648491303,99989.52677668314,-0.14658000000000007,109283.06522668315,63402.5
1786648496791,99989.52693926962,-0.14658000000000007,109283.06538926963,63402.5
1786648501814,99989.52710550284,-0.14658000000000007,109283.06555550285,63402.5
1786648507237,99989.52726941249,-0.14658000000000007,109283.0657194125,63402.5
1786648512623,99990.84668895043,-0.14658000000000007,109283.06591895044,63393.5
1786648518077,99993.48529045297,-0.14658000000000007,109283.06608045298,63375.5
1786648523396,99993.48545592399,-0.14658000000000007,109283.066245924,63375.5
1786648528696,99993.4856217499,-0.14658000000000007,109283.06641174991,63375.5
1786648534116,99993.48582187017,-0.14658000000000007,109283.06661187018,63375.5
1786648539477,99993.48598785738,-0.14658000000000007,109283.06677785738,63375.5
1786648544971,99993.48615126366,-0.14658000000000007,109283.06694126366,63375.5
1786648550290,99993.48631847683,-0.14658000000000007,109283.06710847684,63375.5
1786648555651,99993.48651595163,-0.14658000000000007,109283.06730595164,63375.5
1786648561058,99993.48667935583,-0.14658000000000007,109283.06746935584,63375.5
1786648566593,99993.4868420175,-0.14658000000000007,109283.06763201751,63375.5
1786648572017,99993.48704287662,-0.14658000000000007,109283.06783287662,63375.5
1786648577502,99993.48720282834,-0.14658000000000007,109283.06799282835,63375.5
1786648583006,99989.23657967294,-0.14658000000000007,109283.06818967295,63404.5
1786648588369,99989.23674202483,-0.14658000000000007,109283.06835202484,63404.5
1786648593749,99989.2369088337,-0.14658000000000007,109283.06851883371,63404.5
1786648599124,99989.23707189912,-0.14658000000000007,109283.06868189912,63404.5
1786648604488,99989.23727362523,-0.14658000000000007,109283.06888362524,63404.5
1786648609874,99992.75535884134,-0.14658000000000007,109283.06904884135,63380.5
1786648615218,99992.75552063787,-0.14658000000000007,109283.06921063788,63380.5
1786648620600,99992.6091061073,-0.14658000000000007,109283.0693761073,63381.5
1786648626037,99990.70376497759,-0.14658000000000007,109283.06957497759,63394.5
1786648631443,99990.7039274483,-0.14658000000000007,109283.0697374483,63394.5
1786648636807,99990.70408982343,-0.14658000000000007,109283.06989982343,63394.5
1786648642173,99988.65216825639,-0.14658000000000007,109283.0700982564,63408.5
1786648647546,99988.65233166673,-0.14658000000000007,109283.07026166674,63408.5
1786648652934,99988.50591727282,-0.14658000000000007,109283.07042727282,63409.5
1786648658322,99988.21291933197,-0.14658000000000007,109283.07058933198,63411.5
1786648663672,99988.21311838477,-0.14658000000000007,109283.07078838476,63411.5
1786648669049,99987.3338007735,-0.14658000000000007,109283.0709507735,63417.5
1786648674473,99987.04080630807,-0.14658000000000007,109283.07111630807,63419.5
1786648679831,99987.04100274238,-0.14658000000000007,109283.07131274238,63419.5
1786648685151,99987.04117154126,-0.14658000000000007,109283.07148154126,63419.5
1786648690506,99987.04133642839,-0.14658000000000007,109283.07164642839,63419.5
1786648695947,99987.04150302635,-0.14658000000000007,109283.07181302636,63419.5
1786648701361,99987.04170019364,-0.14658000000000007,109283.07201019365,63419.5
1786648706420,99987.18841125116,-0.14658000000000007,109283.07214125116,63418.5
1786648711779,99989.38731237304,-0.14658000000000007,109283.07234237305,63403.5
1786648717238,99989.38747487798,-0.14658000000000007,109283.07250487799,63403.5
1786648722284,99989.38763996407,-0.14658000000000007,109283.07266996408,63403.5
1786648727841,99988.94806308059,-0.14658000000000007,109283.0728330806,63406.5
1786648732858,99988.94822510515,-0.14658000000000007,109283.07299510516,63406.5
1786648738267,99988.94842046888,-0.14658000000000007,109283.07319046889,63406.5
1786648743690,99988.94858625792,-0.14658000000000007,109283.07335625793,63406.5
1786648749120,99988.94878167562,-0.14658000000000007,109283.07355167562,63406.5
1786648754525,99988.94894705211,-0.14658000000000007,109283.07371705212,63406.5
1786648759883,99988.94911139684,-0.14658000000000007,109283.07388139685,63406.5
1786648765253,99988.94927464421,-0.14658000000000007,109283.07404464422,63406.5
1786648770634,99988.94947123177,-0.14658000000000007,109283.07424123178,63406.5
1786648775665,99988.94963428548,-0.14658000000000007,109283.0744042855,63406.5
1786648781026,99988.94979727363,-0.14658000000000007,109283.07456727364,63406.5
1786648786415,99988.94996207,-0.14658000000000007,109283.07473207,63406.5
1786648791772,99988.9501559785,-0.14658000000000007,109283.07492597851,63406.5
1786648796908,99988.95032400172,-0.14658000000000007,109283.07509400173,63406.5
1786648802229,99988.95049105756,-0.14658000000000007,109283.07526105757,63406.5
1786648807586,99988.07117191577,-0.14658000000000007,109283.07542191577,63412.5
1786648812911,99987.33843746645,-0.14658000000000007,109283.07558746645,63417.5
1786648818335,99987.33860096036,-0.14658000000000007,109283.07575096036,63417.5
1786648823593,99987.48538438315,-0.14658000000000007,109283.07595438315,63416.5
1786648829055,99988.658186737,-0.14658000000000007,109283.07611673701,63408.5
1786648834421,99988.65834804278,-0.14658000000000007,109283.07627804279,63408.5
1786648839824,99987.77906475481,-0.14658000000000007,109283.07647475481,63414.5
1786648845211,99987.77922589047,-0.14658000000000007,109283.07663589047,63414.5
1786648850558,99987.77938983911,-0.14658000000000007,109283.07679983911,63414.5
1786648856045,99987.77959148906,-0.14658000000000007,109283.07700148906,63414.5
1786648861421,99987.77975343118,-0.14658000000000007,109283.07716343118,63414.5
1786648866790,99987.7799167943,-0.14658000000000007,109283.0773267943,63414.5
1786648872135,99987.78011095701,-0.14658000000000007,109283.07752095701,63414.5
1786648877521,99987.7802734221,-0.14658000000000007,109283.0776834221,63414.5
1786648882920,99987.78044140706,-0.14658000000000007,109283.07785140706,63414.5
1786648888217,99988.66009065091,-0.14658000000000007,109283.07802065092,63408.5
1786648893262,99989.83289578478,-0.14658000000000007,109283.07818578479,63400.5
1786648898768,99989.83305860384,-0.14658000000000007,109283.07834860384,63400.5
1786648904275,99991.44564549196,-0.14658000000000007,109283.07855549196,63389.5
1786648909717,99991.44580976898,-0.14658000000000007,109283.07871976898,63389.5
1786648915109,99993.2049597445,-0.14658000000000007,109283.07890974451,63377.5
1786648920471,99990.56668379407,-0.14658000000000007,109283.07907379407,63395.5
1786648925811,99990.5668505147,-0.14658000000000007,109283.07924051471,63395.5
1786648931202,99990.56701753891,-0.14658000000000007,109283.07940753891,63395.5
1786648936595,99990.56718346624,-0.14658000000000007,109283.07957346624,63395.5
1786648941978,99990.12764341016,-0.14658000000000007,109283.07977341017,63398.5
1786648947334,99990.1278093537,-0.14658000000000007,109283.0799393537,63398.5
1786648952738,99990.71429326593,-0.14658000000000007,109283.08010326594,63394.5
1786648958099,99990.71445656034,-0.14658000000000007,109283.08026656034,63394.5
1786648963467,99990.71465211702,-0.14658000000000007,109283.08046211702,63394.5
1786648968914,99990.71481637387,-0.14658000000000007,109283.08062637388,63394.5
1786648974286,99990.71497940445,-0.14658000000000007,109283.08078940446,63394.5
1786648979654,99992.18094546846,-0.14658000000000007,109283.08095546847,63384.5
1786648985119,99992.18114972091,-0.14658000000000007,109283.08115972092,63384.5
1786648990422,99992.18131227087,-0.14658000000000007,109283.08132227087,63384.5
1786648995475,99992.1814749795,-0.14658000000000007,109283.08148497951,63384.5
1786649000984,99992.1816679195,-0.14658000000000007,109283.0816779195,63384.5
1786649006343,99992.18182949917,-0.14658000000000007,109283.08183949918,63384.5
1786649011649,99989.98329392335,-0.14658000000000007,109283.08200392335,63399.5
1786649017084,99989.98346024712,-0.14658000000000007,109283.08217024713,63399.5
1786649022480,99989.98366035966,-0.14658000000000007,109283.08237035967,63399.5
1786649027845,99989.98382461912,-0.14658000000000007,109283.08253461913,63399.5
1786649033349,99989.98399397738,-0.14658000000000007,109283.08270397739,63399.5
1786649038464,99989.9841572687,-0.14658000000000007,109283.0828672687,63399.5
1786649043830,99989.98432252854,-0.14658000000000007,109283.08303252855,63399.5
1786649049281,99989.9845214148,-0.14658000000000007,109283.0832314148,63399.5
1786649054661,99989.98468486819,-0.14658000000000007,109283.0833948682,63399.5
1786649060102,99989.98485067912,-0.14658000000000007,109283.08356067912,63399.5
1786649065468,99989.9850182974,-0.14658000000000007,109283.08372829741,63399.5
1786649070876,99989.98521750918,-0.14658000000000007,109283.08392750919,63399.5
1786649076242,99989.10590219022,-0.14658000000000007,109283.08409219023,63405.5
1786649081652,99989.10606959797,-0.14658000000000007,109283.08425959798,63405.5
1786649087033,99989.1062653279,-0.14658000000000007,109283.0844553279,63405.5
1786649092476,99988.95984929826,-0.14658000000000007,109283.08461929827,63406.5
1786649097935,99987.0544738901,-0.14658000000000007,109283.0847838901,63419.5
1786649103308,99987.78756987245,-0.14658000000000007,109283.08497987245,63414.5
1786649108738,99987.78773333535,-0.14658000000000007,109283.08514333535,63414.5
1786649114075,99987.78789828319,-0.14658000000000007,109283.08530828319,63414.5
1786649119446,99987.78806326196,-0.14658000000000007,109283.08547326196,63414.5
1786649124863,99989.69379919626,-0.14658000000000007,109283.08566919627,63401.5
1786649130223,99989.6939611846,-0.14658000000000007,109283.08583118461,63401.5
1786649135606,99989.69412698092,-0.14658000000000007,109283.08599698092,63401.5
1786649141036,99989.6943214051,-0.14658000000000007,109283.0861914051,63401.5
1786649146396,99990.28080513203,-0.14658000000000007,109283.08635513204,63397.5
1786649151765,99990.28096907912,-0.14658000000000007,109283.08651907912,63397.5
1786649157247,99990.2811666547,-0.14658000000000007,109283.08671665471,63397.5
1786649162681,99990.13475140861,-0.14658000000000007,109283.08688140861,63398.5
1786649168088,99990.13491703854,-0.14658000000000007,109283.08704703854,63398.5
1786649173577,99990.1351199808,-0.14658000000000007,109283.0872499808,63398.5
1786649179052,99990.13528180022,-0.14658000000000007,109283.08741180022,63398.5
1786649184482,99990.13544600757,-0.14658000000000007,109283.08757600757,63398.5
1786649190021,99990.13564539298,-0.14658000000000007,109283.08777539298,63398.5
1786649195445,99990.13580859984,-0.14658000000000007,109283.08793859984,63398.5
1786649200772,99990.13597432403,-0.14658000000000007,109283.08810432404,63398.5
1786649206089,99988.67036871493,-0.14658000000000007,109283.08829871494,63408.5
1786649211435,99987.79105568549,-0.14658000000000007,109283.08846568549,63414.5
1786649216825,99987.20490102342,-0.14658000000000007,109283.08863102342,63418.5
1786649222222,99987.20506433444,-0.14658000000000007,109283.08879433444,63418.5
1786649227614,99987.49842218745,-0.14658000000000007,109283.08899218745,63416.5
1786649233030,99987.4985860111,-0.14658000000000007,109283.0891560111,63416.5
1786649238374,99987.49875093154,-0.14658000000000007,109283.08932093154,63416.5
1786649243731,99987.49891636848,-0.14658000000000007,109283.08948636848,63416.5
1786649249087,99987.4991162163,-0.14658000000000007,109283.0896862163,63416.5
1786649254600,99987.35270126587,-0.14658000000000007,109283.08985126588,63417.5
1786649259636,99989.84472718637,-0.14658000000000007,109283.09001718638,63400.5
1786649265027,99989.99147746703,-0.14658000000000007,109283.09018746704,63399.5
1786649270341,99989.9916398727,-0.14658000000000007,109283.0903498727,63399.5
1786649275776,99989.99183755477,-0.14658000000000007,109283.09054755478,63399.5
1786649281071,99988.23304154567,-0.14658000000000007,109283.09071154566,63411.5
1786649286459,99988.23320793355,-0.14658000000000007,109283.09087793356,63411.5
1786649291758,99988.23337113427,-0.14658000000000007,109283.09104113428,63411.5
1786649297130,99988.23356690787,-0.14658000000000007,109283.09123690789,63411.5
1786649302665,99988.23373147103,-0.14658000000000007,109283.09140147104,63411.5
1786649308036,99988.23389645218,-0.14658000000000007,109283.09156645217,63411.5
1786649313415,99988.23409523087,-0.14658000000000007,109283.09176523089,63411.5
1786649318785,99989.11373649014,-0.14658000000000007,109283.09192649015,63405.5
1786649324251,99989.11390035436,-0.14658000000000007,109283.09209035437,63405.5
1786649329628,99989.11409713892,-0.14658000000000007,109283.09228713893,63405.5
1786649335025,99989.11425829094,-0.14658000000000007,109283.09244829095,63405.5
1786649340385,99989.11442502709,-0.14658000000000007,109283.0926150271,63405.5
1786649345792,99989.11459525298,-0.14658000000000007,109283.09278525299,63405.5
1786649351319,99989.11479056132,-0.14658000000000007,109283.09298056133,63405.5
1786649356676,99989.11495320572,-0.14658000000000007,109283.09314320573,63405.5
1786649362105,99989.11511546279,-0.14658000000000007,109283.0933054628,63405.5
1786649367493,99989.1153154841,-0.14658000000000007,109283.09350548411,63405.5
1786649372842,99989.11547971009,-0.14658000000000007,109283.0936697101,63405.5
1786649378206,99989.11564564676,-0.14658000000000007,109283.09383564677,63405.5
1786649383560,99989.11580806524,-0.14658000000000007,109283.09399806525,63405.5
1786649388950,99989.11600411647,-0.14658000000000007,109283.09419411648,63405.5
1786649394385,99989.11616760009,-0.14658000000000007,109283.0943576001,63405.5
1786649399772,99989.1163617147,-0.14658000000000007,109283.0945517147,63405.5
1786649405101,99991.02206926524,-0.14658000000000007,109283.09471926524,63392.5
1786649410279,99991.90171491864,-0.14658000000000007,109283.09488491864,63386.5
1786649415672,99991.90187641821,-0.14658000000000007,109283.09504641821,63386.5
1786649421208,99988.8238929125,-0.14658000000000007,109283.0952429125,63407.5
1786649426741,99988.82405973208,-0.14658000000000007,109283.0954097321,63407.5
1786649432176,99990.87634179917,-0.14658000000000007,109283.09557179917,63393.5
1786649437550,99988.67783948945,-0.14658000000000007,109283.09576948946,63408.5
1786649442668,99988.67797417581,-0.14658000000000007,109283.09590417582,63408.5
1786649448056,99988.67816986746,-0.14658000000000007,109283.09609986747,63408.5
1786649453267,99988.38517958322,-0.14658000000000007,109283.09626958323,63410.5
1786649458643,99988.23876516838,-0.14658000000000007,109283.0964351684,63411.5
1786649464030,99988.23892969196,-0.14658000000000007,109283.09659969195,63411.5
1786649469088,99988.23909503361,-0.14658000000000007,109283.09676503361,63411.5
1786649474388,99988.23929059308,-0.14658000000000007,109283.09696059307,63411.5
1786649479714,99988.23945574363,-0.14658000000000007,109283.09712574365,63411.5
1786649485019,99988.23962063596,-0.14658000000000007,109283.09729063597,63411.5
1786649490421,99988.67952452406,-0.14658000000000007,109283.09745452408,63408.5
1786649495498,99988.6796905279,-0.14658000000000007,109283.09762052791,63408.5
1786649500512,99988.6798568868,-0.14658000000000007,109283.0977868868,63408.5
1786649506111,99988.24028421403,-0.14658000000000007,109283.09795421403,63411.5
1786649511296,99988.24048205084,-0.14658000000000007,109283.09815205085,63411.5
1786649516729,99988.24064677148,-0.14658000000000007,109283.09831677147,63411.5
1786649522117,99988.2408115878,-0.14658000000000007,109283.0984815878,63411.5
1786649527502,99988.24097549875,-0.14658000000000007,109283.09864549874,63411.5
1786649532888,99988.24117268898,-0.14658000000000007,109283.09884268898,63411.5
1786649538200,99988.24133534107,-0.14658000000000007,109283.09900534108,63411.5
1786649543624,99988.09491954255,-0.14658000000000007,109283.09916954256,63412.5
1786649549004,99988.09508419893,-0.14658000000000007,109283.09933419892,63412.5
1786649554532,99988.09528314165,-0.14658000000000007,109283.09953314165,63412.5
1786649559900,99988.09544689898,-0.14658000000000007,109283.09969689898,63412.5
1786649565257,99988.0956426782,-0.14658000000000007,109283.09989267822,63412.5
1786649570671,99988.0958056931,-0.14658000000000007,109283.1000556931,63412.5
1786649576120,99988.09596938585,-0.14658000000000007,109283.10021938584,63412.5
1786649581512,99988.09616693953,-0.14658000000000007,109283.10041693953,63412.5
1786649587020,99988.09632975419,-0.14658000000000007,109283.1005797542,63412.5
1786649592411,99988.09649404578,-0.14658000000000007,109283.10074404578,63412.5
1786649597821,99988.09669319683,-0.14658000000000007,109283.10094319684,63412.5
1786649603179,99987.07079733271,-0.14658000000000007,109283.10110733271,63419.5
1786649608569,99986.63122316849,-0.14658000000000007,109283.10127316849,63422.5
1786649613714,99986.63138745783,-0.14658000000000007,109283.10143745784,63422.5
1786649619161,99986.63158370755,-0.14658000000000007,109283.10163370756,63422.5
1786649624464,99986.63174712524,-0.14658000000000007,109283.10179712524,63422.5
1786649629924,99987.07165722556,-0.14658000000000007,109283.10196722556,63419.5
1786649635352,99987.07182032042,-0.14658000000000007,109283.10213032042,63419.5
1786649640748,99987.65834044134,-0.14658000000000007,109283.10233044134,63415.5
1786649646116,99987.65850426465,-0.14658000000000007,109283.10249426465,63415.5
1786649651472,99987.65867015246,-0.14658000000000007,109283.10266015246,63415.5
1786649656825,99988.2451535846,-0.14658000000000007,109283.10282358462,63411.5
1786649662380,99989.41799083089,-0.14658000000000007,109283.1030208309,63403.5
1786649667759,99989.41815630677,-0.14658000000000007,109283.10318630678,63403.5
1786649673129,99989.41831874552,-0.14658000000000007,109283.10334874553,63403.5
1786649678492,99989.41851310087,-0.14658000000000007,109283.10354310088,63403.5
1786649683926,99989.41867776393,-0.14658000000000007,109283.10370776393,63403.5
1786649689291,99989.4188396514,-0.14658000000000007,109283.1038696514,63403.5
1786649694659,99990.29851916968,-0.14658000000000007,109283.10406916968,63397.5
1786649700129,99990.15210102207,-0.14658000000000007,109283.10423102208,63398.5
1786649705448,99990.15226664735,-0.14658000000000007,109283.10439664735,63398.5
1786649710845,99990.1524350481,-0.14658000000000007,109283.10456504811,63398.5
1786649716207,99989.41972829912,-0.14658000000000007,109283.10475829913,63403.5
1786649721600,99989.41989386018,-0.14658000000000007,109283.10492386018,63403.5
1786649726962,99989.42006139037,-0.14658000000000007,109283.10509139037,63403.5
1786649732134,99989.42022395042,-0.14658000000000007,109283.10525395043,63403.5
1786649737559,99989.56699758931,-0.14658000000000007,109283.10544758932,63402.5
1786649743009,99989.8603225051,-0.14658000000000007,109283.10561250511,63400.5
1786649748462,99990.30022780818,-0.14658000000000007,109283.10577780819,63397.5
1786649753825,99992.93886226519,-0.14658000000000007,109283.1059722652,63379.5
1786649759182,99992.93902445557,-0.14658000000000007,109283.10613445558,63379.5
1786649764627,99992.93918954754,-0.14658000000000007,109283.10629954755,63379.5
1786649769671,99992.9393520905,-0.14658000000000007,109283.10646209051,63379.5
1786649774681,99992.93951582715,-0.14658000000000007,109283.10662582716,63379.5
1786649780066,99992.93971247243,-0.14658000000000007,109283.10682247244,63379.5
1786649785179,99992.93987708206,-0.14658000000000007,109283.10698708206,63379.5
1786649790544,99992.94004127271,-0.14658000000000007,109283.10715127272,63379.5
1786649795927,99992.06072965881,-0.14658000000000007,109283.10731965881,63385.5
1786649801276,99989.25236573283,-0.15658000000000005,109916.97239573284,63403.5
1786649806679,99989.25257514577,-0.15658000000000005,109916.97260514577,63403.5
1786649812169,99989.2527514954,-0.15658000000000005,109916.97278149541,63403.5
1786649817612,99988.15686653492,-0.15658000000000005,109916.97295653493,63410.5
1786649822988,99986.50115627893,-0.16658000000000003,110551.08804627894,63420.5
1786649828342,99986.50134244161,-0.16658000000000003,110551.08823244162,63420.5
1786649833719,99986.50152805407,-0.16658000000000003,110551.08841805407,63420.5
1786649839088,99986.50175119253,-0.16658000000000003,110551.08864119253,63420.5
1786649844434,99986.50193691504,-0.16658000000000003,110551.08882691505,63420.5
1786649849664,99986.50212586964,-0.16658000000000003,110551.08901586964,63420.5
1786649855096,99985.16967385051,-0.16658000000000003,110551.08920385051,63428.5
1786649860481,99985.1699003073,-0.16658000000000003,110551.0894303073,63428.5
1786649865818,99985.17008677675,-0.16658000000000003,110551.08961677675,63428.5
1786649871227,99985.1702759981,-0.16658000000000003,110551.0898059981,63428.5
1786649876666,99985.00388382513,-0.16658000000000003,110551.08999382514,63429.5
1786649882041,99985.00410680854,-0.16658000000000003,110551.09021680854,63429.5
1786649887450,99985.00429434028,-0.16658000000000003,110551.09040434028,63429.5
1786649892852,99985.0044804422,-0.16658000000000003,110551.09059044221,63429.5
1786649898182,99985.00466709366,-0.16658000000000003,110551.09077709366,63429.5
1786649903590,99985.0048932607,-0.16658000000000003,110551.0910032607,63429.5
1786649908935,99985.00507876737,-0.16658000000000003,110551.09118876737,63429.5
1786649914310,99985.00526331327,-0.16658000000000003,110551.09137331328,63429.5
1786649919632,99985.0054859688,-0.16658000000000003,110551.0915959688,63429.5
1786649925010,99985.00567076668,-0.16658000000000003,110551.09178076668,63429.5
1786649930378,99985.00585530672,-0.16658000000000003,110551.09196530672,63429.5
1786649935819,99985.00608034933,-0.16658000000000003,110551.09219034933,63429.5
1786649941201,99985.00626543968,-0.16658000000000003,110551.09237543968,63429.5
1786649946575,99985.00645563073,-0.16658000000000003,110551.09256563074,63429.5
1786649952030,99985.00664505134,-0.16658000000000003,110551.09275505134,63429.5
1786649957474,99985.00687259086,-0.16658000000000003,110551.09298259087,63429.5
1786649962960,99985.007060067,-0.16658000000000003,110551.093170067,63429.5
1786649968474,99985.00724578211,-0.16658000000000003,110551.09335578211,63429.5
1786649973834,99985.00747236364,-0.16658000000000003,110551.09358236364,63429.5
1786649979207,99985.00766027113,-0.16658000000000003,110551.09377027114,63429.5
1786649984582,99985.17442373912,-0.16658000000000003,110551.09395373912,63428.5
1786649989944,99985.17464594486,-0.16658000000000003,110551.09417594486,63428.5
1786649995251,99986.34089307721,-0.16658000000000003,110551.09436307721,63421.5
1786650000626,99987.34056126817,-0.16658000000000003,110551.09455126816,63415.5
1786650005997,99983.67599165591,-0.16658000000000003,110551.0947416559,63437.5
1786650011354,99983.6762164567,-0.16658000000000003,110551.0949664567,63437.5
1786650016735,99983.67640436602,-0.16658000000000003,110551.09515436602,63437.5
1786650022254,99983.67658967008,-0.16658000000000003,110551.09533967008,63437.5
1786650027624,99984.67625948747,-0.16658000000000003,110551.09552948747,63431.5
1786650033011,99986.84202529189,-0.16658000000000003,110551.09575529188,63418.5
1786650038403,99986.84221543027,-0.16658000000000003,110551.09594543026,63418.5
1786650043779,99986.84240226207,-0.16658000000000003,110551.09613226207,63418.5
1786650049221,99986.84262632817,-0.16658000000000003,110551.09635632817,63418.5
1786650054618,99986.84281114412,-0.16658000000000003,110551.09654114411,63418.5
1786650059988,99986.84299574111,-0.16658000000000003,110551.09672574111,63418.5
1786650065097,99986.84319112338,-0.16658000000000003,110551.09692112338,63418.5
1786650070198,99986.84337542689,-0.16658000000000003,110551.09710542689,63418.5
1786650075632,99986.8435625918,-0.16658000000000003,110551.0972925918,63418.5
1786650081073,99986.84378721174,-0.16658000000000003,110551.09751721173,63418.5
1786650086484,99986.84397822854,-0.16658000000000003,110551.09770822854,63418.5
1786650091992,99986.84416506329,-0.16658000000000003,110551.09789506329,63418.5
1786650097352,99986.84438616147,-0.16658000000000003,110551.09811616146,63418.5
1786650102790,99986.84457361988,-0.16658000000000003,110551.09830361987,63418.5
1786650108148,99986.84476016117,-0.16658000000000003,110551.09849016117,63418.5
1786650113576,99986.84498511125,-0.16658000000000003,110551.09871511125,63418.5
1786650118973,99986.84517007509,-0.16658000000000003,110551.09890007509,63418.5
1786650124358,99986.84535507561,-0.16658000000000003,110551.0990850756,63418.5
1786650129718,99986.8455394525,-0.16658000000000003,110551.09926945249,63418.5
1786650135180,99986.84576498953,-0.16658000000000003,110551.09949498952,63418.5
1786650140532,99986.84594947717,-0.16658000000000003,110551.09967947716,63418.5
1786650145921,99986.84617377716,-0.16658000000000003,110551.09990377715,63418.5
1786650151299,99987.01294135423,-0.16658000000000003,110551.10009135424,63417.5
1786650156705,99987.17970801325,-0.16658000000000003,110551.10027801325,63416.5
1786650162060,99987.67963403711,-0.16658000000000003,110551.10046403711,63413.5
1786650167443,99987.67985545674,-0.16658000000000003,110551.10068545674,63413.5
1786650172802,99987.6800482268,-0.16658000000000003,110551.1008782268,63413.5
1786650178232,99987.68023839235,-0.16658000000000003,110551.10106839235,63413.5
1786650183647,99987.68042177153,-0.16658000000000003,110551.10125177153,63413.5
1786650189066,99987.68064487858,-0.16658000000000003,110551.10147487858,63413.5
1786650194404,99987.68083067884,-0.16658000000000003,110551.10166067885,63413.5
1786650199777,99987.68101746956,-0.16658000000000003,110551.10184746956,63413.5
1786650205163,99991.84570679082,-0.16658000000000003,110551.10203679082,63388.5
1786650210288,99991.8458956944,-0.16658000000000003,110551.1022256944,63388.5
1786650215572,99992.84560503937,-0.16658000000000003,110551.10245503938,63382.5
1786650221044,99991.84631004569,-0.16658000000000003,110551.10264004569,63388.5
1786650226501,99989.99515021202,-0.16847500000000004,110671.22591271202,63399.5
1786650231792,99989.99534209436,-0.16847500000000004,110671.22610459436,63399.5
1786650237348,99992.18574269427,-0.16847500000000004,110671.22633019427,63386.5
1786650242857,99992.69135597468,-0.16847500000000004,110671.22651847468,63383.5
1786650248215,99992.69157985008,-0.16847500000000004,110671.22674235009,63383.5
1786650253584,99992.69176827169,-0.16847500000000004,110671.22693077169,63383.5
1786650259014,99992.69195658206,-0.16847500000000004,110671.22711908206,63383.5
1786650264424,99992.69218461034,-0.16847500000000004,110671.22734711034,63383.5
1786650269869,99991.17609737524,-0.16847500000000004,110671.22753487524,63392.5
1786650275230,99991.17628333827,-0.16847500000000004,110671.22772083827,63392.5
1786650280653,99991.17651526719,-0.16847500000000004,110671.22795276719,63392.5
1786650286028,99987.80720509822,-0.16847500000000004,110671.22814259822,63412.5
1786650291409,99987.80739200303,-0.16847500000000004,110671.22832950304,63412.5
1786650296779,99987.80757883433,-0.16847500000000004,110671.22851633433,63412.5
1786650302144,99987.80780966241,-0.16847500000000004,110671.22874716241,63412.5
1786650307497,99986.7971470456,-0.16847500000000004,110671.2289345456,63418.5
1786650312838,99984.10174074411,-0.16847500000000004,110671.22912824411,63434.5
1786650318244,99984.1019316874,-0.16847500000000004,110671.2293191874,63434.5
1786650323647,99984.1021568536,-0.16847500000000004,110671.2295443536,63434.5
1786650329091,99984.10234476467,-0.16847500000000004,110671.22973226468,63434.5
1786650334391,99980.73303394855,-0.16847500000000004,110671.22992144855,63454.5
1786650339691,99980.73322041641,-0.16847500000000004,110671.23010791642,63454.5
1786650345053,99980.73345210726,-0.16847500000000004,110671.23033960727,63454.5
1786650350441,99979.21736704418,-0.16847500000000004,110671.23052954419,63463.5
1786650355851,99981.91315560973,-0.16847500000000004,110671.23071810973,63447.5
1786650361237,99982.755722678,-0.16847500000000004,110671.23091017801,63442.5
1786650366648,99982.75595135757,-0.16847500000000004,110671.23113885758,63442.5
1786650372077,99982.75613846902,-0.16847500000000004,110671.23132596903,63442.5
1786650377404,99982.7563250245,-0.16847500000000004,110671.23151252451,63442.5
1786650382786,99982.75655003326,-0.16847500000000004,110671.23173753326,63442.5
1786650388150,99989.3272653224,-0.16847500000000004,110671.2319278224,63403.5
1786650393577,99990.84373067161,-0.16847500000000004,110671.23211817161,63394.5
1786650398940,99990.84395121933,-0.16847500000000004,110671.23233871933,63394.5
1786650404309,99990.84414208871,-0.16847500000000004,110671.23252958871,63394.5
1786650409685,99990.8443295828,-0.16847500000000004,110671.2327170828,63394.5
1786650415072,99990.84451626091,-0.16847500000000004,110671.23290376092,63394.5
1786650420519,99990.84473955119,-0.16847500000000004,110671.2331270512,63394.5
1786650425873,99986.8015324697,-0.16847500000000004,110671.2333199697,63418.5
1786650431270,99986.80172454342,-0.16847500000000004,110671.23351204341,63418.5
1786650436724,99986.8019483759,-0.16847500000000004,110671.2337358759,63418.5
1786650442095,99986.8021377783,-0.16847500000000004,110671.2339252783,63418.5
1786650447472,99986.80232239465,-0.16847500000000004,110671.23410989465,63418.5
1786650452836,99986.80254641263,-0.16847500000000004,110671.23433391262,63418.5
1786650458245,99986.80273729909,-0.16847500000000004,110671.23452479909,63418.5
1786650463789,99986.80292599657,-0.16847500000000004,110671.23471349657,63418.5
1786650469220,99987.64552694299,-0.16847500000000004,110671.23493944299,63413.5
1786650474252,99987.64571741568,-0.16847500000000004,110671.23512991569,63413.5
1786650479685,99987.64590555071,-0.16847500000000004,110671.23531805072,63413.5
1786650485119,99990.51017015542,-0.16847500000000004,110671.23550765542,63396.5
1786650490478,99990.51039475348,-0.16847500000000004,110671.23573225348,63396.5
1786650495844,99988.15193204486,-0.16847500000000004,110671.23591954485,63410.5
1786650501220,99988.1521196086,-0.16847500000000004,110671.23610710859,63410.5
1786650506589,99988.15234252601,-0.16847500000000004,110671.23633002602,63410.5
1786650511981,99988.15253339143,-0.16847500000000004,110671.23652089143,63410.5
1786650517335,99988.15272214229,-0.16847500000000004,110671.23670964228,63410.5
1786650522732,99989.83766077967,-0.16847500000000004,110671.23689827968,63400.5
1786650528126,99989.83789050416,-0.16847500000000004,110671.23712800417,63400.5
1786650533172,99989.83804607214,-0.16847500000000004,110671.23728357215,63400.5
1786650538204,99989.83823428197,-0.16847500000000004,110671.23747178198,63400.5
1786650543594,99989.83845880974,-0.16847500000000004,110671.23769630975,63400.5
1786650548967,99989.83864547138,-0.16847500000000004,110671.23788297139,63400.5
1786650554393,99989.83883491512,-0.16847500000000004,110671.23807241513,63400.5
1786650559769,99989.83906445847,-0.16847500000000004,110671.23830195848,63400.5
1786650564893,99989.83925405049,-0.16847500000000004,110671.2384915505,63400.5
1786650570271,99989.83944405011,-0.16847500000000004,110671.23868155012,63400.5
1786650575645,99989.83963189856,-0.16847500000000004,110671.23886939857,63400.5
1786650581014,99989.83985439388,-0.16847500000000004,110671.23909189389,63400.5
1786650586409,99989.8400462117,-0.16847500000000004,110671.23928371171,63400.5
1786650591781,99987.31310997544,-0.16847500000000004,110671.23947247544,63415.5
1786650597186,99987.31329752786,-0.16847500000000004,110671.23966002786,63415.5
1786650602622,99987.31353194705,-0.16847500000000004,110671.23989444705,63415.5
1786650607653,99987.31368288462,-0.16847500000000004,110671.24004538462,63415.5
1786650613052,99987.31390984973,-0.16847500000000004,110671.24027234974,63415.5
1786650618112,99987.31409956093,-0.16847500000000004,110671.24046206093,63415.5
1786650623136,99987.31429083215,-0.16847500000000004,110671.24065333215,63415.5
1786650628497,99986.30362765465,-0.16847500000000004,110671.24084015466,63421.5
1786650633554,99986.3038191931,-0.16847500000000004,110671.2410316931,63421.5
1786650638949,99986.30400698412,-0.16847500000000004,110671.24121948413,63421.5
1786650644405,99986.30423150965,-0.16847500000000004,110671.24144400966,63421.5
1786650649856,99986.30442401335,-0.16847500000000004,110671.24163651335,63421.5
1786650655098,99986.30461466174,-0.16847500000000004,110671.24182716175,63421.5
1786650660472,99986.30480323223,-0.16847500000000004,110671.24201573223,63421.5
1786650665859,99986.30499506764,-0.16847500000000004,110671.24220756764,63421.5
1786650671275,99986.30522345241,-0.16847500000000004,110671.24243595242,63421.5
1786650676711,99986.305411837,-0.16847500000000004,110671.24262433701,63421.5
1786650682149,99986.30560300393,-0.16847500000000004,110671.24281550394,63421.5
1786650687666,99986.3058295698,-0.16847500000000004,110671.24304206981,63421.5
1786650692768,99986.30602400235,-0.16847500000000004,110671.24323650236,63421.5
1786650698160,99987.31706654007,-0.16847500000000004,110671.24342904007,63415.5
1786650703524,99987.31725279492,-0.16847500000000004,110671.24361529492,63415.5
1786650708909,99987.3174774878,-0.16847500000000004,110671.2438399878,63415.5
1786650714269,99987.31766370856,-0.16847500000000004,110671.24402620856,63415.5
1786650719597,99987.31785171239,-0.16847500000000004,110671.24421421239,63415.5
1786650725024,99987.31804361209,-0.16847500000000004,110671.24440611209,63415.5
1786650730433,99987.31827317193,-0.16847500000000004,110671.24463567193,63415.5
1786650735857,99987.31846214045,-0.16847500000000004,110671.24482464045,63415.5
1786650741230,99987.15017558953,-0.16847500000000004,110671.24501308953,63416.5
1786650746591,99989.00359330552,-0.16847500000000004,110671.24520580552,63405.5
1786650751963,99990.01467302124,-0.16847500000000004,110671.24543552125,63399.5
1786650757369,99990.01486074942,-0.16847500000000004,110671.24562324942,63399.5
1786650762750,99990.01504784645,-0.16847500000000004,110671.24581034646,63399.5
1786650767943,99990.18370957136,-0.16847500000000004,110671.24599707135,63398.5
1786650773317,99991.53174035602,-0.16847500000000004,110671.24622785603,63390.5
1786650778741,99991.53192924889,-0.16847500000000004,110671.2464167489,63390.5
1786650784281,99991.53211743585,-0.16847500000000004,110671.24660493586,63390.5
1786650789771,99991.53234363966,-0.16847500000000004,110671.24683113967,63390.5
1786650795036,99991.5325389878,-0.16847500000000004,110671.2470264878,63390.5
1786650800394,99991.53273544872,-0.16847500000000004,110671.24722294873,63390.5
1786650805791,99991.53292312437,-0.16847500000000004,110671.24741062438,63390.5
1786650810833,99991.53311091225,-0.16847500000000004,110671.24759841226,63390.5
1786650816246,99991.53333185881,-0.16847500000000004,110671.24781935882,63390.5
1786650821301,99991.5335190497,-0.16847500000000004,110671.24800654971,63390.5
1786650826843,99991.53370464341,-0.16847500000000004,110671.24819214342,63390.5
1786650832101,99991.53389316716,-0.16847500000000004,110671.24838066717,63390.5
1786650837594,99991.53412015225,-0.16847500000000004,110671.24860765226,63390.5
1786650843194,99991.53430912107,-0.16847500000000004,110671.24879662108,63390.5
1786650848555,99991.53449953634,-0.16847500000000004,110671.24898703635,63390.5
1786650853626,99990.01841636514,-0.16847500000000004,110671.24917886514,63399.5
1786650859021,99990.01864370919,-0.16847500000000004,110671.24940620919,63399.5
1786650864503,99990.01883774332,-0.16847500000000004,110671.24960024333,63399.5
1786650869823,99990.01902698897,-0.16847500000000004,110671.24978948898,63399.5
1786650875194,99990.01921678992,-0.16847500000000004,110671.24997928992,63399.5
1786650880240,99990.01940558935,-0.16847500000000004,110671.25016808936,63399.5
1786650885723,99990.01963734161,-0.16847500000000004,110671.25039984162,63399.5
1786650890776,99990.01982666034,-0.16847500000000004,110671.25058916035,63399.5
1786650895815,99990.01997617912,-0.16847500000000004,110671.25073867913,63399.5
1786650901221,99990.02020637385,-0.16847500000000004,110671.25096887386,63399.5
1786650906779,99990.02039587987,-0.16847500000000004,110671.25115837986,63399.5
1786650912063,99990.02058323447,-0.16847500000000004,110671.25134573448,63399.5
1786650917514,99990.02080875734,-0.16847500000000004,110671.25157125735,63399.5
1786650922977,99990.02099919066,-0.16847500000000004,110671.25176169066,63399.5
1786650928319,99990.02118847409,-0.16847500000000004,110671.25195097408,63399.5
1786650933799,99990.02141451626,-0.16847500000000004,110671.25217701627,63399.5
1786650939177,99990.02160372553,-0.16847500000000004,110671.25236622553,63399.5
1786650944528,99990.02179215648,-0.16847500000000004,110671.25255465647,63399.5
1786650949924,99990.02201768421,-0.16847500000000004,110671.25278018422,63399.5
1786650955299,99990.02220545753,-0.16847500000000004,110671.25296795754,63399.5
1786650960662,99990.02239456744,-0.16847500000000004,110671.25315706743,63399.5
1786650966024,99990.02258415957,-0.16847500000000004,110671.25334665958,63399.5
1786650971394,99990.02281526092,-0.16847500000000004,110671.25357776092,63399.5
1786650976817,99990.02300856254,-0.16847500000000004,110671.25377106253,63399.5
1786650982243,99990.02319926751,-0.16847500000000004,110671.2539617675,63399.5
1786650987317,99990.0233877468,-0.16847500000000004,110671.2541502468,63399.5
1786650992526,99990.02357830337,-0.16847500000000004,110671.25434080338,63399.5
1786650998057,99990.02380172606,-0.16847500000000004,110671.25456422607,63399.5
1786651003494,99990.02398890702,-0.16847500000000004,110671.25475140703,63399.5
1786651008829,99989.18180635593,-0.16847500000000004,110671.25494385594,63404.5
1786651014127,99989.18199476221,-0.16847500000000004,110671.25513226222,63404.5
1786651019618,99990.5300199232,-0.16847500000000004,110671.2553574232,63396.5
1786651025039,99991.03563853646,-0.16847500000000004,110671.25555103646,63393.5
1786651030448,99991.03582820947,-0.16847500000000004,110671.25574070947,63393.5
1786651035494,99991.03601802533,-0.16847500000000004,110671.25593052534,63393.5
1786651040879,99991.03620735907,-0.16847500000000004,110671.25611985907,63393.5
1786651046257,99991.03643956641,-0.16847500000000004,110671.25635206641,63393.5
1786651051692,99991.03662953062,-0.16847500000000004,110671.25654203062,63393.5
1786651057180,99991.20529215831,-0.16847500000000004,110671.25672965831,63392.5
1786651062534,99991.54247136103,-0.16847500000000004,110671.25695886103,63390.5
1786651067928,99991.71113610009,-0.16847500000000004,110671.2571486001,63389.5
1786651073010,99991.71132646702,-0.16847500000000004,110671.25733896703,63389.5
1786651078076,99992.21693945967,-0.16847500000000004,110671.25752695967,63386.5
1786651083566,99992.38560533931,-0.16847500000000004,110671.25771783931,63385.5
1786651088916,99992.38579198557,-0.16847500000000004,110671.25790448557,63385.5
1786651094280,99992.38601798851,-0.16847500000000004,110671.25813048851,63385.5
1786651099642,99992.38620683383,-0.16847500000000004,110671.25831933384,63385.5
1786651105026,99992.38639686594,-0.16847500000000004,110671.25850936594,63385.5
1786651110403,99992.38662090653,-0.16847500000000004,110671.25873340653,63385.5
1786651115962,99992.38680949225,-0.16847500000000004,110671.25892199225,63385.5
1786651121496,99992.38699741042,-0.16847500000000004,110671.25910991042,63385.5
1786651127065,99992.55569648554,-0.16847500000000004,110671.25933398554,63384.5
1786651132442,99992.55588755215,-0.16847500000000004,110671.25952505216,63384.5
1786651137896,99990.78128039668,-0.17847500000000005,111305.11466789668,63394.5
1786651142958,99990.78144046123,-0.17847500000000005,111305.11482796124,63394.5
1786651148160,99989.5323247166,-0.17847500000000005,111305.1150372166,63401.5
1786651153485,99989.53256271093,-0.17847500000000005,111305.11527521093,63401.5
1786651158856,99990.06819298376,-0.17847500000000005,111305.11548048376,63398.5
1786651164232,99990.06839047477,-0.17847500000000005,111305.11567797477,63398.5
1786651169600,99990.24706610903,-0.17847500000000005,111305.11587860904,63397.5
1786651174978,99990.2473048573,-0.17847500000000005,111305.1161173573,63397.5
1786651180294,99990.24750274037,-0.17847500000000005,111305.11631524038,63397.5
1786651185384,99990.60466072251,-0.17847500000000005,111305.11652322252,63395.5
1786651190743,99990.60486241023,-0.17847500000000005,111305.11672491023,63395.5
1786651196126,99990.60506311353,-0.17847500000000005,111305.11692561353,63395.5
1786651201368,99990.60529234278,-0.17847500000000005,111305.11715484278,63395.5
1786651206665,99988.99922960674,-0.17847500000000005,111305.11736710674,63404.5
1786651212027,99988.28553858012,-0.17847500000000005,111305.11757608013,63408.5
1786651217407,99988.28573297679,-0.17847500000000005,111305.11777047679,63408.5
1786651222806,99988.2859350461,-0.17847500000000005,111305.1179725461,63408.5
1786651228201,99988.28617594414,-0.17847500000000005,111305.11821344415,63408.5
1786651233591,99989.71418819114,-0.17847500000000005,111305.11842569114,63400.5
1786651238976,99989.71438229695,-0.17847500000000005,111305.11861979695,63400.5
1786651244349,99989.71458139126,-0.17847500000000005,111305.11881889126,63400.5
1786651249796,99993.64126938346,-0.17847500000000005,111305.11905688346,63378.5
1786651255199,99993.64147098958,-0.17847500000000005,111305.11925848958,63378.5
1786651260619,99995.24794400315,-0.17847500000000005,111305.11945650315,63369.5
1786651265898,99993.64187518708,-0.17847500000000005,111305.11966268708,63378.5
1786651271297,99993.6421193609,-0.17847500000000005,111305.1199068609,63378.5
1786651276590,99993.46384359153,-0.17847500000000005,111305.12010609153,63379.5
1786651281905,99993.46405115034,-0.17847500000000005,111305.12031365035,63379.5
1786651287292,99993.464253761,-0.17847500000000005,111305.12051626101,63379.5
1786651292820,99993.46445837502,-0.17847500000000005,111305.12072087503,63379.5
1786651298284,99993.46469900955,-0.17847500000000005,111305.12096150956,63379.5
1786651303541,99993.4649024923,-0.17847500000000005,111305.1211649923,63379.5
1786651309135,99993.46510051492,-0.17847500000000005,111305.12136301493,63379.5
1786651314365,99993.46530368352,-0.17847500000000005,111305.12156618353,63379.5
1786651319864,99994.8933444847,-0.17847500000000005,111305.12180698471,63371.5
1786651324894,99996.49982015669,-0.17847500000000005,111305.1220076567,63362.5
1786651330277,99997.57087072468,-0.17847500000000005,111305.12220822468,63356.5
1786651335670,99997.57107132807,-0.17847500000000005,111305.12240882807,63356.5
1786651341060,99997.57131512825,-0.17847500000000005,111305.12265262826,63356.5
1786651346493,99997.57151521494,-0.17847500000000005,111305.12285271494,63356.5
1786651351879,99997.57171313923,-0.17847500000000005,111305.12305063923,63356.5
1786651357250,99997.57195116194,-0.17847500000000005,111305.12328866194,63356.5
1786651362665,99997.57215007053,-0.17847500000000005,111305.12348757053,63356.5
1786651367982,99995.43065074633,-0.17847500000000005,111305.12368824634,63368.5
1786651373354,99995.43085434812,-0.17847500000000005,111305.12389184812,63368.5
1786651378783,99995.07414491085,-0.17847500000000005,111305.12413241086,63370.5
1786651384109,99993.82501779258,-0.17847500000000005,111305.12433029259,63377.5
1786651389509,99993.82521477796,-0.17847500000000005,111305.12452727796,63377.5
1786651394750,99993.8254154204,-0.17847500000000005,111305.12472792041,63377.5
1786651399885,99993.82561551333,-0.17847500000000005,111305.12492801333,63377.5
1786651405342,99993.82585814662,-0.17847500000000005,111305.12517064663,63377.5
1786651410816,99993.82606024282,-0.17847500000000005,111305.12537274283,63377.5
1786651416285,99995.7894910259,-0.17847500000000005,111305.12557852591,63366.5
1786651421687,99995.78972886667,-0.17847500000000005,111305.12581636668,63366.5
1786651427072,99995.78992806097,-0.17847500000000005,111305.12601556098,63366.5
1786651432083,99997.57487701715,-0.17847500000000005,111305.12621451715,63356.5
1786651437181,99994.18405069041,-0.17847500000000005,111305.12641319042,63375.5
1786651442522,99993.11340441734,-0.17847500000000005,111305.12661691735,63381.5
1786651448045,99992.7566538929,-0.17847500000000005,111305.12681639289,63383.5
1786651453554,99992.7568944777,-0.17847500000000005,111305.12705697771,63383.5
1786651458918,99992.7570926719,-0.17847500000000005,111305.12725517192,63383.5
1786651464266,99992.75729231923,-0.17847500000000005,111305.12745481923,63383.5
1786651469689,99992.75753085894,-0.17847500000000005,111305.12769335894,63383.5
1786651475132,99992.75772920865,-0.17847500000000005,111305.12789170865,63383.5
1786651480573,99991.33013220364,-0.17847500000000005,111305.12809470364,63391.5
1786651485814,99989.31709530325,-0.18347500000000005,111622.09078280325,63402.5
1786651490850,99989.31729848697,-0.18347500000000005,111622.09098598697,63402.5
1786651496378,99990.96877812542,-0.18347500000000005,111622.09119062542,63393.5
1786651501778,99990.96898825398,-0.18347500000000005,111622.09140075398,63393.5
1786651507139,99990.9692370355,-0.18347500000000005,111622.0916495355,63393.5
1786651512508,99990.78597115094,-0.18347500000000005,111622.09185865094,63394.5
1786651517875,99985.83235415608,-0.18347500000000005,111622.09206665609,63421.5
1786651523217,99985.46561024229,-0.18347500000000005,111622.09227274229,63423.5
1786651528606,99983.99805425222,-0.18347500000000005,111622.09251675222,63431.5
1786651534013,99985.46605979906,-0.18347500000000005,111622.09272229906,63423.5
1786651539399,99985.46626614481,-0.18347500000000005,111622.09292864481,63423.5
1786651544845,99987.11774671069,-0.18347500000000005,111622.09313421069,63414.5
1786651549887,99987.117953677,-0.18347500000000005,111622.09334117701,63414.5
1786651555276,99987.11820106288,-0.18347500000000005,111622.09358856289,63414.5
1786651560887,99987.11840703597,-0.18347500000000005,111622.09379453598,63414.5
1786651565915,99987.11860957483,-0.18347500000000005,111622.09399707483,63414.5
